target,ra,dec,nobs,nnights,span,med_err,rms,P1,p1,K1,FAP1,rms_before1,rms_after1,P2,p2,K2,FAP2,rms_before2,rms_after2,P3,p3,K3,FAP3,rms_before3,rms_after3
BD+062168,141.107518,5.76544,27,26,370.9927972001024,2.104251,8.310849721538473,16.27161391228519,0.6173636742650803,7.884021274420968,0.0094770246899662,6.808686314512139,4.211690264604001,9.092960715688784,0.4919506725635159,4.376499228849909,0.1937530204381274,4.211690264604001,3.001990857505868,1.2731393177766035,0.4676249899028613,3.0655093949516345,0.3025479038294071,3.001990857505868,2.190373597472592
BD+101799,126.613981,10.0786,136,128,189.63835459994152,2.176251,4.846744219300424,15.293415693543682,0.0957477298948463,1.696618337743511,0.3079257809994227,3.874506138239179,3.684352351884286,13.07850721378908,0.0881468911197332,1.572188766785998,0.461445313519483,3.684352351884286,3.5182249058433346,3.7626657658718585,0.0775066872751489,1.4253443348962556,0.7199257733540176,3.5182249058433346,3.3791324272509544
BD+20594,53.6471265,20.59913,28,15,311.0976967988536,1.8120947507685428,3.672657895718373,17.093280043893046,0.5631987680648621,4.047921657356338,0.9621841701475834,3.001755143949862,1.9838881841236176,2.4004451913491778,0.6009549879376123,2.422010517989428,0.8630041704109888,1.9838881841236176,1.2532223575048562,4.0719593821839455,0.5289872302447304,1.545838166607286,0.9930697990221836,1.2532223575048564,0.8600911419674159
BD-022880,141.4746335,-3.305855,40,40,1319.2898527998475,2.8655475,11103.976130665624,14.773682562148348,0.894592198408886,15139.965675689296,0.0,11196.16802798045,3635.011468684886,7.3868412810741715,0.8596007528694769,5227.97840447374,5.854206008848449e-13,3635.011468684887,1362.0347089206243,4.924560854049448,0.6857003475913147,1641.0763610698484,1.1807862125845503e-06,1362.0347089206246,763.5898118783225
BD-114672,278.36966,-11.63613,47,44,5775.311863500159,1.5253180000000002,8.242901151633943,1650.0891038571883,0.8483493912478609,13.554417231057467,6.410427744185654e-13,8.398740060957229,3.270666172129638,1.6778942078733758,0.368646317726078,3.3499128152702387,0.5209471808128744,3.2706661721296384,2.598798324090493,100.26583096354445,0.3429177915036144,2.4657608481448694,0.7988645933807135,2.598798324090489,2.106601708680063
BD-122361,122.449817,-12.903325,26,21,4844.849135500379,1.799606,100.41944225342718,2691.5828530557665,0.9691484444863656,261.00896778687417,3.97573229893311e-09,82.91644694986145,14.563951256861332,302.8030709687738,0.7369834866836552,25.387643664013417,0.1050000417509718,14.563951256861332,7.469142150316225,1.37290632647578,0.6502455538823464,11.321380264579938,0.6620231203572957,7.469142150316226,4.417253737785027
BD-132130,114.28866,-13.90648,61,59,5906.891947200056,1.7548220000000003,89.7425907303317,694.9284643764771,0.8780190634186854,126.25020719308554,0.0,80.74486451821319,28.200765156581312,984.4819912000092,0.3592631421687391,25.15709471367306,0.0349881842941874,28.200765156581312,22.573595860824085,1.4187663801700665,0.3389038978831927,20.844995043579367,0.0795342140424384,22.573595860824085,18.35409789760588
BD-136424,353.130138,-12.26299,30,15,317.0525533393957,2.362087046401278,126.34217885184144,5.651560665586375,0.6233332308239692,144.21147351057834,0.7709668954301436,131.1329793495456,80.48048446601216,1.5695670957395822,0.7303231760787907,98.58634716638356,0.2087542115834564,80.48048446601216,41.79385141207688,41.17565627784359,0.7268621751946263,192.53051501756784,0.2221063070504669,41.79385141207688,21.842548946978702
BD-141137,81.853921,-14.27601,102,88,343.06473690038547,1.4954415,4.597072617524993,1.0634368781785044,0.4726003238783852,4.386021352577767,7.30953297889414e-10,4.562744034415019,3.313569128410619,5.19795055909675,0.4222478413536475,2.9994750391410783,3.3664516618792106e-08,3.313569128410619,2.5186442184925832,48.31897702822332,0.3531774107368757,2.0903564270900024,3.86369440219525e-06,2.5186442184925832,2.0256267008729645
BD-156276,342.0318385,-14.494245,153,77,389.0091638541781,1.360938642606179,7.768374943643648,1.7228040914711151,0.2622436365062833,4.850416229865522,0.0058396529147076,6.588680981320944,5.659198951273575,9.774099594326078,0.1666676897572895,3.3962002932875537,0.3934739366772375,5.659198951273575,5.166115033801,35.3644694412889,0.1767965346062232,3.2934414125424216,0.2737831298457857,5.166115033801,4.687245139138945
BD-17751,58.478462,-16.95402,67,46,2964.842024599668,2.248481,12304.03911922241,11.760579232842796,0.9990743655617064,16596.47911131603,0.0,10955.270478781698,333.3057886176812,11.788636280714387,0.7375072855126318,472.8322426557988,3.662303127427435e-09,333.30578861768123,170.76603050003314,11.82625458555911,0.6346228160322935,208.92904274948935,3.2214201500790907e-06,170.7660305000331,103.22198236651238
BD-194086,230.480068,-20.23151,126,59,105.84596665995196,1.2905438833658869,18.759610531247603,9.892146416817946,0.3353689512444853,15.647280283551174,0.0013836642795952,18.51391363751577,15.093450904834151,4.833149162554887,0.4303350655289165,13.56972151853301,1.994770315183469e-05,15.093450904834151,11.391955771167211,3.188131525902169,0.4748471924153979,11.413775832329646,2.129204354162084e-06,11.391955771167217,8.255457311053847
BD-202976,144.8750085,-20.98218,220,30,718.0661067999899,1.6186935,7.154801535232021,5.199609752353295,0.6867328376413387,6.131496975838219,0.000200617585999,5.100857536997685,2.854963963357585,10.946129676829116,0.5030271146233856,5.361284848199913,0.077700368725359,2.854963963357585,2.012644069800794,4.462809862026041,0.4857234280642449,3.5712168666706128,0.1185757131073433,2.012644069800794,1.4433290345076784
CD-287935,152.13977149018,-29.59932059803,46,46,1360.1786393001676,4.488117,18613.21056798735,1.1032351685458404,0.4702117702404908,17545.933828029705,0.0021823572746458,18020.170828495266,13116.261191531958,2.409101380269512,0.343357363492743,12727.833446984116,0.1798279275026156,13116.261191531958,10628.564090287056,1.1080885045215203,0.3586050806096211,8784.832429311205,0.1139959647811305,10628.564090287053,8512.112472122539
CD-3010313,196.274181,-31.43637,22,21,643.1926573002711,3.515326,16927.679066373716,10.613740219476416,0.997488912004441,22204.808696751337,0.0,16630.701541904327,833.3770485593553,5.432370416387423,0.7101857048960272,1091.6400375932942,0.0170567542733899,833.3770485593552,448.6435591635205,10.193227532492406,0.5379911558477626,662.6557890731383,0.5961225612933787,448.6435591635205,304.9485564991488
CD-301812,66.370445,-30.59941,45,17,1214.756846900098,3.527562,87.28994779332959,1.2969857430067246,0.7859553804423545,147.92904678474633,0.1101687609678137,83.53734376988729,38.64851570831576,3.383723807521165,0.8329395117469461,63.82186469179349,0.0260400431254063,38.64851570831576,15.796820847362136,5.474343609283904,0.8346769959753467,33.759036534061565,0.0244762872640394,15.79682084736213,6.422976556846573
CD-321952,70.998804,-31.907935,22,20,290.21395689994097,2.018556,15.55267640594292,100.07377824135894,0.9253760863179298,21.68905978126536,2.781137276031132e-07,14.296421838408842,3.905407583677838,1.0902102062356909,0.6439418115153219,5.2336628800953,0.0719943700778016,3.905407583677839,2.330380588976566,2.887701063681004,0.5318910777436081,2.3530945297109382,0.4870290764318227,2.330380588976566,1.594411116416494
CD-3315536,320.742063,-32.488365,30,30,1268.684645100031,3.6523395,12555.29539293709,18.413420103048345,0.8722780177044382,15866.398159193845,3.050926178360669e-09,11443.787987308651,4089.805253374955,6.140777565827836,0.2897670984873703,3106.0936476281395,0.9999996683566632,4089.805253374955,3446.69633215256,9.20003368455425,0.2296020269789906,2438.887729783292,1.0,3446.6963321525604,3025.245250063728
CD-341735,67.986005,-34.456775,20,20,289.15804259991273,2.3175365,22.630221353372747,1.0092776356017898,0.9497785068467842,29.49276475230308,1.1658979781614676e-08,19.37125674363792,4.341128163239518,36.60228387340669,0.5662510986602423,5.863602555762075,0.3031457897092879,4.341128163239519,2.85905033630628,2.532031896671741,0.6040744089787711,3.5464611899729714,0.1597144653767914,2.85905033630628,1.798989334032744
CD-348236,187.995109,-35.55524,27,26,127.87305449973792,1.4584475,4.500665991571367,16.60689019477116,0.7848513921895922,5.780243921816736,5.797515874261805e-06,4.692186799059419,2.1764292974566586,1.0270928072268108,0.402797989156828,2.367651679961251,0.3544974928814151,2.1764292974566586,1.6819194550163996,5.865736444942107,0.364248126991692,1.513893823313486,0.5821040115329335,1.6819194550163998,1.3410624993031794
CD-415929,157.868059,-42.24252,23,23,369.0283532002941,1.903972,9.226667265813564,3.77715816991089,0.8588775932931403,11.608295093936947,3.069084955842349e-06,8.826730631179219,3.3158727866067093,8.849600796170117,0.6419165523715381,4.425110960899291,0.0210906611573794,3.3158727866067097,1.9842207346958871,1.9882993168119285,0.3239274857932171,2.509200180538681,0.9998812764024674,1.9842207346958876,1.631498292484439
CD-4215773,331.8685025,-41.816155,33,32,1279.735688699875,1.9506665,6303.421748826796,14.777548368358833,0.994760718750292,8782.484500338816,0.0,6254.620094509775,452.7274128180063,7.380251953286477,0.8606559393606749,581.8685997457874,1.3304886081755283e-09,452.7274128180063,168.99778911527423,14.811755656248552,0.5388245566444673,172.54251086487926,0.0248567898385546,168.99778911527423,114.76622853931649
CD-445997,148.743947,-45.29133,22,22,699.0161051000468,5.2484850000000005,12667.722642032655,367.9032132105511,0.9992387157748964,18080.20723162461,0.0,10248.65833287895,282.7746218694262,4.259695948202602,0.5612718388296358,351.09353899271025,0.3432687989054988,282.77462186942614,187.30017634309957,1.0893191601995436,0.5771560277029519,222.55772720813,0.2604376667382444,187.3001763430995,121.79466308065926
CD-461408,66.382225,-46.21927,24,17,1032.0664659002796,8.605884,1712.0780341844804,368.5951663929572,0.9484450102038636,10054.742472298794,4.395591197914328e-06,1584.3097244304877,359.7289918027603,1.057336815797849,0.7831092921649282,494.6711744959711,0.0487558302743621,359.72899180276033,167.53128271683366,24.170174845439824,0.5222322778015748,315.15255462108456,0.999798672948768,167.53128271683366,115.79886869093563
CD-4911401,261.17441,-49.985345,32,32,4913.723390899599,1.7593785000000002,8.648851761856395,1.6112153296716396,0.7144146413357524,11.561897418336503,0.0002206518147193,9.781596892552868,5.227303671014827,8.740169674314478,0.5549402992726674,5.743192114182741,0.0843297467079038,5.227303671014827,3.487280378300365,4.558184963728756,0.4648556771959112,3.789059824373007,0.6538982611093374,3.487280378300365,2.551069717006976
CD-4911402,261.19691,-49.90228,29,29,4751.949950399809,1.990733,10.663718946442032,1.6031138082449927,0.582174754626229,11.659730294417123,0.1258460044186418,10.008812722295792,6.4696368175761,5.828467987734341,0.5249309174014767,6.666952410066155,0.4662849660281313,6.4696368175761,4.459213697362479,5.234578046265486,0.4814393602595768,4.431107929684511,0.834138963470568,4.459213697362479,3.211131272785222
CD-4911404,261.210365,-49.949315,74,74,6052.615730000194,2.1310125,60.27553684607849,738.1238695122192,0.8905906100185359,96.72964512801188,0.0,57.90658684331771,19.153813994424784,1.002536850910208,0.2766699031402521,14.898932809599511,0.0814095195790242,19.153813994424784,16.290091870313553,1.4530695083305802,0.2456422812126756,11.79631168453813,0.3034813734546679,16.290091870313553,14.148558761318178
CD-4911410,261.242535,-50.025695,23,23,3066.6963708000258,2.177242,10.027903479494118,1.4858025052325703,0.7541195655803684,13.584983181666644,0.004980921851504,8.554716816837317,4.241970304434732,2.261742289844402,0.5498105118034343,5.634688552438937,0.790435349423089,4.241970304434732,2.8461992443474045,2.0049008700313973,0.4952176675805915,3.1930324871541456,0.9903232380738104,2.846199244347404,2.0221686446774028
CD-4911415,261.22762,-49.885715,34,34,3051.617990499828,1.753075,25.036912390898383,1.1017864716394647,0.5363051790215028,24.953812997494357,0.0296047741355468,23.324094653999893,15.882575111110173,1.3660495055731348,0.3792190413756298,17.58578576977623,0.908487954195849,15.882575111110173,12.513825985529207,4.425841900652393,0.329251904676491,11.586062012045089,0.9995210936311768,12.513825985529207,10.248724893779556
CD-50714,36.775782,-50.285685,87,32,652.0756233911961,2.273788,16.24876915973766,10.016522632737264,0.8774959611667664,21.868390140676816,1.1159340118638283e-10,9.544071649404662,3.3404801438038008,5.012110863883136,0.5685115182635813,5.239812311740359,0.0050356529511753,3.340480143803801,2.194287343300995,3.9980111795904105,0.5499125052074431,3.183334310908923,0.0090732642381022,2.194287343300995,1.472115791485959
CD-535829,225.960485,-54.242345,24,20,4328.917241499759,2.2851095,659.3876387086336,3935.379310454327,0.6582291417429007,1210.3589277487313,0.748005663512946,250.1524320837385,146.24204253340872,2.059035978643342,0.3577744277293848,444.8654910379336,1.0,146.24204253340878,117.1968775883124,1.7761117800433932,0.5010526887573622,185.99790211387585,0.9999999999435556,117.1968775883124,82.78342384542144
CD-584411,182.42418,-58.91325,25,25,838.726424400229,3.719595,277.0035550150189,1.8316803328242623,0.7459303160612908,295.4524887762493,0.0004731412070693,234.76306510348903,118.33308707850932,1.2289031859344024,0.617996889499557,149.5714984532551,0.0336807226165238,118.33308707850932,73.1374213474722,1.2508969789712598,0.4686097965338499,85.2757191123142,0.666135915599092,73.1374213474722,53.31463200106551
CD-601144,80.105565,-59.89661,47,42,817.7423399016261,1.7855815000000002,11.698777472365212,1.0068238609968307,0.536469498540032,13.318765639013623,0.0003693775161925,11.482325075714993,7.817519919694813,2.304148604963725,0.4224185251109578,7.593259993965494,0.0238500687132517,7.817519919694813,5.941219861286495,2.534063650144487,0.257764708460433,4.294129172153927,0.9414937371456316,5.941219861286495,5.118543804083549
CD-611276,91.7990925,-61.9988,99,71,170.74105278635398,1.47909,4.035090765589097,10.738430992852445,0.6838217681047846,5.167612880667058,0.0,4.16015442006319,2.3392435177344546,11.69459265659958,0.137162880170494,1.2389017716936317,0.7035189222838121,2.3392435177344546,2.172900525321205,1.2656860844058848,0.1135497222233609,1.0311636687965806,0.95118347156684,2.172900525321205,2.0458181871793344
EPIC219503117,289.247494,-16.590315,32,27,331.0597488996573,4.087017,27.36530762902724,10.96224334104826,0.6375651496244048,27.62723238694714,0.0028122171289104,24.561237066559613,14.786494039245996,1.0748693146092774,0.4451459100412028,12.868973609179625,0.3143680518094138,14.786494039245996,11.01424184828417,1.731484042362225,0.3934306240402112,9.084720033669344,0.6510289856080789,11.01424184828417,8.578173945401316
GJ1,1.390207,-37.36911,113,110,5863.966042100452,1.2809510000000002,2.185017424871901,68.02744828422794,0.5016943635528838,2.288545300038519,6.509237593377293e-13,2.1468879162536627,1.515504643496384,44.93460568659348,0.1874503334047638,0.9717978482835686,0.1027779390556669,1.515504643496384,1.366099176704119,13.31811501726198,0.1770659803190266,0.8812425904986338,0.1904232101030419,1.3660991767041188,1.2392665791973776
GJ10,2.8203455,-15.468775,36,15,2124.135227653198,0.7165561252520732,2.8624541148517344,1.2062781689211175,0.76910471648131,4.141402150824661,0.4880916935800309,2.570406786879343,1.2351206707514075,1.3388813284924022,0.857648025709665,1.985771550902707,0.0457452803832723,1.2351206707514075,0.466005601996127,1.8200113337787645,0.8222722118503095,0.8074493525299282,0.1467676928759369,0.466005601996127,0.196457587117884
GJ1001,1.15419,-40.73797,29,23,2907.9918782003224,2.197981,35.00803396334539,2.746757228865893,0.6255937137709774,32.16354794072315,0.2267580965615337,30.599188438610256,18.72326025482067,6.745515839017214,0.6810638023485882,20.48094937588835,0.0545136165135129,18.723260254820676,10.573855721058212,3.783491905022536,0.6511983096451218,12.323611081682362,0.1229583342697142,10.57385572105821,6.244859483274539
GJ1020,11.37095,-12.88056,81,30,3681.9196618888527,0.5975611990378824,1.6878804528721263,2.2789797362520745,0.5101001023057785,1.6097284394245597,0.2915270041469679,1.4364371627252144,1.005403300966454,31.362177699223608,0.4394609619935096,1.7503807171382186,0.8627367086208657,1.005403300966454,0.7527369564236898,7.435217410922561,0.4184863600426565,0.6783813866337912,0.9593193442585904,0.7527369564236898,0.5740149342944877
GJ1021,11.44224,-47.55271,51,17,1401.1270646867342,0.5685434292311569,10.086840364897537,2.791089770292297,0.6519747725600644,16.60381962842398,0.7697157807463176,8.742973138001936,5.157800108626069,1.894438973346043,0.7548933148767377,5.6570028219353965,0.1395596981532922,5.157800108626069,2.553536589685928,1.5166995720791656,0.781349194709407,3.682626374003177,0.0690414588391025,2.5535365896859283,1.1940365633498928
GJ1031,17.0762153705042,-28.8057136798017,37,30,151.73328759986907,7.3769165,55.10497008783014,3.545170271024977,0.4447514472236224,52.22080561186373,0.0693490240093208,54.362717401515326,40.508379976345694,1.1051222694819305,0.343195807626859,35.97523472604011,0.4723354742486769,40.50837997634569,32.829391509234306,2.2379540943933485,0.4237293033985159,28.89901953112822,0.1099938268606693,32.829391509234306,24.921610336933465
GJ1044,33.302373,-21.195845,99,98,6170.037978599779,1.4983785,29.68270573666599,6170.037978599779,0.7008178397772532,32.99626961761097,0.0,23.067405400806862,12.617304814654384,1869.7084783635703,0.481093676746385,15.751160518199049,3.4792746461675956e-10,12.617304814654384,9.088894796887631,1.4679382324418977,0.2165687018528401,6.191545629099952,0.0700775454382899,9.088894796887631,8.044731159981232
GJ1056,47.095096,-60.17318,31,31,6448.26482989965,1.55099,7.302095095981459,14.045447244390449,0.539828654992638,7.370370104754177,0.2347147585025759,6.394483529860808,4.337757395185806,2.224997353403836,0.5297785018111462,4.693041914450622,0.2983036084704726,4.337757395185806,2.974517301003571,9.96794686953108,0.4871409517970687,3.4591767582758,0.6654335594653602,2.9745173010035715,2.130176112774837
GJ105A,39.0231,6.8894,233,45,1776.0401252214797,0.3829787326307086,3.367557307062625,1776.04012522148,0.711898647044205,4.209258386314815,1.4786938229427449e-08,3.1082051676177707,1.6683314123980375,1.0483679388592642,0.3904948563870797,1.4239803495138688,0.067029218878982,1.6683314123980375,1.3024798537755014,26.587427024273644,0.3546848987532904,1.2529173861919958,0.2003965304560995,1.3024798537755014,1.0463016945452697
GJ105B,39.06925,6.87636,22,22,2428.3265418997034,1.3820545000000002,4.148488296515978,4.546576562253703,0.6988623881750654,5.044595211178944,0.0482306342884639,3.790705737928649,2.0801879370595686,13.097769913159132,0.5543415322758789,2.7553467935971683,0.8143350903158089,2.0801879370595686,1.3886847138250662,1.2503612285153716,0.5217118672559831,1.9015449020221136,0.9584713689054022,1.3886847138250662,0.960391831429557
GJ1061,54.0040065,-44.515665,184,145,5573.768970400095,1.7254380000000002,4.076328622199363,6.695217982462581,0.2009720108599382,2.446115307891616,0.0008418259433893,3.858746228357963,3.4492701833463757,3.204236257775279,0.1659696196257694,2.035205868068868,0.0167928713226561,3.449270183346375,3.150055093216391,52.53316654477001,0.1254080477379327,1.6209803074805789,0.375247719756597,3.150055093216391,2.945919586258031
GJ1075,76.448585,-57.554145,35,34,2915.0736107998528,1.687459,6.399231289989366,8.422633952036563,0.5173051925987662,6.839993037503498,0.0510796005426824,6.273426359329229,4.358540821165283,1.8799649237713492,0.4370759020750211,4.508302562752395,0.4092439500795283,4.358540821165283,3.2701376825451125,3.894553922244295,0.4573444821057164,3.6727594296978014,0.2618819934106091,3.270137682545112,2.4089520186137205
GJ1079,81.5622295,-32.50488,78,78,5297.635146500077,0.7092125,1.3002419412423147,1.1625524252233044,0.2112664057729915,0.8162566320193652,0.5999652434303686,1.1635850761372395,1.0333877568953689,1.4719742001945195,0.226001895786572,0.7589987374006539,0.3688932099470206,1.0333877568953689,0.9091452214767144,1.0003087512273556,0.1983620858549646,0.8783907344927931,0.809252411294617,0.9091452214767144,0.8139962142948383
GJ108,40.64359,-50.80035,2114,81,6594.039374453481,0.7096397442178957,35.50528282230655,309.57931335462354,0.6020235967650939,53.78879829155699,4.391820240812194e-12,14.935903927889113,9.422370402893907,5.648967167354992,0.5072938475245423,9.65639928437576,1.3722242231395398e-08,9.422370402893907,6.613847326883109,1.885951085245819,0.3444730171292869,8.183973929243988,0.0007069217059162,6.613847326883109,5.354876411322406
GJ1085,87.146793,-4.09466,251,109,5527.8799105291255,0.5496278812844402,2.5150366366523507,425.2215315791632,0.4721682033776684,2.4630608838560093,2.0248691612323452e-11,2.1458340802898355,1.5589920940602275,1.0003582964818625,0.2383908656611634,1.3404749396362474,0.0039056732444454,1.5589920940602275,1.3605358342425866,1.2087553377348732,0.1668952862882484,0.818518149232975,0.3401779062294133,1.3605358342425866,1.24182323301415
GJ1089,97.82786,-51.82643,65,21,1296.6575428252108,0.7295416110583911,231.96126362841727,1296.6575428252108,0.8704971689780893,13.659924186959094,3.688388563882761e-05,9.14355092901212,3.2904441176432337,3.386413013385247,0.6650643156774098,4.454491125228048,0.1119773332757991,3.2904441176432293,1.904299395440616,2.136525857349169,0.6207981334240734,2.456841357341728,0.289037524252129,1.904299395440608,1.172655548434698
GJ1126,142.6164275,-32.101735,69,67,4548.606720400043,0.772244,1.803597375224029,22.373864832267785,0.4167283771064854,1.7679775028624394,0.000251029080866,1.801802645969874,1.3760767091974928,1.6612880644266037,0.27275724062192,1.1187215951660436,0.2089108757632725,1.3760767091974928,1.1734979823787088,51.630042229285365,0.2143850547749741,0.7552238684572724,0.9232257863459752,1.1734979823787088,1.0401290249489328
GJ1132,153.715744523088,-47.1567202161406,128,120,745.0673962999135,1.915845,5.702799464243756,338.66699831814253,0.1844976597406351,5.492101177003224,0.0054082871979395,5.702947230557244,5.15005608858547,1.628562614863199,0.1658947820789678,3.0394747640152087,0.0198626934523924,5.15005608858547,4.703513316433007,8.046084193303603,0.1607489173720673,2.5658070988437878,0.0282555003179054,4.703513316433007,4.308919027778033
GJ1135,160.292675,-36.89494,20,19,778.9510717000812,1.15885,46.09188221590375,1.311586246337903,0.6490782946988156,19.6193590065557,0.2607019755476766,16.208838085906375,9.601896040264712,1.161053915188673,0.4969733694877351,10.478644614968202,0.9889944244674268,9.60189604026471,6.810084305285495,1.3200323194375203,0.5263128618549336,8.4402435091891,0.9433122293395052,6.810084305285496,4.687035950014998
GJ1137,161.0871635,-33.577235,140,137,4936.62553000031,0.78914,16.542842437577853,144.76907712610875,0.7962512610102286,18.978686928069084,0.0,14.464688567181454,6.529148588367096,4113.854608333591,0.7741570249435732,10.831271492238196,0.0,6.529148588367096,3.1028433141728105,9.63996393282622,0.1978730805346843,2.019831312451861,0.0023597781645576,3.102843314172811,2.778954212223948
GJ115,42.67478,-44.08202,54,52,3959.169503299985,1.067911,2.140714036493524,1.2967278603759949,0.4332931074041783,1.831540762148591,0.0047539710916216,1.961056783838371,1.476282313041798,3.284527545462077,0.2877362904857223,1.0901933047570682,0.6835574552883459,1.476282313041798,1.2459190471370254,1.8358385900491456,0.2290008798559013,0.8543406369031268,0.9995528600424178,1.2459190471370256,1.0939986004786049
GJ1161,188.909525,-34.902305,22,20,135.79167970037088,1.6584035,10.943632076258805,1.2233484657691085,0.3906784416728562,9.10105510721237,0.9245313864366144,9.607439200005174,7.499475951293459,1.5771391370542511,0.5172784007936017,8.286527672547088,0.3281529718445257,7.499475951293459,5.210498588680127,5.163181737656692,0.4283596847375933,5.540804240318134,0.7866195844859749,5.210498588680126,3.939496397172059
GJ117,43.135639,-12.76914,48,23,1470.8822767920792,0.7972338163806538,28.083690590350525,6.710229364927371,0.767764875507246,30.92378210567137,0.0028839174833014,25.50083434492773,12.28905089223963,4.992811530183569,0.4747853541625303,12.70830294719736,0.9886282937485764,12.289050892239626,8.906083381222093,2.4352355576027804,0.5085906858236005,9.735124335157224,0.9144085120297932,8.906083381222091,6.243217265354643
GJ1177,206.925208,-32.42947,30,17,1063.9817347452044,0.962832,4.82451887110102,17.300516012117132,0.8145546608608164,4.068332395269832,0.0423100042047349,2.0552183643719317,0.8850461825391891,1.6021408443686247,0.611129094709839,1.1848922214772937,0.9748259955625486,0.8850461825391893,0.5519105027462373,2.7643069232143507,0.2118489015511956,0.4504587515946575,1.0,0.5519105027462373,0.4899744129744714
GJ1191,230.6534535,-10.66152,72,72,4151.675745699555,0.7583785000000001,4.4959308188343625,19.473150777202424,0.3450166039273137,4.153120117492345,0.0028919915900124,4.508952969913195,3.649142733689914,1.1041984482830811,0.29885868642318,2.709446563938873,0.0279547964091403,3.649142733689914,3.0555797964873803,1.2219436501352592,0.3083761381449544,2.4655944007801605,0.017777331256664,3.0555797964873803,2.541140126585596
GJ121,45.59929,-23.62481,73,19,2164.038882212248,6.206346788919399,2408.484675724242,373.11015210556,0.9626251925215376,3342.2010398187854,4.259889385682669e-08,1770.5969948142344,342.30181733951963,1.228032506078906,0.7529607818191149,650.136377545311,0.0585819816442735,342.30181733951963,170.1344091012404,1.4148668729730292,0.7146569453311921,303.91009772265613,0.1630264249928779,170.13440910124044,90.88156772027008
GJ1214,258.8312575,4.96108,166,57,3734.8058648002334,5.5349330000000005,66.15522437589044,1.1343718457053311,0.3124090660993212,62.73553739143647,0.1976133062120706,73.66961925499986,61.08766093350701,1.266164648879626,0.3471446017639494,48.6476728631468,0.0555948723542917,61.08766093350702,49.358504869924175,16.402309463329964,0.3644850905884482,47.05488395441451,0.0280071029471994,49.358504869924175,39.3481997826121
GJ1239,293.1251035,-35.450725,43,43,4326.009135599714,0.9058230000000002,4.47991989703874,19.844078603668414,0.646691392201617,5.334193221777716,1.1243818453188226e-05,4.248179904010367,2.5251082999589265,3.2368194056114588,0.443060280218407,2.2233074562405903,0.0620178123682114,2.5251082999589265,1.8844477721096908,1.3832605792670316,0.3653086435882975,1.750997445521885,0.5355288351509667,1.8844477721096908,1.501292784615771
GJ1246,299.157357,-31.33511,59,48,120.8562083998695,1.187379,2.6287673747110354,16.33192005403642,0.3620158776621156,2.465550277679503,0.0060668639127321,2.428287060815378,1.939567779654152,1.0917453333321545,0.4721757790644001,1.8284758191363415,9.401594383084966e-05,1.939567779654152,1.4091253199389326,1.1848647882340146,0.2507001883287073,1.0325392422480972,0.1890401941555921,1.4091253199389326,1.219768546752822
GJ1247,299.63721,-54.93754,33,33,795.8188974000514,0.964371,4.951162806509126,44.70892682022761,0.4897548422063155,4.282052756258816,0.0449890565961812,4.1787182322104055,2.9849188868589462,1.287316236493128,0.3875683591788412,2.7626063415646174,0.4778428966510449,2.9849188868589462,2.3359381740549288,3.6157151176740174,0.4293991643910828,2.4325627177199136,0.2077552448585053,2.3359381740549288,1.7645239021573411
GJ1252,306.93081,-56.46338,55,27,3004.018393232021,1.5314319489933843,4.540833424511312,28.420230777975583,0.6311432767665405,6.727751445533626,0.0503301686357514,4.134588569145876,2.511083483652589,8.478742289675472,0.545382752946007,2.905234140107076,0.4024216968168488,2.5110834836525893,1.6931058310000122,1.0834662025651085,0.3302057941622315,1.591114295150936,1.0,1.6931058310000122,1.3856539960726513
GJ126,47.815919,-46.51609,79,72,4533.655880600214,1.83562,3.4946072092621514,16.570379680556346,0.3075391835294822,2.277473079486994,0.0201913727821729,2.9108605355422297,2.422250196798508,1.0176099570390142,0.2353048496044979,1.8146019869277348,0.4325168323228809,2.422250196798508,2.118181486407853,37.283354281251775,0.2009494650149342,1.5142528781593767,0.915418042482266,2.118181486407853,1.8934345221401816
GJ128,48.19631,-1.19582,1738,37,6573.077787222806,0.5659103620682104,22.045773764671363,1.0004532331658285,0.79247209230553,29.51336818916171,7.77896836945402e-08,8.903630718250165,4.056069543738318,1.330044068640795,0.5624351603176403,4.665922560881834,0.0117978283381712,4.056069543738317,2.6830366259848977,14.166115920738813,0.5430254855014326,2.9026086035680456,0.0234865570067537,2.683036625984897,1.8137298111998528
GJ1282,349.2423,-62.00151,34,15,1964.7927838517355,0.8955792662399289,21.21362702234768,1.0056263608617744,0.7577561929180457,30.04803225780692,0.5535405003476531,19.569037807486588,9.631541804013764,2.1506050611336853,0.7783914077772542,16.357501768692924,0.3899088310946332,9.631541804013764,4.534079298373339,2.27960643212871,0.7966920262664099,7.263377004720232,0.2647761221948406,4.534079298373339,2.0444020946796466
GJ131,48.687188,-26.44652,25,25,6598.934408500325,1.860737,8.631450209460908,1.1015113855412182,0.616682853511978,10.14354405112976,0.3635561829517969,7.2547373614420465,4.491597359245561,5.542528480178338,0.6565807902007234,6.608185708254057,0.139758057336751,4.49159735924556,2.6321650006634387,1.8500474946032492,0.569012647237965,3.780455507850069,0.7675655158284418,2.6321650006634383,1.728006505476205
GJ132,48.775669,-45.66517,84,76,5129.999401800334,0.8014652193468914,2.041050266716787,84.37499016118973,0.3386733927677476,1.9308394078062927,0.0021593491234264,1.9964902376274791,1.623585593207573,1.0640061811507728,0.2873294134796064,1.2421657966108657,0.0302637729734149,1.6235855932075731,1.3706280215038265,507.9207328515184,0.3552753344114255,1.2624378893947164,0.0008762359448812,1.3706280215038265,1.1005423243764527
GJ135,49.758975,-2.842235,38,28,2138.1074944804423,0.8198624999999999,3.8062324570906014,1.0535663223023768,0.6323538838456733,4.154883718244429,0.0129467073415736,3.642085002244109,2.2083355743924904,14.899703794288806,0.500375606508581,2.3019239663673665,0.4037716245341914,2.20833557439249,1.56094242912359,6.374798731307225,0.5874900892176879,2.0902016561040946,0.0505620608368004,1.56094242912359,1.0025454706611023
GJ136,49.44866,-62.5746,68,25,1401.1203982257284,0.6165865637311122,12.561797984353728,21.48957665990379,0.5454015984263697,10.426466437343908,0.2994454211836167,8.750910375084878,5.900206179521443,9.19973997521817,0.6383166060399904,7.179790488314231,0.03174157746848,5.900206179521442,3.5483910305450013,1.3088467054887691,0.446746445635821,3.399628427651665,0.9392446481862612,3.5483910305450013,2.6393293007568905
GJ138,49.562951,-62.505205,401,138,6523.073459686711,0.6040022883498055,2.540513346836006,2836.118895515962,0.4068632314643177,2.429847697944997,5.06861219662369e-12,2.3576438892964937,1.8157482364290496,7.169000395303565,0.2217167547691202,1.195277820984418,0.0003757984506347,1.81574823642905,1.6018596858038847,10.319685903633466,0.2222342450312505,1.055339710152143,0.0003595415348813,1.6018596858038845,1.4126965358367367
GJ143,51.74886,-63.499775,58,58,4804.980829300359,0.901718,6.435794424685091,35.61883490956531,0.6102088984551419,6.637695731975712,6.896673132583686e-08,5.997891655847114,3.7446788410673024,1.005710033970396,0.4103116127888616,4.129562668318576,0.0040014926054238,3.7446788410673024,2.875582714929642,1.6121932724803247,0.3137682336316805,2.41066627910251,0.1997930795002677,2.875582714929642,2.3821070447490693
GJ146,53.75769,-48.41867,45,45,3014.7241501999088,1.48003,4.211857682935187,17.934111541938773,0.3984734034928414,3.382279389095606,0.085990834739339,3.7866190137909497,2.9368314919843783,1.026778430639252,0.2977071211977284,2.470938216166005,0.8837700290900996,2.9368314919843783,2.4611504383299896,2.51227012516659,0.2900266271984836,1.9978109402220203,0.9321206583228092,2.4611504383299896,2.073763333414017
GJ149,55.68776,-24.46634,31,30,4751.943038499914,1.359823,3.4647827970701464,1.0234198480573558,0.6546548847806815,4.98475023267535,0.0080020136495561,3.240366142375948,1.9042358826993917,2.382165148636412,0.6103858769943998,2.3577954942368256,0.035633305448988,1.904235882699391,1.1886064706534272,1.1059260469418906,0.7096991708429531,1.5037915035763525,0.0009166008824892,1.1886064706534274,0.6404160804305488
GJ150.0,55.81192,-9.76028,1117,116,4877.759780599736,0.3128246201307439,2.493094630751072,1.0036336249459348,0.3418349641832383,1.912057645316317,4.033737301956109e-07,2.1043229192018704,1.7071818660424591,1.7638532511028198,0.2123946860778851,1.158974379291843,0.0085387640027686,1.7071818660424591,1.5150749153184002,1.2946940359919674,0.195476275829155,0.9531059615686226,0.0275099883919683,1.5150749153184002,1.3589501796773131
GJ159,60.654,-0.26914,83,37,4088.8212842857465,1.5645841878670423,48.18951251084411,1.1058938372016724,0.5242076465198251,57.57418772911056,0.027801127476756,45.54055474569108,31.41282867466318,4.316745443713835,0.4207310955852669,32.808727668528675,0.4816292138163077,31.41282867466318,23.908215052735112,1.098318814947283,0.4426604784847709,28.35191022434116,0.2983669086831514,23.90821505273511,17.848719885349322
GJ162.2,62.1485165,-59.5279,22,17,6603.989388199989,1.71761,9.154597882492562,30.210381464775782,0.8321101797813354,14.31519151995792,0.1374584340882,10.066764749298402,4.124792459131975,13.938348223300942,0.8103231518075421,5.568783684184997,0.2647096664366348,4.124792459131975,1.7964257181870482,1.201577370899363,0.8050853671405436,2.2896468102350678,0.3037784152735596,1.7964257181870482,0.7931064575053955
GJ163,62.322676,-53.37255,207,201,6629.915936599951,1.521481,6.077763018367551,8.63045552798744,0.4696320886674517,5.878489894389704,0.0,6.124780688228358,4.460455002458622,631.4205653904716,0.3002867894610083,3.2449495674754627,4.415690035841635e-12,4.460455002458622,3.7311198473109872,25.627815758020688,0.2977296326220329,2.915952571076963,5.887623721889668e-12,3.731119847310988,3.1267371306879324
GJ17,5.031272,-64.87196,3671,342,6629.878687730059,0.3011152627999269,1.510341071844499,933.785730666205,0.218354849621994,0.8202027171925486,0.0,1.385853435655,1.2252426943819212,1.0651434174747856,0.1016806640327328,0.5728318445509923,9.429647205227988e-05,1.2252426943819212,1.1612814681319834,31.95122259147016,0.0856033553709741,0.5081439752041232,0.0018715970403005,1.1612814681319834,1.1104648276147824
GJ177,71.901482,-16.93305,135,42,1962.679462366272,0.4472812516156118,13.795943523964638,34.432973023969694,0.6270323917556563,18.61904677754208,2.336259183710609e-05,13.814736382527617,8.436807882418893,4.594287131007191,0.3101154325892984,7.003311366686458,0.870319405489288,8.436807882418893,7.007552735406792,1.0253262262910208,0.3927491623955016,7.359700756563137,0.1752927258897121,7.007552735406791,5.460726631609974
GJ178,72.4600454404,6.9612745261,56,22,2163.040918564424,1.4139613746638424,15.006880835894906,1.8818870006650632,0.8004654017097349,17.288114714808813,0.0010833887873955,10.774015634646116,4.812676908291766,1.5109254809754284,0.5370657347909754,5.316519237559607,0.8790324227571487,4.812676908291766,3.274510373760182,23.109411523124184,0.6271071521462331,3.877792245587498,0.2602177862290356,3.274510373760182,1.999578218993343
GJ179,73.026178,6.47602,23,19,1547.8450796003451,11.994922,68.6724717088314,1.4288240372937746,0.5305998031977556,103.60826692463512,0.9951576862793328,76.1552907882395,52.176112075625326,10.325851098067686,0.4925219452325188,51.655819699951,0.9999309677680512,52.17611207562545,37.168954695505775,1.93941245407887,0.8301870482052823,46.08684562062442,0.0025921022868834,37.16895469550588,15.316719294576792
GJ180,73.45994,-17.774855,85,55,2907.2202809997834,1.173285,3.6227906453605,17.12143863957471,0.6607470543178154,4.454790822581298,5.326033281072284e-09,3.479718628050701,2.0267768808502917,1.031953812650783,0.3960245089032247,2.2060638042148786,0.0096982774165917,2.026776880850292,1.5751270851872912,1.447818865039734,0.2296500823199907,1.0900065347313448,0.9860755821648468,1.5751270851872912,1.3824824274511422
GJ182,74.8951565,1.783555,29,17,3317.1086935233325,1.9850753746793284,212.2072490015443,1.1212130111621872,0.8341802344767812,421.9210672824576,0.0666141529941037,204.16711874611417,83.1388375836679,1.0403678000010446,0.8416081513058934,235.3158724314162,0.0510160767547689,83.1388375836679,33.08798816742459,3.301591214813706,0.7804364124898051,52.66785721664098,0.3103334674657305,33.08798816742459,15.50424136656256
GJ183,75.20513,-5.756285,138,41,4700.936038904823,0.5227931615685975,1.5134956306047382,5.3866575442933655,0.4827085553427319,1.3215334675323835,0.0325211569457017,1.203611844668827,0.8656734556693908,17.308306476085495,0.3714393593839157,0.8244290427538267,0.6679686924981727,0.8656734556693908,0.6863216394462252,2.863456197176598,0.322285672571997,0.5697163399670249,0.9861139647249324,0.6863216394462252,0.5650033538412941
GJ187,75.70523,-49.15145,38,18,1988.3423144374972,1.875673438796352,54.39155956268638,1.0405266180530113,0.7230154094115512,69.72122320978161,0.2200986376782673,53.253461665600085,28.026937701998943,1.4752502703943455,0.7622151428932684,37.798804468662304,0.0818738714189364,28.026937701998943,13.666828512061851,2.066239545295125,0.7455862049539719,17.53435477155026,0.1281239999888891,13.666828512061857,6.893472910103846
GJ189.2,77.184415,-4.454825,38,18,1820.9438981818969,1.0318596263389324,4.073136945798063,16.25842766233835,0.6394146569718832,4.406502757742891,0.7637896905918198,3.28523173867155,1.972740881949548,3.0486253108687342,0.7400249246524554,2.2986262521518945,0.1359103175001133,1.972740881949548,1.0058562089891792,1.799351678045351,0.7431748546649872,1.345273538292687,0.1255237333744019,1.005856208989179,0.509746992667281
GJ19,6.461885,-77.25248,2877,34,1837.9531455840915,0.3633710950302361,3.8133475135070896,1.0330222266097635,0.3885635387291118,2.9156267941563376,0.6823512117125191,1.0465136675991424,0.8183151116090851,1.454882565965401,0.416325129131324,0.799249317336992,0.4351006085305148,0.8183151116090851,0.6251814294554677,1.1104115185984118,0.2949995961424484,0.662812548880022,0.999940478089454,0.6251814294554677,0.5249292246260304
GJ191,77.964414,-45.04703,378,217,6592.025330086704,1.0156402985407562,2.226621346371361,1.0073696216398278,0.2079077642732601,1.44283680616114,1.227953553284422e-07,2.113790186659456,1.881264045885589,54.705604399059794,0.2027378424819973,1.299498601945836,2.447221109092013e-07,1.881264045885589,1.6797719729108571,544.7954818253476,0.1684726360321532,1.1166000222389,2.1176810123701983e-05,1.6797719729108571,1.5317525201973792
GJ2030,50.82417,-7.79341,48,21,3259.0334097002637,0.5615085326692593,3.976397865858558,1.3086385358577988,0.7885827970595924,1.9138467782411412,0.0059613757824874,1.6340005850879695,0.7513155353206996,6.70583006111165,0.7855961469964464,1.1421967967739983,0.0067137711844696,0.7513155353206994,0.3478873698900799,9.411011867456718,0.7084297121139459,0.5698979132291486,0.0877958086756509,0.34788736989008,0.1878496086956614
GJ204,82.1065,-3.50213,285,110,4488.783066799864,0.7233235,2.945163953017736,24.1073204446824,0.3559685833126532,2.111767359158021,4.165276826784137e-07,2.538135754793496,2.036893741256534,2805.4894167499147,0.267719880849434,4.890260226610471,0.000352778820048,2.0368937412565336,1.7430385627689646,1.5998799111807618,0.2611093983829524,1.271535811284551,0.0005654035401528,1.7430385627689644,1.498294091012355
GJ2046,88.51851,-60.02445,478,260,5639.7227063002065,0.7371585,3.279562241044915,9.624100181399672,0.35947330279935347,2.5151060488750856,0.0,2.984004833970062,2.38818595702899,20.41898155792979,0.30026100884494394,1.8824663541742543,0.0,2.3881859570289903,1.997727175947995,4.3113849906736545,0.40915645225285263,1.8680017602449246,0.0,1.997727175947995,1.5355799260907932
GJ2049,95.474834,-22.7215,57,55,3732.8450767998584,1.459083,8.138535251570673,1.3064239235641546,0.48928655443384095,5.425489389719617,0.00018893378863493737,5.719211638135101,4.0871898740615915,1.0125990334201005,0.3987069258880548,5.216048509303574,0.011133842552867979,4.0871898740615915,3.1693333054379025,14.925410143142177,0.43763542286234286,3.2919731259405403,0.002098511355495325,3.169333305437902,2.376713828396771
GJ205,82.864285,-3.681565,102,74,1400.0805719997734,0.893826,4.991666951395694,36.08455082473644,0.5239668889821217,4.265993775613494,7.2966324093926005e-09,4.27719982084243,2.951060552037723,45.75426705881614,0.24424751914619489,2.581697594363763,0.07454216405062619,2.951060552037723,2.5654757360346583,1.0230767789548951,0.3221328617360114,2.376622784099567,0.0017199054124151791,2.5654757360346583,2.112225113184509
GJ2066,124.030939,1.30239,112,108,4491.770488899667,0.9907535000000001,1.721972586517316,1.0376719312725915,0.2714949324016569,1.3812412907327634,0.0003694124722357639,1.7389951132879329,1.4842759486538641,1.0154106358847244,0.2166430333825435,1.0947476621378722,0.01541244008470044,1.484275948653864,1.31369487367668,15.10854520316067,0.18047322036045454,0.8138988923715204,0.14682473473443214,1.3136948736766803,1.1892579957118063
GJ208,84.12756,11.32559,22,16,3976.0298156049103,1.674398,16.152007856253498,20.77340551517718,0.7724193510350017,24.817948353258878,0.6858327374258579,9.810430439317335,4.680106419878281,3.8382371035861693,0.7367508518617806,6.539292369915509,0.9241704712405622,4.680106419878281,2.4012601619000944,2.362325361300525,0.7773010395812483,3.8250171352547873,0.6421514667252148,2.401260161900095,1.1331784601074213
GJ2126,257.362127,-35.39121,114,110,6195.050800700206,1.8798050000000002,17.28322418550614,274.11729206638086,0.5167645276044018,15.99962336387197,0.0,15.362817144842998,10.679483884568496,1.004613693234555,0.27902981136633337,8.932966576185445,0.00021507163902423354,10.679483884568496,9.067945858597689,78.2203383926794,0.16783121624073088,5.307189580728971,0.33031312815209657,9.067945858597689,8.272078149601036
GJ2127,258.99032,-44.24487,21,21,5176.88306020014,1.833181,10.491434882215588,1.4414264402617687,0.6272078550048007,9.144122118932403,0.8550034846822394,7.305493971593374,4.460494037602548,1.6371661428165278,0.41110455281741043,4.768126073890171,1.0,4.4604940376025475,3.4229618718706782,4.05235464594923,0.39580411367274904,3.9860563590272724,1.0,3.4229618718706782,2.6606695760329853
GJ213,85.545974,12.48136,128,125,4676.143567099702,1.340991,2.6721871246901787,80.62316494999487,0.18493358221301198,1.4861125766832644,0.021707756059905048,2.2915721505875983,2.068854915361689,3597.0335131536167,0.16661024882781592,2.4712170714325326,0.07993181561435891,2.068854915361689,1.8886614381870266,38.01742737479433,0.12389042024204723,0.9623224934076082,0.8122289001389451,1.8886614381870266,1.7678008067121147
GJ214,85.475925,-15.628715,30,23,3339.8623322998174,0.6393184997341426,0.8161093180888788,22.766614398771747,0.5627933764234736,1.1720586685452812,0.7244090470048028,0.8957345988485221,0.5922740654006128,1.7335525445343172,0.6895333331929835,0.8410971057267554,0.04863561096973967,0.5922740654006128,0.3300123599229933,5.0711544675065525,0.7292298760764319,0.4040804806369077,0.013500508615247764,0.3300123599229933,0.17172383457923937
GJ219.0,86.821754,-51.06697,6158,178,5982.697838180233,8.885237173228088,283.54984583078163,92.75500524310438,0.42981578040752816,247.88638215456336,0.0,207.57541201463815,156.7413220084876,1.0000832199157887,0.3713788189576464,332.8207854919523,0.0,156.7413220084876,124.27335139961279,12.376288453000067,0.25025498594830137,90.59177836873928,9.054017113818702e-08,124.2733513996128,107.60558271885328
GJ221,88.251935,-5.99577,120,119,2970.816561799962,1.394278,7.15877542068905,125.35090978058918,0.6619412364727364,7.9892047069487395,0.0,6.719865646178896,3.9071194549324195,3.872789156302911,0.3207536831947893,3.2832577573399,6.520732539483376e-07,3.9071194549324195,3.2201072409196754,1.0260470269392705,0.22262144638393608,2.053374324862312,0.0015267484686238841,3.2201072409196754,2.839138722644593
GJ223.3,88.5465265,-50.3614,86,51,5639.720006997697,0.604326,3.118359626715157,3.6411130524873787,0.39586782370342505,2.3238820516260925,0.05080918239076704,2.5644172493454986,1.993217414922647,159.31412449146046,0.3380170965447103,1.7220451426620542,0.3476925860698691,1.9932174149226474,1.6217281664550907,2.0869301387646906,0.4860506357123268,1.6883978668100255,0.0012649456835108763,1.6217281664550907,1.1626211688668735
GJ224,89.014502,13.92147,88,43,2199.944324969314,0.5383213335826652,2.872950051088219,1.0231347432654232,0.7942541553797946,4.797251710575514,1.9749868407359372e-10,2.8970025449963495,1.3140576322273922,1.1421162521904855,0.35369051552661496,1.2513968557841038,0.4232454422506383,1.3140576322273922,1.0564152881486437,1.0493414380965003,0.380872219507674,1.2999785318522417,0.2159254907112229,1.0564152881486437,0.8312369176461456
GJ225,89.10176,-14.16729,36,15,1395.146574805025,1.5096814138834893,9.7156051454946,3.449917346204316,0.8184103017847243,14.752125027718893,0.11068544340214892,9.060470292592237,3.8609692633005817,1.0470143150506757,0.8817878053665585,8.069102520667105,0.01100367477639086,3.8609692633005817,1.327478464457424,1.2428922715412254,0.7591015845600424,2.348694764206523,0.42605548340261856,1.3274784644574242,0.6515450595027975
GJ225.1,89.983561,-37.055705,105,76,5174.84857250005,0.972804,1.651144289863759,6.213049072517769,0.29232672619755234,1.1765682837498679,0.023858426685070322,1.4884908955078495,1.252167938883204,22.114737489316454,0.24731239537107977,0.9462117987859021,0.19393995983771173,1.2521679388832039,1.086350482871948,2.2198217967141605,0.21234197386895534,0.7580526296176997,0.660758899106818,1.0863504828719477,0.9641371406011305
GJ243,101.219821,-27.33959,32,17,2237.874273910187,0.6630200249728458,1.4676644624714001,1.0725493764247243,0.6582599139462354,1.541311365514874,0.8755417743052935,1.1859179776798512,0.6932703314168285,2.9082186795454024,0.728029954881964,0.767409992620612,0.37632646228150834,0.6932703314168285,0.36154565911267356,1.0242456285917831,0.6266038759993983,0.7789699182849906,0.9754632194886135,0.36154565911267356,0.22092662300485452
GJ245.1,101.34787,-31.794165,52,23,1950.7647742270492,0.7718812921053166,14.841816749337115,1.007054243057688,0.8700820230052153,6.704333518059243,7.410099680749127e-06,3.5074771365953765,1.2642398440342986,2.048477133494747,0.6095221868641357,1.8736798653131908,0.22673649418641217,1.2642398440342988,0.7900010246853124,8.294067917632006,0.5617685346344615,0.9386678732193049,0.5367788955204718,0.7900010246853126,0.5229731991346166
GJ253,103.715207,-55.26055,227,224,5017.195311100222,0.8886715000000001,3.756045986188291,14.073479133520966,0.601423102087764,4.061112152242116,0.0,3.7401662769310895,2.36127718806842,95.93107669407694,0.5162393014308899,2.354153524936963,0.0,2.36127718806842,1.6423369459036405,38.983646550895294,0.11968237963854714,0.7930128686314872,0.004339463979553981,1.6423369459036405,1.5409266285876622
GJ260,104.995667,-61.33532,93,38,2208.985621516593,0.8152094770399934,16.350847979108988,1.5588071565285382,0.5243344420459668,18.741164092045832,0.010403742158412888,16.26411415327543,11.217117440598262,1.1625016427305501,0.37225301828256663,9.431608736610945,0.6384952419619461,11.217117440598262,8.887376595968014,1.1507530847658842,0.37095738299231673,9.179661654118684,0.6510053444718847,8.887376595968014,7.048774516715819
GJ268.2,108.278571,-63.34381,26,26,6559.0389505000785,1.3839074999999998,4.153551203337475,1.3837342989599535,0.6178227372914763,4.988250724463605,0.23623987905842747,3.6137040613423728,2.2340094542775524,2.1706453157163437,0.5457416163217077,3.0758519901154866,0.8086961089966072,2.234009454277552,1.505693176948905,1987.587560757599,0.586087225650296,2.0319613246147616,0.4635490413331187,1.5056931769489048,0.9687035636015692
GJ273,111.853935,5.210555,318,263,4675.128152000252,0.858793,2.652889464288964,417.4221564285942,0.2926589334239841,2.193053440206061,0.0,2.5750802203063885,2.165734423046313,18.64829737535004,0.16987124910677115,1.2605587357534271,1.735647258138684e-07,2.165734423046313,1.9732309886521444,742.083833650834,0.16626802270122007,1.2877007658778892,3.034667207524322e-07,1.9732309886521444,1.801736002244356
GJ275,111.855605,-51.40373,531,164,5300.610793899745,0.6379524999999999,1.1693012526651492,1.0083724829547127,0.21637661777470032,0.7038339055714271,2.0219755874184564e-05,1.066927515223183,0.9444709588126623,1.8419608694095084,0.15345060135620475,0.5367132531878369,0.009344684624600696,0.9444709588126623,0.8689899649535413,1.1854742007692936,0.12630702535400418,0.4452374420097004,0.10900692335546369,0.8689899649535413,0.8122583471624631
GJ279,113.51619,-22.29576,195,74,1948.7742805788293,0.7888337339721155,31.116049443663893,573.168906052597,0.6516541998901194,34.63413074008275,2.162714451969805e-13,28.840739340209417,17.022042825900986,205.1341347977716,0.7054595597992794,22.18783092024396,0.0,17.022042825900986,9.238131599786335,649.5914268596099,0.41576751430427983,10.842056638759587,1.318313701703655e-05,9.238131599786334,7.061175334884698
GJ288,116.39535,-34.17069,1693,23,1584.5894977906719,0.24833183370135622,1102.9519863011535,586.8849991817306,0.9995273298109915,398.1687488768712,0.0,119.26185015359371,2.592869437629538,1.0432480728097129,0.6250363355205458,6.455871187172819,0.13244867801884874,2.5928694376295307,1.5877248462456843,1.4047779235732916,0.5896903393545111,1.756541668804474,0.2842100986945174,1.5877248462456717,1.0170237910594324
GJ29,10.11367,-59.45425,253,129,5081.062828599941,0.6035573398578844,2.0759846370263055,1.3645565658502363,0.17433345130161698,0.9940484095660217,0.03468275347883909,1.639814863411008,1.4900373798254294,1.0410094098629228,0.18494342594772722,0.8910391999586799,0.01570623465686971,1.4900373798254294,1.3452129540884155,12.834207700429252,0.1626111484053664,0.7299834190516749,0.08111697897032466,1.3452129540884157,1.2309902926068965
GJ293.1,119.4896,-0.81449,69,68,4707.186598599888,0.755288,5.728807616110632,44.61788245118377,0.23161468114788855,0.8440334310811246,0.6898585093074974,1.1269480547605473,0.9878555120363484,1.751967618951871,0.24610297996037564,0.7099408173476516,0.47413817566922256,0.9878555120363484,0.8577277101274222,1.425513036734165,0.2833299510714682,0.7327670296260176,0.12224153319839792,0.8577277101274221,0.7261211189447986
GJ294A,119.449772,-60.3041,952,276,5644.685759549495,0.48649217902787006,1.5774409964636835,1.0757519743004835,0.08454558850871424,0.5053881791353343,0.03512307281691618,1.188168441182666,1.1368322200895187,27.046889120984652,0.08345714777270995,0.45915774710008445,0.04113110450605195,1.1368322200895187,1.0883604744503474,10.686644754921426,0.06565198744537801,0.40461199378642104,0.4341981620826293,1.0883604744503474,1.052027504711117
GJ294B,119.48071,-60.29991,30,27,673.1109571997076,1.122034,6.0789978753380245,181.9218803242453,0.568614191511069,6.7044277096273275,0.04161103658911092,1.7599907272791024,1.1559613315316153,6.102547209426178,0.5584004160632551,1.28836409779243,0.05410759943120713,1.1559613315316155,0.7681705165640729,3.913435797672718,0.5035244926942044,0.8468945277913995,0.1926175130972282,0.7681705165640729,0.5412607667953664
GJ299,122.9946905,8.759515,28,28,4161.677190599963,2.5080514999999997,40.73764458148982,23.903947102814257,0.638937885673674,57.21896814186501,0.020216809694195925,39.1927391577986,23.55030725358513,2.593430043372569,0.7026713981261511,29.572165614772118,0.001984107197566254,23.550307253585128,12.841475334412763,6.034039713788548,0.44265720043450857,12.743191375786404,0.9762353105240358,12.841475334412763,9.586854128569902
GJ3,1.3211145,-67.836135,91,87,6582.985121900216,0.90722,1.923013204253918,1.0038098691522126,0.18449297968540454,1.3131250946846467,0.7851756697410892,1.7206593360395377,1.5538487661064515,1.7831369851834362,0.19637291421348418,1.0040001515105141,0.5694061449674372,1.5538487661064515,1.3929516118460918,1.7665803783545004,0.212194930039906,0.9571013244312949,0.31123090423281274,1.3929516118460918,1.236361338239221
GJ300,123.173505,-21.551745,39,39,2322.675882300362,1.446997,5.1079702873057515,1.1190922102145806,0.4604556887974636,5.201375371680043,0.0463449897110787,5.196048962750773,3.8166891799864833,16.966222661069118,0.3377782558418624,3.764273951265906,0.8194983519919381,3.8166891799864833,3.105907461779515,5.145493757865225,0.37890427455345027,2.6863613484986497,0.427264915150825,3.1059074617795153,2.447754075103787
GJ3018,3.96868,-67.9965,25,23,1018.2089112997055,1.448168,3.853230819185624,23.90161763614331,0.6363294500154378,5.061347963049226,0.06597974627639713,3.674174708864678,2.2157148584368103,1.1879697950060728,0.5059960521734256,2.363597452379792,0.7144867869901228,2.2157148584368103,1.5573243702199833,2.849731069968388,0.6046832436831201,1.8051756007533073,0.13998533854460637,1.5573243702199837,0.9791555533136239
GJ302,124.600724,-12.63416,728,266,5581.907118599862,0.5212956529704755,3.6058349036962105,8.66890374064274,0.5326213951279358,3.8082568161308603,0.0,3.7116199759288246,2.537452477619531,31.58974034295337,0.5257097716170173,2.696114765485869,0.0,2.537452477619531,1.7475113531698079,200.78802584891588,0.365090204036566,1.446862259308627,0.0,1.7475113531698079,1.3924384907369658
GJ3053,11.2472121406296,-15.271539677775,293,113,1473.9135924750008,3.1763851039378816,11.905040394058839,96.96799950493434,0.15341937464603572,6.755490920323225,0.15491207322869993,11.229948570223836,10.332655024403866,2.908274649713895,0.1263946954351408,5.1641878297912855,0.6067219814333351,10.332655024403866,9.657607723511077,1.173965426105139,0.11716434830324807,4.6819589133530375,0.8089602346041964,9.657607723511077,9.074223933889462
GJ3082,18.644825,-53.94153,43,43,1567.9657256999053,1.566123,3.622780836611323,1.0912901765728735,0.5664334382987665,4.139269384051828,0.00013109935246025106,3.668356988392001,2.415457958941482,3.081693643278114,0.3945423251676482,2.23095003437619,0.08446295164690176,2.415457958941482,1.8794958769611478,7.6114841053393425,0.3943264835461163,1.830394567067378,0.08502627885957181,1.8794958769611478,1.462718214413209
GJ309,128.21143,-31.49957,531,153,5598.812355099712,0.547376,1.590435144375229,20.33713169306107,0.19760103581808883,0.8767989248342837,0.0004707623750087597,1.4259054687070531,1.2772794188782925,103.49006201663056,0.17380360579667486,0.8096801108463115,0.004085945957363557,1.2772794188782925,1.1609875484114123,1.6663132009225334,0.17604480584591625,0.6712366422444009,0.0033431559049038606,1.1609875484114123,1.0538513589453118
GJ3090,20.438682,-46.71528,65,51,3995.09831227595,2.2015042680959187,8.674158667270536,1.0547835865128175,0.29303549167847387,6.732778173959744,0.7466199589320424,7.867402348138021,6.615004847864318,15.08153383267628,0.35279307125034903,5.711366016092646,0.16477756192477244,6.615004847864318,5.321716632820246,8.860275698105891,0.4133787721592536,5.083332453356199,0.018602306410860248,5.321716632820245,4.075966755046589
GJ31,10.89907,-17.98565,92,27,1417.0778216682374,0.6976396369319309,14.789141109925692,1.0188207791129757,0.5295637063497415,14.158852546313664,0.2154011653694501,10.059388731259835,6.899569616227687,1.0167009769466482,0.38330210014278615,15.202812723933295,0.9957753526063676,6.899569616227687,5.418239969841885,17.135161084259227,0.2620440580203072,6.507954319990147,1.0,5.418239969841886,4.654504480595746
GJ31.3,11.187961,-22.006095,40,17,2163.0351986745372,3.4818939911006686,123.98369176724253,366.61613536856595,0.9428676152266138,158.62273579302905,1.7971613889056215e-05,117.19932482340954,28.013429890709336,14.381882969910505,0.742260679314881,44.14514276367204,0.2751441727622257,28.013429890709336,14.221867420642187,2.5501476051338594,0.6321906569950713,16.352481212785786,0.961181239124021,14.221867420642187,8.625176762215322
GJ3102,24.340381,-49.195225,33,16,315.06391763314605,1.0621658829976943,4.717169094861065,16.15712398118697,0.9614034644984798,6.752338690594275,1.0380526201947404e-06,4.610927625387332,0.9058628870343194,6.523062476876726,0.6155337676695359,1.0975309053684397,0.6378644190571936,0.9058628870343193,0.5616833728654622,3.1986184531283843,0.8357871216746111,0.8601706812478802,0.00613819770672408,0.5616833728654622,0.22761201035566936
GJ312,129.333247,-40.14741,230,151,5598.812327600084,0.6828737798804435,1.7035592362776413,1.0253108317034911,0.19863305158048952,0.9481875941277615,0.0005340667378834763,1.4735826394232443,1.3191379346648908,17.94491130641052,0.13688277014623532,0.6773802937679214,0.11355474496458984,1.3191379346648908,1.2255332615784744,2.4859303470384884,0.12925013901822094,0.612600668870763,0.20484346841588896,1.2255332615784744,1.143593845943317
GJ313,129.687482,-13.25737,36,30,5606.804705599789,1.5094254999999999,9.994862940555485,1.1700587878711555,0.4958757120595623,8.780522681695766,0.6578497176766432,7.765958369447834,5.513963271797849,1.3046362401339795,0.3935327516566459,5.054078138265094,0.9999799651545508,5.513963271797849,4.294054429396205,1.203409393573821,0.40148146495867687,4.2448117223714625,0.9998960889812695,4.294054429396205,3.3220513960008624
GJ3138,32.2978065,-16.338605,206,186,4382.960322400089,1.6302565,2.9441829731200833,5.97459149727384,0.158857590247353,1.6679890375962945,0.0006953507917204504,2.8412924283363057,2.605857717836193,1.0481789602774336,0.1613956897609355,1.5463695612262633,0.0005290104578651311,2.6058577178361935,2.386323094389287,1.2200307090884035,0.15028280000108302,1.325199214804845,0.0017402771722392352,2.386323094389287,2.19971516537369
GJ3148,34.175595,-30.9867,64,62,1403.2257751999423,2.348068,13.480479831517641,11.13671250158684,0.47929999896898784,13.484739539159484,8.469307503644607e-06,13.139802371913332,9.481621674512263,5.5463469375491785,0.5695805730668069,11.153806082091029,3.385894764562636e-08,9.481621674512265,6.220546702784104,3.7053756936887834,0.1758076886902454,3.4604288731654784,0.9942437490746412,6.220546702784105,5.647325683982394
GJ317,130.244441,-23.4521,144,106,3050.6550704999827,1.7889110000000001,28.5679079653893,693.3306978409053,0.9214303009399487,58.122606544808406,0.0,20.041493106740585,5.617688041549931,1.0002147772131094,0.5026988028186219,8.86813791367975,1.354250045437766e-12,5.61768804154993,3.961570334700849,1.021652736269251,0.2872075715491666,3.7128377636760237,0.00011451264575756959,3.961570334700849,3.3446363836479542
GJ3187,43.084069,-33.450155,74,74,5063.147756199818,0.7914985000000001,1.8480794853612694,72.33068223142602,0.5512390698657509,1.6958838597363353,4.99848129553726e-09,1.659039849489005,1.1113845048866444,372.29027619116334,0.4444107464606055,1.158701550959263,7.912912541763184e-06,1.1113845048866446,0.8284022234826353,1.2653756919500716,0.21728283795810008,0.5829988764087035,0.6606754432005901,0.8284022234826353,0.7328982489802532
GJ3200,46.827168,-13.7623,77,75,5109.978403399698,0.798787,4.712479408265804,55.54324351521414,0.32286325985764536,1.5833106988724774,0.006035136309190836,1.6636211590848722,1.3689658820525987,1.3039650922220323,0.25285446837596615,1.0944258063433248,0.1725942029570251,1.3689658820525987,1.183300985832561,1.1076862922482658,0.19901029962110053,0.7868056086537807,0.8851952040890753,1.1833009858325607,1.059031046850036
GJ3205,47.566535,5.90885,20,19,325.2149928002618,1.743774,2.849043048944687,1.7026962973835693,0.5895901576181625,3.3805547499987756,0.33474574916320543,2.785761386382264,1.784648938480355,3.534945573915888,0.6759598546942256,2.278762120053366,0.06689631899976112,1.784648938480355,1.0159029164448437,1.0905935372242177,0.5305231039579923,1.4286592812612318,0.6732579479934973,1.0159029164448437,0.6960802624413869
GJ3218,50.449915,-6.67203,46,44,834.6779793999158,1.585366,6.431264091926301,1.0472747545795673,0.5028631836449068,5.800208876440974,0.0007084717508551996,5.722788113398762,4.035019425258619,1.1326882608222488,0.3873032236685378,3.751677404815148,0.045275123674856865,4.035019425258619,3.158409428318271,1.0975384344509074,0.5070779287893237,3.2471238956434223,0.0005975762943791763,3.1584094283182713,2.217469013546089
GJ3221,50.844469,11.68505,28,28,1028.1963094002567,2.022827,17.77691071554553,2.092807468756883,0.4202360491590074,17.12012260393484,0.7728887377623292,15.364196292852858,11.698642000730487,1.0407898667883964,0.5378726465981338,14.112223108671326,0.09285059050915445,11.698642000730487,7.952730926606387,1.4811240411988718,0.5212562787204416,7.663649079771351,0.1383407667959018,7.952730926606386,5.502598613418149
GJ3222,50.897439,-40.07629,61,30,1466.8043690118939,0.6880507719126725,14.189172605474788,64.05259253327044,0.5177861273801941,6.643149413057983,0.14863502315378097,4.6507947259542295,3.2295872467712723,1.079008657504703,0.43292138995012647,2.9814324270876256,0.7051319001554763,3.2295872467712723,2.4320284693093837,1.102445974454636,0.49436616939709355,2.4943928148559222,0.25257268957680123,2.4320284693093837,1.7293652037287648
GJ3256,58.60823,-9.15747,29,29,699.1405254001729,1.821322,6.508738497823875,18.112448844564053,0.3961187172625274,4.681204110073179,0.7211425255760437,4.842875252253501,3.76338861396846,1.4189984278469099,0.46717447734886786,4.146983747625153,0.23423380247554948,3.76338861396846,2.747081704300885,4.323689087199583,0.36459003710109716,2.900825954044212,0.9105961842307041,2.747081704300885,2.189770428100745
GJ3258,59.1213,-25.1814,27,25,3427.73960860027,0.6699470000000001,1.5112552908840016,1.5692622847595423,0.593974142106923,1.4911957910488034,0.23347876648821142,1.3969426971394865,0.8901340986036387,3.2100951569584835,0.4580100982731049,0.7468663652212617,0.9960040431047253,0.8901340986036387,0.6553163980044321,7.435443836443099,0.46903168167226666,0.7143972830870328,0.9883236391384366,0.6553163980044321,0.4775131541795466
GJ327,133.572759,-5.43462,65,47,6424.62147750007,1.130505,5.471265912910607,1.0171656181723305,0.5447984190798517,5.813424985326808,0.00042654500464123224,3.7363450968591567,2.520860787465426,1.0069781786335754,0.38016094632913716,3.094098961193753,0.24348020607415677,2.520860787465426,1.9846701176351236,1.2211787640182619,0.3981958802993269,2.025200979984513,0.13936653634402474,1.9846701176351231,1.5396283839399107
GJ3293,67.1497265,-25.169585,217,214,2311.8193449005485,1.9308405,8.389195785109633,30.579620964292946,0.5235977254984062,8.483014961687037,0.0,7.7958377677314,5.380835385144688,122.96911409045464,0.5304589237665542,5.017757984103536,0.0,5.380835385144688,3.6871134562437446,40.91715654691234,0.23722019365721403,2.6526341316827846,1.0367199321237308e-09,3.6871134562437446,3.2202240935576874
GJ33,12.096685,5.27849,183,41,4476.929230777547,0.42247978043620055,1.6423701542460096,1.7394238988179134,0.4387644144832648,1.8499423276292684,0.12769460868882343,1.6413271268697844,1.2296110217817617,1.3906530086595053,0.4802190635683355,1.1749120735923844,0.03374546267926859,1.2296110217817617,0.8864983283263415,5.114152651105261,0.43988564952777415,0.9467046960571659,0.1234709390019878,0.8864983283263415,0.6634623319422118
GJ3307,70.17812,2.231665,20,20,1763.0392776001245,1.6196545,498.64590414666714,1763.0392776001243,0.954788296145827,113.46755288445614,3.076183974215496e-08,74.62487946864904,15.86752092820352,1101.899548500078,0.9091053498889852,33.00770046269859,8.209386390345408e-06,15.867520928203527,4.783857569934835,1.0212229365153649,0.6460145189844939,6.0280062448618565,0.3523813377102556,4.783857569934836,2.846236381112241
GJ3317,72.467137,-35.1083,21,21,690.0949913999066,0.737852,5.5592796600396905,11.617760797978233,0.63854940173993,5.119345704643435,0.11369182693158941,4.538792293009587,2.7287564967120277,9.638198203909315,0.6051796909129505,3.3347488724692744,0.22560965421466184,2.7287564967120277,1.7146067328846661,6.211476070206184,0.6256913013681221,2.034570721576891,0.14994300508655434,1.7146067328846661,1.0490096532266637
GJ3323,75.486802,-6.94838,157,147,4333.066787499934,1.8498040000000002,10.084386410605203,1.0250926868937615,0.1430901630437881,5.777740844554083,0.07226052858064236,9.931722218322278,9.193738109672477,1.3896051528124975,0.09895950480171685,4.138109094923219,0.9295303625522601,9.193738109672477,8.726986080964155,6.474995199491826,0.11415095275821427,4.359797394508685,0.5475108164565081,8.726986080964155,8.213800389693226
GJ334,136.687756,-8.8056,27,26,5468.040585400071,1.4344830000000002,5.6566842730314155,17.195096180503377,0.562235026624101,5.432705845638137,0.6074185315935281,4.762269587366872,3.150898994318818,1.34657585770928,0.5382655285448271,4.036106758854152,0.805352455915445,3.150898994318818,2.1410688398509596,1.3376487561524715,0.4802929640250957,2.26321556010624,0.9965456654557461,2.1410688398509596,1.543511711913767
GJ3341,78.949016,-31.29393,137,135,1455.949689600151,2.086548,3.952537144640481,14.21825868750147,0.23566663929308376,2.451083776858416,3.2949620229150156e-05,3.5159563222902324,3.0738656309733496,1.038999278955363,0.16831995496276597,1.8708940752734535,0.008282587525669904,3.07386563097335,2.803257674331109,1.0717333011410748,0.12045268067215371,1.3740071219264614,0.2774599381028434,2.803257674331109,2.6290123390362297
GJ3376,89.59006,-4.65135,61,52,2355.348685400095,0.645214,13.563821253908216,535.3065194091125,0.43635843836675736,1.9654323638815152,0.003309125751005726,1.9258254722393289,1.4458339936431974,1.027101293127549,0.3546615101063042,1.2236084270395944,0.07667766028789047,1.4458339936431979,1.1614812831352657,10.307871708534336,0.29433339815694054,0.9526022790316458,0.4788127346381563,1.1614812831352657,0.9756903224560945
GJ3389,93.4387,-23.86085,114,52,1063.0986844999716,1.2502214999999999,29.551459255452166,3.5602769072336633,0.39444439638364664,27.818587245541387,0.006258350972029869,27.49123632246279,21.392979983521094,7.291486176268669,0.31054819358663077,17.48576551238105,0.13180091201719968,21.392979983521094,17.763283278359676,3.1762733328352906,0.2732266807527809,13.718488890087722,0.3940508439329886,17.76328327835968,15.14337682745602
GJ341,140.40479,-60.28205,57,57,3331.0643806997687,1.06322,2.6683565742117863,30.14537901085762,0.3948874059674528,2.2326141265632877,0.005494243174573699,2.4040951755295175,1.870121197313848,1.0021554140316395,0.3530013053698311,1.6853053831994809,0.03194158190932783,1.8701211973138478,1.5042549700322922,1.5759400012772706,0.38460050703211013,1.2652627125456473,0.008575117859383474,1.5042549700322922,1.180048948184236
GJ3436,108.9602025,-13.04861,237,167,4170.725231145043,0.82363,2.727919073342172,2453.367783026497,0.31927481287528375,2.396007841945389,1.0184453280714933e-10,2.6004702140498006,2.145545819952769,75.01304372563034,0.1220071815608595,1.3123071792544472,0.09825596237722145,2.145545819952769,2.010403702882946,1.0740433743162976,0.10408076408875389,0.9361272924112792,0.41555196606189015,2.010403702882946,1.9029076239754243
GJ3446,112.676535,-37.33989,177,94,2767.235864075832,1.149922,17.96432832362453,1.2365324027328433,0.33390404987650146,14.199815621783959,3.883849937291739e-05,17.750750805870375,14.487222285122677,2.3933885695172377,0.2260225758025879,10.72675492785202,0.03045070145402573,14.487222285122677,12.7452767554433,1.5238922099652128,0.21752286053319,8.964981077179692,0.04903479574041725,12.7452767554433,11.274183506078924
GJ3449,113.025615,-8.880825,67,33,2650.733620674815,0.6794152309796379,2.0496028699521474,16.798058432666764,0.5075268771559471,2.285650789357225,0.08769472616275376,1.9601948512763852,1.3755947538139441,1.9530899061853932,0.47402356041324156,1.5275014137940823,0.21207845130869396,1.3755947538139441,0.9976395466363259,4.377759902022817,0.39064749677336497,0.8766651367906153,0.8664824164953002,0.997639546636326,0.7787677458993987
GJ3470,119.774059,15.39027,125,121,3409.696288399864,2.788682,20.9497868894021,3.3372773694821034,0.1393840039302758,10.725256093617126,0.43127729939167725,20.370827028644406,18.897892235544536,3.48141340453325,0.12389310731904593,9.987864740241688,0.7957694999784513,18.897892235544536,17.68853709409828,1.1467716975750397,0.13679983015498548,9.132314936663937,0.4890906408471859,17.68853709409828,16.434166219487537
GJ3473,120.592808,3.33695,32,29,295.14706930005923,3.166327,47.237250637394595,42.16386704286559,0.5053578397726166,56.6025214112656,0.04340762374397,48.55913967287443,34.15203200465723,5.5167676504683945,0.47017728801055203,35.18146762283396,0.09946133401879487,34.15203200465723,24.85889582915956,1.374695245924821,0.44388881125916857,24.485291505704648,0.17464056725458899,24.858895829159565,18.53799031544712
GJ3502,127.865245,-6.03654,28,26,1548.8414095002227,1.8473935000000004,5.9634512737488485,704.0188225001012,0.5806392924236222,10.976864890362247,0.10344273924115255,4.260350350827894,2.75892048008054,26.75028341105738,0.3214587410001399,3.2403287413010595,0.9999999996866418,2.75892048008054,2.2726225581758075,1.4309325660571162,0.22545058813412552,1.622950911832607,1.0,2.272622558175807,2.0001007718912365
GJ3519,133.7993,-54.966645,44,19,1823.0103331529535,0.9397822875066179,13.220670604049962,1.0526071558132422,0.5309856739579194,16.164869653007155,0.9980502306765998,11.638963114352912,7.970899735585299,2.1775087591411304,0.7448548938403513,10.203707907351221,0.06272908118606069,7.970899735585299,4.026252130163559,9.216432422411295,0.650113760770218,5.5224411284205255,0.499407106912117,4.026252130163559,2.3815757457669946
GJ3530,136.27185,2.834825,24,24,500.75742850033566,1.7846994999999999,27.240145774469646,10.198725631371406,0.6131727010251787,22.98771364469426,0.03679439983842758,17.4796335191474,10.871535304604532,1.4502097552862325,0.46651996906989945,11.662793394823085,0.6069790229258916,10.871535304604532,7.940538657150308,1.2441178347834436,0.42729985931288483,7.578567416981292,0.8504668070128222,7.940538657150308,6.009157808121182
GJ3535,137.2085005,-10.75717,32,28,3072.682810700033,0.9161515,7.851131974026707,3072.6828107000324,0.9072406789701971,13.874790481444835,1.2464138610113196e-09,7.163885241000062,2.181862614002398,627.0781246326599,0.5982860050813761,3.276348868003852,0.05280144396377029,2.1818626140023984,1.3828844135706706,1.022829736260455,0.5349988355458172,1.6034651507102784,0.269431163220625,1.3828844135706706,0.9430026256855834
GJ3543,139.087024,-18.62388,97,96,2330.6835333998315,1.293404,3.1349824402783755,1.1190145637602422,0.3778473855305231,2.655763146082218,7.700873360105831e-07,3.121617267278698,2.462227171781679,1.033929346730473,0.25617394099547697,2.0381965020929225,0.002846732333702806,2.462227171781679,2.123556469528852,2.468421450328143,0.1444495165712377,1.216992297047817,0.831587715863393,2.123556469528852,1.9642041972166593
GJ355,143.105251,-11.184535,40,21,4786.955034555402,2.8710930345876076,171.76332309610635,2.687337918686016,0.634126687891729,194.65855034242443,0.7849788562001805,124.77573692045024,75.47367709124734,5.194178639925564,0.617280398619032,106.81053103800542,0.8895818365897178,75.47367709124734,46.691288853280334,1.0006804428696199,0.574598900543789,148.2950062386384,0.9941160819613207,46.691288853280334,30.453356489291533
GJ357,144.009919,-21.662675,53,53,3349.9641888001934,1.241983,3.3299695673922955,1.0088126566086046,0.5007040519280131,3.8685763589402598,0.00013634669012985157,3.692107054667221,2.6088752098923367,3.929115867699031,0.38959014090856375,2.316692483343052,0.018559634619253473,2.6088752098923367,2.038281092043314,10.342587801173801,0.36240397559655,1.6518029191482297,0.05302680763812051,2.038281092043314,1.6275595061308228
GJ358,144.941235,-41.067405,38,38,3340.072697199881,1.1654360000000001,7.245322471219319,25.99278363579674,0.6545167177942822,8.843488081448312,4.7518829109471916e-05,7.146026206352848,4.200278845097196,1.0385475256366037,0.4822666082872367,4.8567312030484535,0.04502551619816941,4.200278845097195,3.0222557396691934,13.077810090837435,0.4618402533898787,2.9319365609031554,0.08510246661362919,3.0222557396691934,2.2171078320181015
GJ3591,152.775103,-82.863805,23,21,6208.9117660997435,1.71135,8.464233252629409,1.0285445061954983,0.6094773771311547,9.867701203710498,0.9652358464121149,6.549094321361602,4.0926475336361285,1.0550581600536535,0.6133520591151342,5.872852270633587,0.955020577527512,4.0926475336361285,2.5448500357006547,1.4497657473322312,0.658795028670997,3.412760770611947,0.6803510206824113,2.544850035700655,1.4865169654243122
GJ3603,157.05138,-6.60135,27,27,3338.8547968999483,0.87601,2.2385486138219597,2.2302149468305035,0.5691104061618584,2.273983711777394,0.18803411921086344,1.9803718531265195,1.2999592780885738,1.6016764832101824,0.5758626405586491,1.5482836731511698,0.1594499222336112,1.2999592780885738,0.8466092557366274,1.0104269449521686,0.502991701254666,1.1082287328646074,0.6589588006236696,0.8466092557366274,0.5968494973069102
GJ361,145.29222,13.20778,101,101,1918.800606600009,1.172528,4.085408748840337,28.897599496988104,0.45831761343748134,4.1646960596597005,2.3421042882887377e-10,4.022315152714697,2.9603867527457117,14.492451711480436,0.25878268980199304,2.2103775288016903,0.0009439689057320066,2.960386752745712,2.548714728923386,1.0908474170551505,0.19531033909162496,1.597259535955649,0.0495227821978832,2.5487147289233856,2.2863117028823656
GJ3615,160.865936,-29.06398,39,25,4532.742565781344,1.065297224964108,31.552348536201432,1.3931468421998225,0.7034904840769908,33.90750717295235,0.023522850379046,28.88940386732554,15.731056762876408,2.328065005537413,0.5387487750108323,16.978035602978807,0.8613421872803175,15.731056762876408,10.6838225076352,1.2320583217671495,0.7193738654966387,16.009421581043533,0.01363219543955807,10.6838225076352,5.659664943297433
GJ3634,164.64788,-31.143,77,68,1454.945156000089,1.888694,10.59476555962901,2.645354829091071,0.6606950023127456,5.121754644740318,1.4527268277220173e-12,4.0719582008954704,2.371911274879757,11.174693978495307,0.26580935737077804,1.7169438681898983,0.07120133278788587,2.371911274879757,2.032370404430539,2.3965494251360386,0.19130102142960478,1.2920186787112862,0.8039018932972894,2.032370404430539,1.827663797263191
GJ3643,166.432266,10.23127,21,21,1419.1340895001777,2.446384,60.65205698547969,14.30578719254212,0.540101868927611,66.54299518676609,0.8542502819005345,61.83519066376648,41.934022761365625,1.7048703622058843,0.5477956165634265,51.54428426366031,0.8114570439023383,41.93402276136562,28.199013181458735,3.050589186371836,0.49495765350038445,28.07100588816394,0.9860483312886434,28.199013181458735,20.040004172177223
GJ3648,168.00496360455,-26.13666951337,83,71,5224.827594300266,0.741972,1.5043315849228114,269.32101001547755,0.3046845974513639,1.0771603127310367,0.03184060516373588,1.3837744590642327,1.153868281710974,1.0517387161923315,0.21045420911408813,0.859266962684245,0.882989818533685,1.1538682817109744,1.02528569176696,2.6765163640695984,0.23955034757222976,0.723505599743527,0.462782401221819,1.0252856917669595,0.8940877189980608
GJ367,146.121045,-45.78148,332,154,6424.684733899776,1.017729101216844,3.5824721110912945,1.0953158643446161,0.2458778888221037,2.418301099699136,4.755347248974751e-06,3.403827370092849,2.9558906479978972,1.030075633531574,0.21199336679426822,2.042333421750468,0.00012566859564133726,2.9558906479978972,2.6239363750226827,50.82820200870079,0.22447794197296866,1.8663016816297568,3.8241482743339716e-05,2.623936375022683,2.3107362504481745
GJ3677,174.66993,-13.20046,91,39,1987.6630836492404,0.6865037157524602,75.7698296883004,1987.6630836492402,0.5418699305700555,3.322455659715498,0.002316920035369985,3.75228232890018,2.5397437890464087,1.0335186583034746,0.5018321691583887,2.592419929327109,0.010000122507385578,2.5397437890464087,1.7925766984674834,1.1149734019460606,0.385964726451144,1.6678173466079405,0.3232299551098585,1.7925766984674811,1.4046703223489427
GJ369,147.79621,-12.33221,46,46,3276.0679649999365,1.126469,2.2089498330564132,1.2503598965688085,0.3425590129668996,1.5474157622314204,0.4535908561087266,1.910980257828842,1.549475052993129,1.0047130876805395,0.2754361830753284,1.7756063138013765,0.988167073144013,1.5494750529931287,1.3189335315795445,1.158439874469567,0.24925811943027867,1.001099060552598,0.9998980817057423,1.3189335315795443,1.142794736724717
GJ3701,180.918203,-42.4348,79,23,1987.6736655230634,1.3322717930209627,65.07662910803049,1.0399046068447537,0.7804166325205556,87.2892603130278,0.001104244761551909,40.12270080714331,18.801386605942763,15.81283743455101,0.6121432051735689,29.102414272280846,0.21789205444465298,18.801386605942763,11.709155723535796,2.1174748753841084,0.7068288536174704,20.016523130719428,0.01706209488095367,11.709155723535796,6.339955279162824
GJ3708,182.801285,-19.958925,26,25,845.736984799616,1.407779,3.4254134905018767,32.28003758777159,0.5211343708651432,4.127711497175184,0.30976003318142686,2.64118279273869,1.8277016015588745,1.9256306575583233,0.43697951470255386,2.49452765030227,0.8688072007214028,1.8277016015588745,1.3714102491324438,1.1695989279485763,0.4788596665624063,1.6960464912418085,0.5940335824307961,1.3714102491324438,0.990021746033101
GJ3746,191.630175,-11.812125,40,29,3336.8403968000785,0.6739045770823945,22.3624830079882,1.2286315390110383,0.6386292759100732,2.3532146374079006,0.00989589199866292,1.9082625019729083,1.1471351813132287,26.86666986151432,0.5319997242941527,1.3877874602744773,0.22270666025623254,1.147135181313229,0.7847614369573038,8.658122461858015,0.5739187976065744,0.8806379217094871,0.07499657031181584,0.7847614369573034,0.5122522103915258
GJ3752,192.436408,1.18551,95,57,4875.700517328456,0.7410929116481906,1.3184018013121388,4.328569351321429,0.2549875399304107,0.8367082249581896,0.9011031496029369,1.1897916442814405,1.0269580007829668,1.8641561909112816,0.2545381518172829,0.6451339980502017,0.9046544117050642,1.0269580007829668,0.886676898672506,1.093721374936283,0.29323466802746806,0.6745875886671833,0.44437718390413794,0.8866768986725059,0.7454233845739565
GJ3769,198.182385,-2.264685,90,40,4414.831782199908,0.8117305,21.817223502435596,490.5368646888785,0.9894076533328512,30.33563455761848,0.0,19.96429659843753,2.054707973656783,1.027613188911109,0.4038404078037249,2.586785596578177,0.4038294753774705,2.0547079736567824,1.5864682116033675,1.4986359965375289,0.42484448406472153,1.508691805501967,0.24126409847508468,1.5864682116033675,1.203161756544579
GJ3778,200.396856683573,3.7653392496783,20,19,1804.9588170000352,1.899554,23.99369822038842,1.5326134134329925,0.37345858966145506,11.490856884307131,1.0,9.67177773891597,7.655634621809912,1.0017531451881647,0.5087240034735805,13.440840549712473,0.9998421739835482,7.655634621809909,5.36591724179495,1.4871540059323023,0.6587590567583085,7.018017882181902,0.43326158741842014,5.36591724179495,3.1345452029988925
GJ379.1,152.3808905,-35.856685,101,54,4534.728354780003,0.5657776251056472,119.0294368848812,4534.728354780003,0.6800102439927896,11.929489827574745,3.4061140574692672e-09,5.755984874959204,3.2560246320337507,37.539142009768234,0.3646505629536853,2.879275101423964,0.0654122057542954,3.256024632033749,2.595338483183559,2.7311059713201655,0.34354873117256124,2.06194387508862,0.13983695513130512,2.5953384831835575,2.102786850109442
GJ3813,208.1509068,14.4222895,21,20,1790.0779003999196,2.1398915,30.257691238243044,1.4446597533693157,0.5179263824267393,19.884115874878756,0.994623853251326,17.511790236363346,12.158702400378772,1.0445690029759696,0.3946048473465534,15.135194694729629,0.9999999999999929,12.158702400378774,9.4603389825381,3.4025430534117453,0.4353346826185852,9.992756653579292,0.9999999915264365,9.460338982538099,7.108897544080721
GJ382,153.072978,-3.74706,157,37,5525.915685251821,1.003941,5.67567440246652,1.05279600770687,0.3945324270993047,4.5981559742986295,0.8350961885452961,3.3091336017794255,2.5748963157465306,7.323943916834751,0.4140212108679481,3.529660090379359,0.6562248826367048,2.5748963157465306,1.971063854223821,11.82266941645661,0.4102235536451361,2.532032623087969,0.6939629776777292,1.9710638542238208,1.513716015857788
GJ3822,210.5843395,13.68822,68,67,1770.1344713997096,1.659836,7.425682458665298,610.3911970343829,0.5170244591779407,6.099448615132662,1.9561132769130296e-07,7.089012751824257,4.926611613798539,18.535439491096447,0.35405771822440585,4.4877519359099844,0.0018554589909496322,4.92661161379854,3.959544087353758,1.0435267767492253,0.26426850245806544,3.016648784569835,0.10600362030509713,3.9595440873537577,3.396290712545143
GJ3830,213.188493032001,-3.3200842733775,58,51,4920.647293800022,0.803794,1.6133754977768116,1.002658589493851,0.4193845642765648,1.6031656214685812,0.01808881068343149,1.503110750077223,1.1453422183323978,1.0992175346364397,0.3511586164176047,1.0267645397115426,0.20945428993978177,1.1453422183323978,0.922581072305623,1.4042542432579042,0.35582565760890594,0.7749388347680609,0.1805117882531624,0.922581072305623,0.7404679265855929
GJ3871,223.11838,12.38904,37,37,3620.0679048001766,1.914419,6.297357445351325,25.13936045000123,0.5813664167653558,8.691880487615517,0.0032153974566024868,5.513224887188209,3.567161239952624,12.869064716673224,0.5380183484015582,4.130814951573989,0.015459884790125278,3.567161239952624,2.4245721035300725,4.738308775916463,0.4616842801369415,2.5742420512619337,0.1647020512013505,2.4245721035300725,1.7789086016777005
GJ3874,223.7237255,9.942905,22,22,1395.115913100075,1.541835,3.3426977813901626,10.094905304631515,0.6565929615147915,4.137439002643847,0.08843808039706202,3.199467425865843,1.8749180455473144,2.2725458757127797,0.6325938512889352,2.368677871916425,0.1563977025465756,1.8749180455473144,1.136463518586346,1.0662763016662147,0.44721011271371514,1.1852653657927097,0.9988122701291667,1.136463518586346,0.8449588203453978
GJ388,154.896402,19.86703,134,124,6293.824979300145,1.39413,19.492586131793185,2.2290862331503973,0.8825908010390897,24.842373412037205,0.0,19.272700318780384,6.6037957264699445,1.9970886813581301,0.21448417438767878,10.406332718957092,0.0036288894110625414,6.6037957264699445,5.852899951519546,1.0006081048171935,0.20554831473636223,6.589060215339124,0.007100899168442254,5.852899951519544,5.216807909986327
GJ3896,228.176702,19.28454,73,35,1762.166766895447,0.5267945792218012,1.8112510669407649,81.9612449718813,0.3443886357274134,2.648444528680693,0.9563838732728495,1.760685171987443,1.425623820224555,4.796316730798715,0.30806435444179875,1.1718366234849709,0.9991247934270314,1.425623820224555,1.1858719464086025,2.785594003944748,0.38939185790102887,1.1133531472007183,0.659502423081586,1.1858719464086025,0.9266571708485435
GJ390,156.295395,-10.22685,48,43,3695.9676686995663,1.105572,3.2747008741379275,1.037785047649678,0.36574539453353117,2.7790929321985045,0.40247566788624123,3.05807886488216,2.4354571672922134,1.7062774888968943,0.32524430047424446,1.9677452363602657,0.8213119608171753,2.4354571672922134,2.0005701144465404,1.1786738746371026,0.3065883455075839,1.6386275990962693,0.946687400024511,2.000570114446541,1.6659015996051
GJ3915,237.01583,-58.186235,20,17,364.0190556999296,1.828653,32.906058516117525,1.1486874588195946,0.6924483073592262,3.113249729740964,0.15667481729240307,2.219406235890401,1.2308237357204561,4.561642302004129,0.6370676704006737,1.8224893828773685,0.3935409366658583,1.2308237357204568,0.7414957924484218,3.023414083886457,0.4977504305065011,0.8878778013128343,0.9842833928236302,0.7414957924484212,0.5254948662145559
GJ3918,237.54939,0.9603,30,29,443.7078101998195,2.613142,45.37899452998731,6.7638385701192005,0.5228199622197708,47.05066264079156,0.041728797009476404,43.87173275329711,30.305811750881745,1.9452337141596645,0.3724001321972091,23.71536116390602,0.7306005932302941,30.305811750881748,24.008628023812975,2.614660048319502,0.3512973343820662,21.943785961992926,0.862552250065927,24.008628023812975,19.337048398662404
GJ393,157.2289155,0.83774,181,176,4930.590314662084,0.9356365,2.256761084543503,38.55035429759254,0.2363793883131083,1.5708347460507954,4.773545094760578e-07,2.1688008125579183,1.8952150150471998,81.22883549690422,0.1579467042324476,1.1754541290218796,0.0020365470373581163,1.8952150150471998,1.7391149100946,1700.2035567800297,0.1346255422181307,1.6496047958609672,0.020853733592343326,1.7391149100946,1.6178204273947057
GJ3944,243.419165,-21.398875,34,23,2906.0744907120243,0.719417,2.2718343233359497,1.439078186942668,0.5917303138083903,2.308321831609438,0.4429179900984238,2.0531941798849305,1.3119086394974222,13.355121740404522,0.5702898761075771,1.7661796308081836,0.613818793723193,1.3119086394974224,0.859986007263532,6.173941981542434,0.5488083742961568,0.9118792624430916,0.7796366909809764,0.8599860072635321,0.5776594735545684
GJ3952,245.51497,1.02757,38,15,388.99559520278126,3.7108530709362166,379.0225036849019,1.0012756633276232,0.8918195789972602,796.9181155680296,0.0018885482784744,350.6636664820451,115.33605769537857,1.159796050097739,0.6897795380117699,181.8548946808634,0.46271875048035915,115.33605769537857,64.23922946514585,2.249829931768546,0.7056907122839197,79.81652074221404,0.3718305288702999,64.23922946514585,34.84996184231872
GJ3962,248.67275,3.299715,28,28,1799.0282418997958,2.285042,36.18830118399919,152.4600204999828,0.49267822421802226,6.8505897988092315,0.40708417710932054,5.558471257264496,3.9591058783982196,1.6285219895897503,0.5647578372488355,4.1574045003882905,0.07973563873109468,3.9591058783982183,2.6119363899632018,20.350998211536165,0.46678992674596187,2.9611178854028646,0.6132259363763042,2.611936389963202,1.9072682042871325
GJ3969,250.442825,-5.82307,35,33,1548.6677904999815,2.686108,9.986223666020022,4.067947965589655,0.29893813194837904,6.531645542362347,0.9998769626918576,8.119381524790576,6.798312467713553,3.3917384811650932,0.34935716717882354,6.595997166336835,0.9523926744597809,6.798312467713553,5.48368433670296,2.2618194691105327,0.36525717110812417,5.1258078903256585,0.8807225665807857,5.48368433670296,4.3688923987019725
GJ3970,250.695172,-37.34249,57,37,5883.83957140008,1.113184,2.5888854216458763,22.16135431789106,0.46629308017548515,2.172293126208788,0.22503739335632245,1.4823340210313567,1.0829227889519801,3.19409346474137,0.3914295003286555,1.1726074252754388,0.8754117722286756,1.0829227889519804,0.8447981247441763,24.628880583508064,0.4437336969682865,1.6280752980278868,0.39009650931868045,0.8447981247441763,0.630078002142968
GJ398.1,159.13463,-12.23192,163,46,1827.910096399486,0.6871613239617314,5.030540855958916,1.1387428958382044,0.4932983737678317,4.606154854936335,0.0011514975256279314,4.765596670243858,3.3922935977482664,24.17870497882918,0.44341511665691635,3.508638003471607,0.008242884340507795,3.392293597748266,2.5308076360099627,1.3973779500034291,0.3099364388796067,2.148478321903623,0.5304214180577808,2.5308076360099627,2.1023435349434045
GJ4001,259.59206,-1.78127,31,31,4787.861680899747,1.496748,293.480240661993,2816.389224058675,0.6552717435936324,620.2779521005369,0.004636989460645724,203.00881617155062,119.19371062904642,1.4026664559968798,0.4256296734922854,135.44219210003055,0.9711515941181111,119.19371062904644,90.33360403186761,1.4163595080167286,0.49210239563898367,101.29235194207361,0.5115022227675,90.33360403186761,64.37799099075511
GJ406,164.101038,7.00153,79,45,3265.156830199994,2.449894,37.131989277647094,2.0601658339327362,0.34753857021901513,28.264610765930932,0.4717156592858429,27.46622335987029,22.185865164615457,1.148611119780488,0.20168606198267178,14.34366293304687,0.9999999999999998,22.185865164615457,19.82271902406041,1.2962629839215505,0.22592880047185546,13.075414090823342,0.9999999966988921,19.822719024060408,17.44028909789047
GJ4100,287.660133,1.53538,135,125,2744.6871702997014,2.874044,14.994825078418621,1960.4908359283581,0.2067341282521669,10.306492579273506,0.002528701294241653,11.96268523434447,10.654622346472987,4.6183529703848265,0.1272399147300034,5.553287736002536,0.5415779218218137,10.654622346472987,9.95372180991553,5.110197673244652,0.09126776056811757,4.444711585588841,0.9998513664687743,9.95372180991553,9.488629009637005
GJ4206,324.48192993,-63.71192552,29,29,1416.9291249001399,1.496941,10.741749506906274,30.60322084017581,0.42294996899936166,5.721619226625195,0.7693804223651872,5.648214901879281,4.290599191927081,1.3759265147602835,0.38686509811408865,3.9542696395220296,0.9564141249203627,4.290599191927082,3.359664929185551,1.8611968013925386,0.37082031091507023,3.890213479801674,0.9868182806392921,3.3596649291855507,2.6649147040775003
GJ421,168.837307,-18.14619,21,18,5514.891442600172,1.5501395,4.001698605825868,1.0337966187905696,0.8323867068204855,5.86086720504488,0.048824042564521886,3.7991291729672545,1.5553863720740784,1.8076869813164322,0.8796908041939105,2.36175680266409,0.005782755716764787,1.555386372074078,0.5394953449919916,2.454226088113645,0.81221131756219,0.6847418355504893,0.09948345439921968,0.5394953449919923,0.23378810421485338
GJ423.1,169.5952745,-5.06817,90,78,4449.817085199989,0.8212595,2.6213480791077917,1.022946456367813,0.3212147628481232,2.416551177671302,0.0032046337612898768,2.5250440093165762,2.0803439585951797,1.1656669684078134,0.34121224363881036,1.74059859502187,0.00107701166962626,2.0803439585951797,1.6885265958073707,1.0317937916386455,0.27909775049065205,1.3082947170929893,0.0284756815681515,1.6885265958073705,1.4336597609234583
GJ4230,328.716041412,-77.338269172,89,50,420.9196401000954,0.9660778593854538,10.501855377054794,9.437660091930383,0.37179654623056874,3.306618826481359,0.009492675898377545,3.843733090538639,3.0465154325417543,1.1731316613715026,0.29897816241280645,2.425309064629958,0.11206721538459519,3.0465154325417543,2.5507574038364917,1.012799903994454,0.3913019341478152,3.4654092198728987,0.004606702909299654,2.5507574038364917,1.9900780827716698
GJ429.2,172.0044675,-9.184925,38,32,5459.877709900029,2.574436,19.425280637134264,56.46202388728052,0.33738444800938044,16.699855124438795,0.9999999993364435,12.583549625991065,10.24316052059011,1.088600879254317,0.3487350423951624,10.11241722747167,0.9999999457592403,10.243160520590111,8.266331812911739,11.668898717461053,0.34426048904284756,7.348123062427437,0.9999999892967019,8.266331812911739,6.693889057651868
GJ4291,340.839646,-6.40083,371,330,4671.111987715587,0.8499251622168666,2.1342158305717764,41.227819838619496,0.1589768964815914,1.1535307466057332,2.822115208189757e-09,2.082638756301799,1.909932017636842,10.865578012829936,0.13059942325068216,0.9901896867157371,6.202455709036769e-07,1.9099320176368422,1.7808521755441782,1.0001524468387268,0.12962313836645603,1.554528451257209,7.443345623192599e-07,1.7808521755441782,1.6614280549437836
GJ43,13.858384,-51.83218,22,19,6278.866669700015,2.266809,55.09716443754617,1.4872487255909828,0.751788527001371,75.12738701215099,0.3053836025309723,46.164875995383674,22.999722665337366,1.1806153601150764,0.6854099534994097,42.04192702248065,0.8526060352615294,22.999722665337366,12.90015973605476,1.0747435332066706,0.6579140169364108,16.674931018364738,0.9680152626653846,12.900159736054757,7.545060520055083
GJ4303,343.8651195,-52.30365,84,78,3048.6209819572978,2.2037825,24.628643220803234,1219.4483927829192,0.438979954954166,40.38107476893576,2.0973376719801706e-06,15.788601690595081,11.825863395290671,1.0566411278099606,0.4634798018976507,12.340187882408884,4.1100740866273355e-07,11.825863395290671,8.66215391147208,102.30271751534558,0.2680050103824568,6.843835284092343,0.0339644467613851,8.662153911472084,7.41105353232031
GJ433,173.86457,-32.540875,86,85,3011.82667949982,1.043895,3.269301704037395,7.371088300293249,0.5852982708095744,3.245421626091628,1.0027534358414414e-12,3.1673954987361914,2.039718422105926,35.10287505244548,0.30338040199626165,1.6451377218601997,0.0013174105879946163,2.039718422105926,1.7024252909746678,1.0611375399005818,0.21085068577916705,1.0455586650952968,0.1860806511289872,1.702425290974668,1.5123337848181884
GJ4332,350.027592,-60.06763,49,26,3806.579616900068,1.5640982850652034,4.431435478060411,4.581824286109851,0.4583040145776322,3.9600206746634248,0.9977528378093666,3.6399486688171074,2.6790021841536777,1.0715816842327686,0.4291715948120973,3.604281927255539,0.999974480125805,2.6790021841536777,2.024071527355309,1.2083612522697176,0.42418042878158924,2.384405934416594,0.9999907410227339,2.0240715273553085,1.5359216659039538
GJ4340,353.32993,-77.38256,76,31,5492.979656999931,0.5723186536214286,14.639415668387866,5492.979656999931,0.9543475392489121,40.315365855264645,0.0,11.35451878467557,2.4260560428262172,65.39261496428487,0.6215011436329876,3.0115413634985626,0.017810099193699913,2.4260560428262172,1.4925645237982053,1.5520399121270145,0.41210814921668315,1.8005875656407513,0.9959361720657532,1.492564523798205,1.1444105028686036
GJ436,175.54735,26.70304,192,135,5169.84565489972,1.211508,12.510750218123126,2.6438813822745817,0.9421147264562456,16.738438506616532,0.0,11.946873022598892,2.874341020364428,1.3223802672719573,0.2845430574390509,2.219122113010761,1.8252272555585591e-06,2.874341020364428,2.4312523809952586,20.804207866799665,0.22224029078268637,1.5731083414350238,0.0004151960945559807,2.431252380995259,2.1441381525034493
GJ4377,359.048262,-39.05289,35,15,2815.1250451668166,0.7596872052825208,5.434583241914877,7.533114918830117,0.8626927464747062,11.519395684594661,0.1283318396590073,4.828161110077209,1.7890747804837486,1.029861000609773,0.8605176034655555,4.234431311228421,0.13806530539605677,1.7890747804837484,0.6681718796294781,4.210477183916863,0.7698497618437168,1.0466751449430878,0.8376111663133705,0.6681718796294778,0.32054861772043763
GJ438,175.83721,-51.8427,21,19,2978.99874550011,1.121619,1.7089454990701152,1.391600292194194,0.6525869586967531,1.9975724655472942,0.657794598957185,1.5677348169387235,0.9240504057998614,1.1763539509951473,0.9371724026936223,1.4036775915624886,2.8842829282726967e-06,0.9240504057998614,0.23161724295452832,1.1789143794768733,0.7921042059327661,0.3351211218093168,0.02253279381231288,0.23161724295452837,0.1056072513356441
GJ442,176.625835,-40.50002,436,84,4933.7439198689535,0.46517880720515464,1.5149451214600436,1.036370188604158,0.41687316493096943,1.1636178502088015,2.758822149395712e-06,1.3194362200542038,1.007557675334911,2.349737543396178,0.21634877465859476,0.7351677285991264,0.2769684832086713,1.007557675334911,0.8919311349063475,1.3110849884055578,0.2066053180945722,0.619192390406818,0.41043236338803435,0.8919311349063475,0.7944671907529338
GJ443,176.681185,-14.015335,22,21,5488.104123899713,1.637241,7.98605631901128,1.0924861399223087,0.5011687825259914,4.429244671535546,0.999999999297833,3.6652369602949926,2.58868298696151,1.9725062444379533,0.36484914696924425,4.517427154297069,1.0,2.5886829869615093,2.06308590652396,7.106181696102185,0.44200658587041425,2.345750187761149,1.0,2.06308590652396,1.5411036492742112
GJ446,176.814407,-30.28739,137,74,5544.935672709253,0.6197819188196815,1.4196083285610932,3.8135733649994856,0.2601414611524282,0.8686737910549366,0.15600622099982808,1.205963288139855,1.0373096842636436,47.96657156322882,0.24712119116816722,0.7857388321769424,0.26628136260894997,1.0373096842636436,0.9000589796604183,2.872725972805539,0.2342189415572341,0.6272885995698912,0.426774541295043,0.9000589796604183,0.7876318670058954
GJ447,176.937748,0.79861,307,246,5712.2408507852815,1.1473455000000001,3.021858789169353,5712.2408507852815,0.2557425450284381,3.174480018788515,1.9022561303927432e-12,2.8736097856821807,2.479073429689983,9.852088393903552,0.18868152234263597,1.5576844810631296,6.520591344649773e-08,2.479073429689983,2.232981238882267,1.0092476635250232,0.19520246969235514,1.4027437835473953,2.4658370234575955e-08,2.232981238882267,2.00321882010146
GJ448.0,177.26490976,14.57205806,159,22,3719.809629592579,4.480789752315431,1864.8085704812179,72.51090895891964,0.9749725424007825,2211.60869959444,9.041845050461461e-11,544.8433343495843,86.19459019994191,12.549965012120706,0.6159925942694174,277.690696608209,0.6637215331332627,86.1945901999419,53.41334903219134,1.321095865892168,0.5320632952801233,207.81041978954232,0.9971270416187021,53.41334903219134,36.53788170542924
GJ472,188.380760599337,-68.7558090835783,864,439,5194.814986699726,0.5834388416429268,1.6281527716511248,30.66596804427228,0.09999447053079305,0.7385533188699379,6.119112923030912e-07,1.6400774821586368,1.5559188944802271,1.0482293447475128,0.08608727292021978,0.6529223467811289,1.7053240373265943e-05,1.555918894480227,1.4874395243010983,1.0755533213316475,0.07390670282144761,0.5778393180092664,0.00030164664601273206,1.4874395243010983,1.4314187043748408
GJ479,189.46623,-52.00108,57,57,1413.1528573003598,1.094495,3.983169142521782,11.296185909675135,0.5401401170657426,4.260585300347201,1.6197257470818016e-06,3.899780323141668,2.644556840218578,1.0420712759386177,0.336177113818394,2.2323076309087924,0.026814193943328513,2.644556840218578,2.154661325285471,7.605774258882451,0.332581605912477,1.702656285766234,0.030876578522429754,2.154661325285471,1.7602651963731661
GJ480,189.718355,11.695335,37,37,843.7483721999452,1.518472,6.153110163528909,9.566308074829308,0.6174444609156855,6.2238613840847545,0.00010967518247073649,5.678271824545337,3.5120721246363655,48.49128575861753,0.443963959976526,4.028518856945734,0.05111423089973888,3.512072124636366,2.6188757663447477,1.4894057761693646,0.41753750967168224,2.5952290269959994,0.10674365638183603,2.618875766344748,1.9987058255599923
GJ496.1,196.237605,-52.446515,95,92,5514.833192800172,1.4622074999999999,17.974873707967625,1838.2777309333903,0.7844181700375711,23.50844141027363,0.0,17.91089219054447,8.316168816499594,656.5277610476394,0.7280237703949194,11.219711571919108,0.0,8.316168816499594,4.3369935001824,1198.8767810435154,0.30917015058529135,3.718090330775092,0.0005675058896303931,4.3369935001824,3.6047430936572855
GJ506,199.600746,-18.31314,1242,206,6406.572170922998,0.3425800411381398,3.990459190154256,38.0437777370724,0.6341858022244189,4.487370437459895,0.0,4.09696013864754,2.477947022148301,4.214572837920528,0.4668673975731685,2.3576588967441494,0.0,2.477947022148301,1.8092960615199003,123.20331097928835,0.28461608798651133,1.520506281911972,1.564537388532017e-11,1.8092960615199003,1.53030931721875
GJ508.3,200.933175,-14.04524,22,18,5438.124295099638,2.0651955000000006,5.036198839317538,1.0041776927522181,0.6157538978173417,8.304454185070874,0.999980756087701,3.659932224432816,2.2687036952482513,1.136209162822205,0.6381626979050553,3.6411843856433337,0.999354246966696,2.2687036952482518,1.3646913744958573,2.7976768675273376,0.5902892729127297,1.5901914410815756,0.999999930815743,1.3646913744958575,0.8735205250311184
GJ514,202.502946,10.37125,162,156,4352.118102500215,0.8944380000000001,3.01612836776507,1.067559080261047,0.20918927201417326,1.9860302272916732,8.771173784749564e-05,2.9757052027277227,2.646221419228467,31.26521625359347,0.21947394155839936,1.8260028025678343,3.2646843395212066e-05,2.646221419228467,2.3378674473739385,1.004504939874489,0.2508159502604093,1.5874766982178252,1.479217963451518e-06,2.337867447373939,2.023550956575418
GJ526,206.436195,14.886645,32,32,3678.957503499929,0.9344955000000001,2.6003675126921,1.0178330345829105,0.5872598511811392,3.2046679777392253,0.015196858059834506,2.5108805331577946,1.6131115757533785,37.69423671618781,0.369283765368384,1.5981673177299105,0.996980143874289,1.6131115757533785,1.2810952255951789,21.691966412145817,0.3596937399058686,1.2751203660990422,0.9992298185208601,1.2810952255951789,1.0251213688557304
GJ536,210.26032,-2.65282,196,191,4331.043290299829,1.054507,3.5796496944378564,8.707364877965073,0.42044126042170765,3.040360155091912,0.0,3.372279509204601,2.5672744183088367,43.79214651465953,0.2548008588433374,1.9145382142506608,5.725453444682671e-09,2.5672744183088367,2.2161975280932986,14.54346302988525,0.18351823971993284,1.3881051115559921,2.8022387458248588e-05,2.2161975280932986,2.0025423519475862
GJ54.1,18.133079,-16.99572,334,286,5396.253809299786,1.716149,4.146562100115192,1.485384626414101,0.09125200713093205,1.6686445743897655,0.0077914312128166685,3.8859398402907264,3.704399399738084,1.0355306575002952,0.07780667506908376,1.5064238992741348,0.05972997823204751,3.704399399738084,3.557367985638996,1.002257352073659,0.07898298577339817,1.425637691887938,0.050174690686566104,3.557367985638996,3.413992941712509
GJ541.1,214.50618,-7.54204,230,131,4911.672281600069,0.635822853841213,3.251838685385013,1.0456596018053455,0.24132424909413605,2.165154287228843,0.00013634705377285616,3.200271890986807,2.7875006581557558,1.040784938464161,0.21309190046249898,1.8534733029525696,0.0013616069422227595,2.7875006581557558,2.472731642345558,1.005727682208176,0.16813445014915676,1.4798083745012902,0.044128676085066765,2.472731642345558,2.255296032583308
GJ542,214.7677825,-59.383015,94,73,4918.729579200037,0.65021,2.366998771966715,1.0063896837237933,0.4074795141790114,2.119855352598526,9.19722160184211e-05,2.3041162127392805,1.7736015715681936,13.144654140032175,0.2931856033381156,1.2895664953495976,0.036319356931639346,1.7736015715681936,1.4911068260005178,38.730154166929445,0.28605305617753995,1.3514785672055534,0.05071695071136639,1.4911068260005178,1.2599163962058015
GJ544,214.8928745,-5.15095,43,42,4275.184353400022,0.7186440000000001,2.262230648283563,1.0568797689550364,0.38460158719810517,1.9433150734638462,0.4157109145678297,1.9775251944216707,1.5513157836485576,777.3062460727306,0.4486709782859643,2.4436030809856417,0.06788490985259243,1.5513157836485576,1.1518757577459733,1.7689442044852768,0.4282060229363477,1.2343129372177724,0.1288749503467117,1.1518757577459735,0.87101458335701
GJ55,18.79972,-45.53221,63,19,1103.0551296137273,0.5927867878151691,2.395415392389904,4.149944054227716,0.6297378229993561,2.5508774703597603,0.4726670440442957,2.126355017759158,1.2938694285939012,3.1327893485195317,0.6401631998479447,1.9304748047044749,0.40339843444755363,1.2938694285939012,0.7761456711582255,1.2763887174424058,0.7093592870715258,0.898316103402673,0.09884856781468065,0.7761456711582255,0.4184286995333899
GJ550,216.886038,-51.933905,148,139,5466.09923159983,0.863575,4.070806044488864,1012.2405984444129,0.814853952496689,5.69218271679848,0.0,3.9376342957471797,1.6943089366943958,780.8713187999756,0.21144881958337264,1.3085801154359353,0.0006684168387459666,1.6943089366943958,1.5045531859063797,17.91576280432589,0.15706746338999897,0.8260629390092659,0.056638513950430625,1.5045531859063797,1.381350704298103
GJ551,217.3973765,-62.678355,414,227,5575.937263899948,1.09542,2.2376165807301613,91.70949447203857,0.2656147926394629,1.3653212566375177,7.427281012439835e-12,2.009433584366763,1.722009791921839,11.18767508808175,0.17004871382409076,1.0015118935569884,5.7686566752312984e-06,1.722009791921839,1.568779544267123,1.034938334335606,0.13407009235744874,0.9050718479255356,0.0006407402922105065,1.568779544267123,1.4598333725958899
GJ558.1,219.441506,-67.933085,34,15,1956.7450701203197,0.7690515358164127,1.7089519890995004,1.2633127187812774,0.9045695089454366,1.838144679810378,0.004770283829018229,1.4654567214893721,0.45270633980341013,4.84103184097061,0.8047092559486926,0.7416260412525117,0.2176987140459985,0.4527063398034101,0.20005868346160252,17.54928314009256,0.7809661809157056,0.32998654160188173,0.3696580395584951,0.20005868346160252,0.09362956254900491
GJ559B,219.89609629,-60.83752757,18283,307,5101.966374936514,0.1708287801381299,333.17372527488925,2429.5077975888153,0.1555265912593638,38.19503664694674,4.1891919710934644e-08,42.29277080676858,38.865040825657715,293.2164583296846,0.06151176551484252,13.61326438701821,0.295509235248831,38.865040825657715,37.65074243186573,4638.151249942285,0.11569464342353462,69.64161282854485,4.411414280025561e-05,37.65074243186573,35.405821237498934
GJ560,220.6267482517,-64.9751370697,4936,22,1402.9073756616563,1.0626106838922178,142.05878236474388,1.254836650860157,0.9407373379517427,191.40016415898458,1.2640011481934721e-08,139.5571377849389,33.9736830769644,1.8447171277602308,0.7079062060573048,50.63914638320781,0.02146437289800429,33.9736830769644,18.361315625032432,18.63090804331548,0.3476197898369998,68.30035148136895,0.9999999999999329,18.361315625032432,14.830445089332734
GJ565,222.9153235,-24.30426,38,38,3711.8661599000916,0.7941860000000001,1.5978274625641797,37.95364171676987,0.5120783011691529,1.8950787206285502,0.026390741340009183,1.5777036288507,1.1020479490841093,8.213910510953959,0.4996290342886421,1.3165084633846362,0.039720808665365315,1.1020479490841093,0.7795546051862849,1.304927459975424,0.410677083859621,0.8314592471914842,0.45284407279170347,0.7795546051862849,0.5984435713496448
GJ569,223.620861,16.09638,25,25,3177.271391700022,1.234365,9.409953806922369,14.376793627601902,0.7978704540488272,10.12615664527396,0.00016254943249593978,8.123324601128667,3.652150852828209,14.675618437413489,0.6893907239663731,5.217701700009417,0.014687612645566506,3.652150852828209,2.0354288156152247,1.208271749201407,0.5265606012504923,2.4109763463641247,0.7096627001431939,2.0354288156152247,1.4005161353665359
GJ570A,224.36887,-21.41799,57,22,1853.0122751761228,0.5227649821411324,7.654712661203356,2.169295569159591,0.7007860029266232,7.946506653480412,0.034976329228733394,5.369466365879187,2.937122628146798,6.05361736418204,0.703241650233824,3.9969388655182403,0.03251717375808094,2.937122628146798,1.6000131533085602,1.6079592807845562,0.7400606652804697,2.057626396722673,0.009984195412385488,1.6000131533085602,0.8157546432832246
GJ579.2,227.550797,-16.47492,51,42,3392.765248400159,1.6143125,7.219264150846718,1.002708726918122,0.776499331500533,7.468408341944522,1.4678088744446427e-09,5.614306797124501,2.654211670665061,1.669585772550641,0.24271140122303259,2.0355944411473015,0.9999999686441737,2.654211670665061,2.3097568494693643,5.599546539693278,0.2226041788179313,1.6607296973132504,0.9999999999995693,2.3097568494693643,2.0365138338565014
GJ579.3,228.199063,-1.16615,23,23,3029.8014329001307,1.13796,188.05928994919933,1893.625895562582,0.9079700284221843,7.661258514773702,4.351098331634162e-07,4.476398809496162,1.357980130418992,1.0838137839027482,0.5455871389110546,1.5914597231444154,0.8149672858079887,1.357980130418992,0.9154164717013619,2.9177594692797886,0.6783978001305416,1.3794653169206859,0.06125640835501178,0.9154164717013588,0.5191325115174498
GJ58,21.20707,-27.8377,39,36,4703.151410800405,0.9733879999999999,1.3479645916913159,5.461160486298659,0.4207029987420301,1.306217462585808,0.6298399134157179,1.3730304386759515,1.0450349264534546,1.0677090083317227,0.4413243869608951,1.1175570294186539,0.43256110881242504,1.0450349264534546,0.7811072385862187,2.6912058885330774,0.3358429182270428,0.662236496046871,0.9997456943039219,0.7811072385862187,0.6365698517584265
GJ581,229.86098,-7.72165,250,248,2908.971387299709,1.050989,9.744161532229004,5.369087093576432,0.8816972322183106,12.809777486603602,0.0,9.608620314088359,3.304901233681028,12.911546326230408,0.42928135536983875,3.08748719591047,0.0,3.3049012336810275,2.4967181334389865,3.1492599191292747,0.23531685458798063,1.7250305023994965,1.775624092203998e-11,2.4967181334389865,2.1832842129921266
GJ587,232.328747,-49.9539,132,96,5210.745708855335,0.7358045,1.8534972705314954,2.9226236518342774,0.24167545387181677,1.179818489742827,0.01763451068693711,1.5969616745918926,1.3906634823001383,4.35389848667725,0.232338768757136,0.9801097590068352,0.030570791132661035,1.3906634823001387,1.2184475939454118,8.687472005427363,0.23597569205425284,0.8671043045226253,0.024704142619753955,1.2184475939454118,1.065026570510197
GJ588,233.053884628758,-41.27559178719,535,81,5222.732325235847,0.8510625441118995,1.968233409061413,9.604141826472684,0.4540681668468925,1.7154775928706862,5.35885037455941e-07,1.416342522528309,1.0464958330458882,1.0181757140531915,0.2574272130719335,1.2980152632360173,0.061955993869121095,1.0464958330458882,0.9017933288201675,1.0023476298312726,0.27115883619115405,1.1571485523855984,0.030977615140376225,0.9017933288201676,0.7698807570219988
GJ599,236.87196,-37.91576,53,27,1292.5991621664725,0.6866664444991433,6.832261192012765,6.314602648590488,0.5854898124902739,6.1938516780280235,0.050303546075221584,5.749313448947733,3.701549752923859,1.0867657324419648,0.5921077830556442,4.193529966771848,0.04198492645170204,3.7015497529238583,2.3640480548610987,6.941993352129285,0.3542469685953894,1.9571941106443704,0.9997919645324723,2.364048054861099,1.8997197034911262
GJ604,239.4186595,-42.62499,52,51,4298.248803299852,0.79772,2.3045684296608293,3907.4989120907744,0.4330409340431861,3.632164987074652,0.009180662195264477,1.9704542348097134,1.483686703543937,1.0434415564051782,0.37747939315597984,1.321250213420071,0.07614490327090995,1.483686703543937,1.1706284395706994,3.0767707969218687,0.32894990156751136,0.9423430009197539,0.35931479863583027,1.1706284395706996,0.9589512795390263
GJ606,239.974984,-8.25338,24,24,4728.032698600087,1.299995,3.074446129422569,1.814496180911114,0.5711823658345807,3.226799214874015,0.7808300320472127,2.721414818228601,1.782095868950801,1.5344279033525101,0.4907009383248268,2.0699808828293413,0.9995835267679525,1.782095868950801,1.2717961369089237,1.0984695642860671,0.5383686308283221,1.2927157913323055,0.9530495553565042,1.2717961369089237,0.864102293529313
GJ613.0,242.42831020915,-56.4451503304378,449,267,5381.204875800293,0.605948066037241,1.6672463543344578,15.841050561672937,0.1765274410450665,1.018547466209426,4.795481634012333e-08,1.7105409228825306,1.552237011152469,1.0233735001426882,0.13802200779831492,0.8240799897992446,1.908945616679869e-05,1.5522370111524695,1.4411398364984689,163.06681441819083,0.13427386210738515,0.8288769267313475,3.3700823952709236e-05,1.4411398364984689,1.3408999920606182
GJ615,243.446872,-57.57636,83,59,3744.7618090999313,0.7893778395463218,2.0877047405613327,1.025484516553916,0.4454528589946603,1.892656125822208,0.0003400440269649696,1.488382702305347,1.108367670067341,6.0224538583144644,0.33369333772807286,0.8973305430736809,0.05162780346132445,1.108367670067341,0.9047340328698384,1.3416795561248018,0.2767959292786757,0.6863049514872904,0.39629279880690715,0.9047340328698384,0.769398540637363
GJ616,243.90729,-8.37131,5500,191,5588.738053199835,0.46387949019826147,2.907100342714295,29.321815599159667,0.28053832093325914,1.7103278526173618,2.8102276061758857e-10,1.944088380115364,1.6489968952024225,1.1701467836100232,0.2656958601906625,1.2385857914925245,1.877827671137311e-09,1.6489968952024225,1.4130509659226773,1.0843496416763354,0.19509216402066948,0.9257332657935745,9.585691677971298e-06,1.4130509659226773,1.2677420738759726
GJ618.1,245.10495,-4.2674,24,21,400.0279055000283,1.699572,3.77908996658163,46.51487273256143,0.6366665631063946,4.469395068811912,0.07044378031194054,2.559638220582341,1.5428768755971232,5.215487685789156,0.502707932440771,1.6235961423280991,0.6513777202396367,1.5428768755971232,1.0880203937938384,1.7430409825709292,0.42031767720227464,1.0220891112828527,0.9796013766694939,1.0880203937938384,0.8283846909494256
GJ62,24.287835,-29.39245,24,24,3330.940091600176,0.850573,1.211773528906162,5.0255583759809515,0.5806385895700915,1.400182001795625,0.42891198892429605,1.1667973645043141,0.7555960373310765,1.4212314253531486,0.535911612693691,0.832459018272057,0.7863923902615493,0.7555960373310765,0.5147424938078953,3.0391789156935904,0.5589529479625058,0.6680799548942895,0.604481475046049,0.5147424938078953,0.3418475597935594
GJ620,245.78308,-24.70922,23,23,846.6031464003026,1.368659,3.267589849061475,1.1463820533517977,0.6597037818630945,4.155173008323487,0.0297356150131739,3.110095988702549,1.8142718174544388,1.6249580545111375,0.49168080249443674,1.8145849865759474,0.7451651550911107,1.8142718174544388,1.2935124416076509,1.1837292315440473,0.5586229804347329,1.511202389905289,0.30038906539955446,1.2935124416076509,0.8593606610140714
GJ628,247.5752655,-12.66658,193,189,4135.806140399538,0.939736,2.7592794551387243,4.8869267876634,0.227334648286468,1.7478880543110276,2.0495886265958774e-07,2.6637608280953056,2.341482665867366,67.24888033169977,0.2220180712950035,1.6408347758032522,3.851672828458774e-07,2.341482665867366,2.065264602753726,17.865253306261494,0.27970478349369415,1.5539993767975895,3.217975885760893e-10,2.065264602753726,1.7527943591287927
GJ634,250.369275,-43.98753,40,40,537.6441924995743,1.8259699999999999,5.336649648338929,19.201578303556207,0.5256654540515807,5.302803783403754,0.0007925094367414731,4.540639785572456,3.1272271504937987,9.269727456889203,0.37355348823207984,2.60829463322989,0.11172205403214219,3.1272271504937987,2.47514944306947,4.9144807358279134,0.2947622669746858,1.9151887859312413,0.6322011153021307,2.47514944306947,2.078591734574579
GJ634.1,250.2847545,-2.858295,122,114,4366.990548399743,0.78454,2.720074206744911,1015.5791973022663,0.6178293965763619,3.222193603395863,0.0,2.65578474264616,1.6418047605383694,22.780336715700294,0.2648982341765602,1.3531600881230477,0.00022696631248753096,1.6418047605383694,1.4076518116449341,17.90484029684193,0.21045751143338304,0.9389561818036725,0.01108209304468255,1.4076518116449341,1.250785957156883
GJ641,253.243495,-0.029385,117,37,1674.6479827477597,0.5934874541982242,19.39804760307938,2.7010451334641283,0.5476134371777606,21.235333727597652,0.0034578819114451376,17.14172143370613,11.529468351476236,1.0870808067171434,0.39576160528451165,11.803434636501814,0.3368878459198744,11.529468351476236,8.962175423608393,3.224817991041324,0.3724865865065207,8.851323756625304,0.5353788691553332,8.962175423608391,7.099453961541967
GJ653,256.260386,-5.07051,70,70,4398.0116392998025,0.6891095,2.607204780577772,3141.4368852141447,0.37439620258505296,3.3220923551625,0.0010535553770706363,2.4892768971059205,1.96889654360064,21.308195926840124,0.30847665337883,1.548987160985762,0.026974658138564922,1.96889654360064,1.6372926795274587,1.0684640297604104,0.2306855097825444,1.168309381800223,0.5827757964227303,1.6372926795274587,1.436078817610914
GJ654,256.30356,-5.09871,195,187,3090.61759539973,1.025379,2.427948918697628,136.75299094689075,0.18811977450866502,1.4429869552949524,1.793358260582245e-05,2.299293591736388,2.0717646128474083,15.391521889440895,0.1438364457661645,1.0809501117375069,0.002249450907827133,2.0717646128474083,1.916985284228949,67.18733903042894,0.16186670191489105,1.0860063933925654,0.0003245812550629612,1.916985284228949,1.7549927493139947
GJ656,257.543129160662,-60.7287723196264,835,427,4825.887923500035,0.636871505734527,1.5051635507254217,1.006714630348173,0.07744378779595477,0.5236696823329696,0.00019811850130335706,1.3124843217488533,1.2606384322895212,1.0156770475017967,0.08935687373184806,0.5238524042072948,1.2762908343177948e-05,1.2606384322895212,1.2029972926142587,16.62952420227442,0.07006876828379383,0.45752363340179725,0.001062611310103434,1.2029972926142587,1.160085682345192
GJ660.1,258.216417,-5.125795,48,46,3660.0117083997466,2.2236965,201.14920743765515,610.0019513999575,0.9534741201259731,452.67092258426504,0.0,207.42910356369828,44.7421642722439,214.0357724210377,0.780618599962349,61.45100383815755,1.1415079992360688e-10,44.7421642722439,20.956410158356586,1.0061058080157637,0.587231569729448,28.296360629578743,4.845455439628221e-05,20.956410158356583,13.463876730308229
GJ666,259.76845,-46.637,79,23,1310.6551724784076,0.4961789444299292,9.252039110428642,1.5775820564256235,0.5207146154430258,1.2769932926234155,0.7019678531593835,1.077887747289354,0.7462264318161148,5.360552852672424,0.5990870877619969,1.045287615416144,0.19900190989093125,0.7462264318161146,0.47249329492048353,10.673087723765537,0.5361040907475921,0.5915874754168506,0.5884110961046947,0.47249329492048353,0.3218147319873265
GJ667,259.750871,-34.99699,272,263,5571.762736499775,1.222052,5.020701611811833,7.20052046588237,0.39909179834171216,3.8471372516429474,0.0,4.273090307298383,3.3124256357270916,28.126010784955973,0.17933747870388306,1.9681870017628138,4.711333589924038e-08,3.3124256357270916,3.0007404815584198,364.16749911763264,0.09002074588600839,1.7018968926190408,0.028491266115179714,3.00074048155842,2.8624913490030455
GJ674,262.170056,-46.89967,256,248,5632.767536399886,0.9443455000000001,6.701026218776792,4.695146733683324,0.8024124675833694,8.497434987736492,0.0,6.619663130090094,2.942494487055761,36.719475465449044,0.2796169611976965,2.4081226127157485,0.0,2.942494487055761,2.4974534220671876,2.347573366841662,0.16888410728267392,1.5340713024691373,9.761628134707934e-07,2.497453422067187,2.2768173427725658
GJ676,262.547735,-51.6383,138,134,5379.173744299915,1.190115,100.97508291195932,1054.7399498627283,0.8989024184792245,103.39149822379764,0.0,75.85499178510881,24.11873628007537,527.3699749313641,0.5938982325952533,33.91772393549019,0.0,24.11873628007537,15.36993350683862,4890.157949363559,0.585938818441739,34.56453815269381,0.0,15.369933506838619,9.890181171370363
GJ680,263.80901,-48.680315,40,40,5029.16117420001,1.1347925,5.954587519290298,1.0135555279630803,0.5172225296356685,3.3852517777605016,0.014581133640643174,2.444451473353175,1.6984584130199962,2.8953144353483062,0.4453635956505388,1.7059391799164,0.15342372317882313,1.6984584130199962,1.2649084780478557,1.2812170214251162,0.41742318501417963,1.1644694590859412,0.32540473977561624,1.2649084780478557,0.9654631492175061
GJ683,264.520921,-54.50215,224,20,4750.70363168465,4.257823791448232,272.246361704298,365.43874089881916,0.920127535526931,651.3880080530649,2.7838015697057017e-05,207.860285191589,58.74488544344098,1.6984996895547544,0.730924148961299,118.85260310129073,0.222456674205885,58.74488544344098,30.472453463355958,1.5242736329080915,0.5985185634405199,72.14193970482062,0.9936720260009497,30.472453463355958,19.3081274617996
GJ686,264.476545,18.5944,20,19,2298.756103700027,1.049254,2.6084793097834353,15.54263761798531,0.6967482011120789,3.0311953525285382,0.2580200461125358,2.430641698716893,1.3385131340764511,1.0469831042539748,0.619309174052064,1.9100135043743565,0.8066772191676174,1.3385131340764511,0.8258645843293478,1.6948728922067589,0.6374682134614453,1.1925434532072332,0.679838258982415,0.8258645843293478,0.4972581249957733
GJ688,264.81932,3.55499,102,34,1674.6551088420674,0.5345533902245948,3556.3913027233684,83.73275544210334,0.9628144012004746,4914.90170902876,0.0,3433.5400550874974,662.1090252544087,41.86637772105168,0.7596588836089481,818.5516225461542,8.631227782496254e-07,662.1090252544087,324.5962849051164,83.73275544210334,0.6464314649553703,377.3922485241433,0.0002822893765832557,324.5962849051164,193.01023941738168
GJ691,266.03738,-51.83481,3012,151,4096.948291020468,0.3823435806257373,27.227213727847236,630.2997370800724,0.6948796944509499,35.64901764025777,0.0,17.23524574072005,9.520352641026388,3151.4986854003605,0.5239956465977782,17.11331092549321,0.0,9.520352641026388,6.568383441817334,561.2257932904755,0.2820761723841937,8.76344009668183,1.2766446522149977e-07,6.568383441817334,5.565416630433848
GJ693,266.6340135,-57.32607,183,171,4495.7913182997145,14.126666,45.60582252111142,1.0303885492986153,0.052855426322930776,2.1478057737442744,1.0,6.3778725874507325,6.20703189047922,1.0721112506080313,0.026357670988836884,1.5006663930331214,1.0,6.20703189047922,6.124684191425918,4495.7913182997145,0.024203226664581263,21.817711449557414,1.0,6.124684191425918,6.050111643671102
GJ695.1,266.989790400196,-34.0188746943878,61,44,4068.846100300085,0.8383285,1.2828387983225642,1.1254207280799045,0.47270280044555835,0.9929608986796866,0.015349259110775781,1.04041504796424,0.7554998063914871,1.0253890023689136,0.33813686867877046,0.7688779110472888,0.7278478184000464,0.7554998063914867,0.6146366487957757,3.335940067475679,0.38031424787432244,0.5954846191076189,0.30256710301222434,0.6146366487957755,0.48384271640001236
GJ696,267.644099,-6.05012,42,42,2980.788039200008,1.2307465,4.0479777424006045,1.0148399970039512,0.35944355392178295,2.940677315206117,0.4669977047721616,2.899067382772955,2.3202619215800184,1.0469558635804874,0.2918597421034017,1.8741835840514998,0.985505224371051,2.3202619215800184,1.9525252333140635,7.144746019175469,0.23900812887152023,1.40694500419753,0.9999999416824096,1.9525252333140635,1.7032824201110222
GJ699,269.448835,4.72999,335,213,4568.595374800265,0.944798,2.12090261115214,387.1690995593445,0.2672906902356292,2.1116949292402927,4.107458817514953e-11,1.7216382944887592,1.4736955393408233,1.012812666223345,0.152569644635561,1.040807642515831,0.00015221702601486697,1.4736955393408235,1.356624878935913,3.1677959886286673,0.11851578158608174,0.6780328867092078,0.009120177756429815,1.356624878935913,1.2736997041494873
GJ701,271.284241,-3.03283,154,152,4503.695142900106,0.9726925000000002,2.322577381788292,242.1341474677478,0.21563518099741702,1.7725745816626048,7.95292520017199e-05,2.1795990689915037,1.9303482524598017,1.0239859812878243,0.18381765791702154,1.1694732488298494,0.0014774106788458807,1.9303482524598017,1.7439308649809648,25.47338881730831,0.1444504874551989,1.0843039010261266,0.04605594668358126,1.7439308649809648,1.6130648891283983
GJ707,273.089134759897,-43.44484800399,65,65,5998.685745500028,1.429945,8.869963426462093,13.247980886705001,0.33598228975973554,7.3924043619102395,0.02737505672838092,8.368842039412627,6.819541899693109,27.669214693265797,0.26910288134049026,5.422143862673815,0.3897886280783731,6.819541899693109,5.830198306509633,1.6404194228560556,0.24369898485860342,4.192758981115901,0.747612695375304,5.830198306509633,5.070265117734818
GJ715,277.4694105,-1.818445,111,64,5896.950204872992,0.7738119524047645,3.1208047885557177,1.0392933036434602,0.5096286483363207,3.2119491975837176,4.375616951546313e-06,3.0527420489842845,2.13772902424172,335.05398891323824,0.39806754593097904,2.3478557631487686,0.001848448646555645,2.1377290242417204,1.6585422280575552,6.04753379640344,0.26894291273009124,1.2043669777031518,0.43540992751447827,1.658542228057555,1.4180847263269576
GJ722,279.722225,-21.05229,73,22,1089.0474383751862,0.5292419454439472,1.3556582535816122,1.997519145955953,0.6732801149220472,1.2719590260638924,0.04510600310438273,1.1398706399053182,0.6515434022286241,1.0138218566143973,0.6056684462593053,0.709236608783658,0.22186928826696128,0.6515434022286241,0.4091420494858161,26.823828531408513,0.6165358198971078,0.4666369411837183,0.17722314645314863,0.40914204948581606,0.2533591056906627
GJ724,280.24124,-13.38176,27,27,1423.9784586997703,1.354223,5.5869179193818965,5.082007347251146,0.46361623931483675,5.249978854779027,0.6679041149360745,5.2488926971005965,3.8441958455165763,2.556055391670743,0.5079571802063602,3.9114599320454477,0.3354022957830949,3.8441958455165763,2.6965405430201645,15.981800883274648,0.49205336167041835,2.938768172890054,0.445161021915091,2.6965405430201645,1.9218345628501163
GJ724.2,281.962715,-77.86589,74,36,1797.0451950365677,0.7169436623114569,3.835033911184543,206.55691896972058,0.4944909548757039,2.485835110173468,0.03212929130568842,2.435754054227243,1.731800654842829,4.3819682883115565,0.35667321484672543,1.5447418680212748,0.7870454276549613,1.731800654842829,1.3890366870923656,1.0903077266330354,0.37567532961302724,1.1757948412820787,0.6160227723702332,1.3890366870923656,1.097536481189497
GJ729,282.459329,-23.836,116,96,4868.6395525997505,1.9159594103088449,15.865150171965997,3.313352084251904,0.41432922955516693,15.180658153191079,1.30481967008933e-07,15.86723798710772,12.143059151242507,2.8647481921740203,0.2722369680255733,9.0721763898929,0.002554490531022857,12.143059151242507,10.35912577501061,1.4202980112021204,0.30352385151985906,8.149201097316716,0.00034631713243238327,10.35912577501061,8.64522359583271
GJ740,284.50213,5.90484,61,59,3570.1660685213283,1.00937,4.554946780081437,1.0571065847041499,0.49853221726116115,4.7109853767327055,2.8781568408797753e-05,4.618837935363973,3.270801907948813,15.28324515634129,0.443226303153783,3.213193408526013,0.00048504113578551333,3.270801907948813,2.4405830877929815,1.1838990809528205,0.3236581906286435,1.9586985510531743,0.08852784143947323,2.4405830877929815,2.007135604782176
GJ744,286.717205,-37.81221,211,119,5070.0657732170075,0.6354759397053097,1.9389512740654316,956.6161836258507,0.29762830649526895,1.7554750729307655,9.10414883426025e-06,1.7846068811277789,1.4956365284070219,27.75077051569244,0.22344710445513122,1.0806520956328014,0.002780145227726405,1.4956365284070219,1.31798839181209,2.140351981263513,0.19197673917991628,0.8561472550088447,0.02644099357421803,1.31798839181209,1.1847412688663437
GJ752,289.227783,5.16312,149,146,4502.714738099836,0.8625015,2.8469468524183963,105.94622913176083,0.44377113738125773,2.590660084941519,0.0,2.8232329708111688,2.105588391187853,47.74883073276602,0.20636629596774286,1.515356455088301,0.00037714810560052214,2.105588391187853,1.8757870320389465,93.80655704374657,0.1920260737612362,1.4716938899995191,0.0013322939256432687,1.8757870320389465,1.686095627485582
GJ754,290.203653,-45.57054,197,179,4496.787429499906,1.835756,5.633884954543277,47.48455574973503,0.1465643267229848,3.044809738709265,0.0046094977108206425,5.382280141452349,4.972235553983736,2.092989262043243,0.10085415921736318,2.271841703987246,0.3511502088462869,4.972235553983736,4.714837884538694,10.859182394348966,0.09676051568674847,2.0743629243490216,0.47387534602772863,4.714837884538694,4.480930640191654
GJ755,290.373865717938,-34.9834323141701,34,21,3757.730876591988,2.175811,516.8752930582765,1565.7211985799952,0.9856132172767661,1010.1495024333799,7.0903283244661e-12,340.6405876619115,40.85810645893292,1.8389600061622728,0.896714369677627,59.630046082383714,4.865362325212619e-05,40.85810645893293,13.131011681843814,2.524678094995961,0.7590801100016269,23.911599111029005,0.041741162673186616,13.131011681843818,6.44517205949369
GJ770,298.574238,-23.94177,43,17,4001.981178399641,5.121969751099763,15111.191151464081,1.1906051760924767,0.8359637948592101,26916.419157891058,0.07498668254661678,18440.46485501775,7468.643358257938,2.4872474694839295,0.7417559590505202,11641.537157946577,0.6948257093052237,7468.643358257938,3795.3940813843983,1.1260815381410962,0.7822095614981759,5448.814161444922,0.34752737169995584,3795.3940813843983,1771.2353893192442
GJ776,301.393935,-67.32316,659,252,5031.0900362003595,0.6059074837766967,3.3967403290533706,14.288810099972627,0.34073032624708494,2.5812460639936696,0.0,3.168925460939353,2.573022436731567,33.60781587308191,0.2524083150007652,1.8635683671908418,1.1168843627729075e-12,2.573022436731567,2.224722281374423,1.0006145656723073,0.13723928101266872,1.281968730155389,6.081555814141382e-05,2.224722281374423,2.0664313707358466
GJ780,302.1907935,-66.18642,5720,373,4381.101325719152,0.24429762055744947,1.3592759498044706,1.1901932425208228,0.09478575772351285,0.5207994732709181,4.827554235398157e-05,1.2086792056221374,1.149970606038987,1.0145900571360433,0.07787285153247309,0.4868185796041721,0.0014543764235090961,1.1499706060389867,1.1042874685508222,1.5362582669609188,0.06667814021346491,0.40492432066689804,0.013315626868423469,1.1042874685508222,1.0668364920979998
GJ781.2,302.40412,-14.28631,26,26,2681.7224730998278,1.4689315,6.29652727270468,8.611825539819618,0.5695213216655658,7.843867688176257,0.22290693316528243,5.806299998388827,3.8095641743619475,1.1199509179786296,0.6249669419044381,5.837999653375984,0.05383402294989026,3.8095641743619475,2.3329749169873586,1.207765480589006,0.5628175368090086,2.3645511100314187,0.2583850989449008,2.3329749169873586,1.5425577634860557
GJ782,302.5813335,-20.493975,32,30,4867.796563500073,1.6399830000000002,179.5969951932905,15.717780314821034,0.23876009453154456,25.733938006595587,1.0,22.366416022696317,19.5144884837994,1.1725392179935143,0.22637799602461878,15.316701320676199,1.0,19.51448848379939,17.164121450756735,1.2886632507809803,0.15779492719815172,12.86288297522487,1.0,17.16412145075673,15.751811476360846
GJ783,302.8003,-36.101753,80,25,1735.2367026275024,0.5153315132991602,4.525222778119518,1.9770271193203868,0.5862366937044218,1.2118197900770271,0.151312985750525,1.2077235955484993,0.7768613908997595,1.285646219624734,0.5331912906608135,0.9730603402620639,0.4413761431710207,0.7768613908997597,0.5307781216641306,7.42823930919308,0.591091792040859,0.5856280088213898,0.1349258817293284,0.5307781216641307,0.33941101095722714
GJ784,303.47723,-45.16431,41,40,5021.158092099708,1.42054,5.670357154018665,1.7865075400625168,0.39287473965941866,5.591487211372664,0.5548371703971404,5.187426910150091,4.041951908696332,1.152461174711311,0.44328975427372247,4.165254149278304,0.16265027333204485,4.041951908696332,3.01582230614315,1.0360379845454886,0.3908529512244086,2.7551067595965204,0.5759067393307165,3.01582230614315,2.353785165118524
GJ785,303.82905,-27.03316,1821,403,4717.130962176714,0.42135393490739287,2.8541119628199163,74.40269656430152,0.35851517246527626,2.2194473068106157,0.0,2.581596042344909,2.0676712114700595,548.5036002531065,0.43685946045581825,1.9292159761580747,0.0,2.0676712114700595,1.5516361075004446,39.440894332581244,0.1973082420744435,1.0806256534739704,0.0,1.5516361075004443,1.390158370875315
GJ787,304.9013265,-46.42911,46,46,4159.651345399674,0.856016,2.1273257412981272,39.72923921107619,0.6442569509518369,2.3334305279151564,2.613625099123773e-06,2.018724909613189,1.2040523050836311,2.110962367622267,0.3328294351325409,1.1029418951500172,0.6455498411304341,1.2040523050836311,0.983476058668804,1.287419172206647,0.35764159912532933,0.9316947974705126,0.37928286014067525,0.983476058668804,0.7882291581135138
GJ79,28.20998,-22.43513,22,22,6588.905469899997,1.3844189999999998,10.279558421256207,5490.754558249998,0.8566848085085885,14.04384484844767,0.00044374612896158627,9.334326600801498,3.533695362823196,2.2024687357601267,0.7217028753037013,5.112439288878141,0.11754507109573964,3.533695362823196,1.8641612076193592,1.4200227305818955,0.6860017400571919,2.7905623532057886,0.29450180162087436,1.8641612076193594,1.0445929413727555
GJ792.1,308.099699,-9.851775,94,31,4363.025927831419,0.5359511423124104,72.6558877988768,4363.025927831419,0.8843184091776495,7.396109475909047,2.897927231515496e-09,5.054525861292374,1.719145160748874,1.041071351698065,0.4707363568148187,1.843995193874252,0.6722557286100289,1.7191451607488746,1.2506868399013173,1.0384201084899611,0.45165233182629655,1.5427968663749567,0.829339502976949,1.2506868399013178,0.9261398694222537
GJ796,310.050651,-23.77213,58,34,4363.029246499762,0.6108655000000001,1.7686874720580004,1.239320905127046,0.5367334652640251,2.00992530373007,0.06036523824656681,1.723368683644795,1.1729882488014727,5.18667290358983,0.4955061727626333,1.240546873559861,0.1929272729878836,1.172988248801473,0.8331469133671808,1.1995901257869637,0.5292620436604224,0.9017852621008555,0.0755177560532797,0.8331469133671808,0.5716249790319218
GJ797,310.186068,19.93391,115,42,2579.991942432709,0.6517213973631051,3.7605831146571314,1.0572004353518718,0.5337090964350435,3.364838107802348,0.0019106137502228338,3.125026083298125,2.1339395777726113,1.017427219194222,0.4161763697163957,2.576526670804898,0.11517427003587033,2.1339395777726113,1.6305080706291974,7.94332494591351,0.4077514154258157,1.6264523721193647,0.14743373599101572,1.6305080706291974,1.2548013247611596
GJ798,310.57921,-52.70424,81,65,5083.05013709981,1.077396,2.101764357516736,26.710720636362627,0.281493621932264,1.518835714218305,0.22165878111578685,1.6772750897208948,1.4217381294296607,228.96622239188324,0.26340246316510163,1.5344185491801545,0.41045415622248405,1.4217381294296607,1.2202104555686062,2.244667757606451,0.2412631604363054,0.8408146471645306,0.7232852111207291,1.2202104555686062,1.0628704369612918
GJ800,310.742085,-18.919765,28,28,130.71478970022872,1.390348,2.6716312755493092,2.0814456958635135,0.4631947877832771,2.6522392066364153,0.07158720587523004,2.4528643617273187,1.7971399366145426,1.0024140314434713,0.33093202003348426,6.62572476173064,0.6493404824508526,1.7971399366145426,1.4699989295997633,21.78579828337144,0.4130789856366562,1.2631847829264506,0.19498930299396933,1.4699989295997633,1.1261775050668525
GJ803,311.289718739216,-31.3408994138447,48,30,5222.370224454906,1.6786419020162937,134.02816453763265,1.2932420941149292,0.6062355083266929,157.4314096859331,0.04450302971054376,123.05743402491186,77.21934797571555,1.5224237601536037,0.43691114219356697,78.18291365876779,0.981361042301137,77.21934797571554,57.94481719764242,2.3436566999303983,0.47794357035329305,64.75886248570774,0.7869783853192754,57.94481719764242,41.867142591020404
GJ805,311.52287,-25.27268,47,17,1992.6375754876062,2.9980671515952535,28.3708728812737,1.0365903217435386,0.6181888758999381,36.674399805185566,0.9779892499737299,22.696607392086076,14.024430480589594,1.4218906632564607,0.7549552342071851,23.95707367308045,0.19221719012741822,14.02443048058959,6.942373087542298,1.370263770793291,0.5377250363620203,8.89023941874348,0.9999982548174595,6.942373087542299,4.720175384918584
GJ812.1,314.416953009068,-44.1293702783311,1175,172,6560.954110161401,0.7081819844504267,1.3092485560319875,10.245087617366337,0.2318363985527781,0.9936176468226501,1.7876514127879162e-06,1.294372224823575,1.1344517972518164,4.080702892251153,0.19775368931722073,0.6717335553313982,6.707767361135986e-05,1.1344517972518167,1.0161080961844793,1.8429646376857873,0.1558572144779386,0.6343130491944275,0.004694665854880764,1.016108096184479,0.9335721088008211
GJ825,319.28938,-38.8741,95,83,2234.8922911998816,1.147845,4.2511074479433155,38.33434461749364,0.46698397437876826,3.594631323172867,3.591584185613783e-08,3.3138489026770532,2.4193730348755,1.0923761137884938,0.27373995363789644,1.8115808418159731,0.007254458013252085,2.4193730348755,2.061811285432368,18.273853566638426,0.20231169420807774,1.5257685071235152,0.2563108125483199,2.061811285432368,1.841473718857588
GJ825.2,319.61493,-43.33504,181,87,2860.9480237341486,0.7294534330183774,8.577440210223154,65.61807393885658,0.33288291706655426,7.221869783351586,0.00017725435011062274,7.922282537050817,6.470701379512626,1.018856133808457,0.24758195375810507,4.811461232105661,0.024313427021458,6.470701379512626,5.612817990572709,15.073488007029226,0.21816748720536305,3.799543337804612,0.11182195851483767,5.612817990572708,4.962926263922244
GJ827,321.61383,-65.36508,2617,18,2001.7728449548595,0.5938818187568926,1.3505646638192985,1.2551086870367167,0.8972785838750049,1.4233601280953452,0.00024141072326333557,0.8865945804592729,0.28415517575879257,1.0463503449662117,0.517431781398626,0.8035319621800708,0.9999951172851655,0.28415517575879257,0.19739444608522688,2.705098439128188,0.7796286009291534,0.3157114917650814,0.04924415622921663,0.19739444608522685,0.0926643201080322
GJ827.1,321.747165,-56.12592,45,45,1788.187830099836,0.984161,2.7418492868200084,2.1868507155433967,0.5396227487446974,2.9388505567955714,0.00032685491570538794,2.3336375517046033,1.5833988761816802,1.473943150428483,0.32650353619065825,1.3818524995725234,0.48267074404110943,1.58339887618168,1.2994452689390836,1.2581353902060337,0.30186434200668166,1.1185282651463921,0.7413847326669161,1.2994452689390836,1.0857451612471007
GJ83.1,30.05562,13.04706,25,25,1780.0517392000183,2.489702,47.32206205370497,1.5347919806863413,0.48961187652394766,53.53744668898425,0.7824157251740596,44.14463982918742,31.53757219608626,1.4070442962611798,0.47354745184434816,35.50764270453484,0.8790111788912589,31.53757219608626,22.882731977874506,2.0200314788924403,0.6672360561384463,27.012831820049083,0.016939639647064686,22.882731977874506,13.20006303757364
GJ838,327.066678,-47.30455,487,151,6534.091562301852,0.5795403470639954,4.416485268090337,1390.2322472982667,0.3631288687448265,3.9297397387404778,3.2638891589442665e-11,3.578828726494502,2.856055853149338,1.0049047341364237,0.24749588327738922,2.1775276086018414,6.3133455344699385e-06,2.856055853149338,2.477542632323878,1.1145571961282479,0.1636224879560153,1.4622549634476436,0.01404162558849087,2.477542632323878,2.2658038477593725
GJ845,330.8643065,-56.79576,4634,189,6628.863782885484,0.49552688650739024,5.6359087090007804,15.041669577684337,0.5847188027417232,3.641137007338204,0.0,3.3125795244182323,2.1347029343256523,6628.863782885484,0.34064534249199924,3.181862422364524,0.0,2.134702934325652,1.7333927916142722,314.16416032632645,0.17705287038717074,1.6261369192858712,0.00010853350507422643,1.7333927916142722,1.5724721180636296
GJ846,330.54268,1.39966,55,54,2345.6447718003765,1.077023,4.681067657770805,1.0433898722478427,0.4323293964505986,4.659857290231427,0.0016676951155978337,4.27631838569164,3.2219458340597433,1.1423780118834925,0.5321873219754993,3.4372671429367236,1.3239316704827253e-05,3.2219458340597433,2.2037089152283698,6.979008544481926,0.35515753067398714,1.9430318229930994,0.0395976540394285,2.2037089152283698,1.769624184030048
GJ849,332.4233365,-4.640145,75,75,5738.082981800195,1.144002,16.886697736003693,1978.6493040690318,0.9523445064163283,29.23571239810391,0.0,16.701234206263564,3.645902516005254,39.764954828830156,0.29357649591619756,2.7713041509965124,0.029477116236841794,3.645902516005254,3.0643447444536474,19.965494021573388,0.3518483666053115,2.5906582511843603,0.0014690865948078224,3.064344744453648,2.467038531352537
GJ849.1,332.53942,-32.55008,2183,41,2608.9458298711106,1.1032320561253375,6.881422969855653,3.2812801281236452,0.5554478110890196,3.4651676351196965,0.0007992604370079537,3.2192689270541774,2.146439412715607,117.52008242662659,0.5957108860134442,7.039060678746986,0.00013805872055416835,2.146439412715607,1.3647863115376953,1.93757581126707,0.2749274109400212,2.6221860307916254,0.998910539911391,1.3647863115376953,1.1621318438797255
GJ851.3,333.66058,-15.81832,228,109,5023.137408900075,0.6300950910617542,2.958991950260816,30.55436380109533,0.2830495214506776,2.232618711101923,0.00015356359880924764,2.7809193956427087,2.3546858857270876,1.5480576334134837,0.23962584913925372,1.7070629192316533,0.0032628561312512128,2.3546858857270876,2.053272794453017,1.025067324225062,0.1571557595738622,1.1744245474057164,0.4991628820220744,2.053272794453017,1.885038890239759
GJ853,334.567469,-53.63011,180,62,4432.980602600146,0.5237006951957661,55.6477631348709,1.0127897195796542,0.31842544319803356,1.7095996489597711,0.07665186370989985,1.968570286931798,1.625202982434638,2.7151225593190094,0.36969537650627743,1.5235032764840852,0.008549020841736477,1.6252029824346386,1.290276706683841,1847.0752510833945,0.30662944314292945,1.1860351225883787,0.12194840747831037,1.2902767066838416,1.0743988999645697
GJ855,335.892925,-57.222315,36,36,4370.917243700009,1.4341059999999999,3.698479280801101,1.0878882083976338,0.5302566198082437,3.4140349061196704,0.03520102397833191,3.3325822739809072,2.284079491137951,8.054021086604042,0.5269763230925144,2.44556236623109,0.039130831659656806,2.2840794911379514,1.5709148823277042,1.2198362479627183,0.4487244382694098,1.5399822808349768,0.34835851218789493,1.5709148823277042,1.1663718358001776
GJ86,32.624587,-50.82162,117,24,1177.8569033076055,0.5662797505896029,234.61143953356833,15.767830030891634,0.9969917966490717,389.76292710861463,0.0,225.9439582517425,12.392368759208068,7.862863172947964,0.6930423926113746,14.197234433780217,0.008701455415627724,12.392368759208068,6.865837632518143,15.68384691488156,0.6026737944823024,8.849824378199745,0.10898802093147064,6.865837632518143,4.327799512239875
GJ862,337.3141485,-30.020505,46,37,4430.984184300061,0.725562,3.501755526418999,1.0146285141856282,0.5971319039482705,3.3496154443927315,0.002130771807638099,2.9255707976684735,1.8569151107475492,36.34933703281425,0.5135948212617942,2.029993116520018,0.042555732554298786,1.8569151107475492,1.2950637445836402,1.043738766235615,0.6568391212072007,1.456521840823541,0.00016380332017795762,1.2950637445836404,0.758647500238086
GJ864,339.041538,-0.843475,22,22,5601.751768100075,1.245471,148.15923468559922,5601.751768100075,0.7023171840176841,27.085516900636602,0.17174388269850327,16.41750416795005,8.957442270403853,3112.0843156111537,0.6922349611525174,12.293662277924511,0.22127809211721516,8.957442270403853,4.969282191125262,1.1337054032705425,0.5847044622580699,6.053223898353496,0.9590129915843287,4.969282191125263,3.2023757774932355
GJ87,33.079986,3.56822,166,156,6578.950928561855,1.0787695,1.8989543455106097,1.0163053308248924,0.1963063934430683,1.1176959650805776,0.00044907979549146937,1.84694705502137,1.6557688303371727,43.80127116219613,0.16899206049058538,1.0328334120056297,0.005585503275136516,1.6557688303371727,1.5093928532170842,234.96253316292353,0.13581009972102734,0.841310044191046,0.10207384117906348,1.5093928532170842,1.4031589881529019
GJ876,343.322913,-14.26516,270,249,5730.20439490024,0.964767,160.85022817826072,61.089599092753105,0.8240732569287288,216.1418913528528,0.0,148.3914472129636,62.2407477742085,30.238545619526334,0.8666951566162596,86.15389919619481,0.0,62.2407477742085,22.724679468537293,15.0438550666848,0.31654524818255997,17.950247268166777,0.0,22.724679468537296,18.78679298770024
GJ877,343.93571,-75.45844,50,49,5691.230896499939,1.141184,3.762217846417465,5.035596263050732,0.3771571775252683,3.7556896069514245,0.15666948916442291,3.8727162584126287,3.056362840255274,1.0107681057968843,0.3358297326632151,2.3974603438985596,0.5035777271281077,3.0563628402552743,2.4908330850581435,1.079069981513772,0.39564337470069383,2.264472503678772,0.08407237747901686,2.4908330850581435,1.9363830367888126
GJ880,344.139568,16.550145,140,140,4664.170255300123,0.902672,3.3347237555469347,40.00146016552421,0.22336584971969503,2.2877059358142446,0.00018123748032750076,3.2126682702480345,2.8312233132303275,20.43000549846747,0.22023840008206988,1.958571436598181,0.00023771007904627162,2.8312233132303275,2.5000865739112967,37.224024383879666,0.19588637297166928,1.672026696847638,0.0018931689893194603,2.5000865739112967,2.2418872075267102
GJ881,344.41269272,-29.62223703,1496,34,4929.163102180231,1.2897327863060883,422.69406622876244,2.9808678653726592,0.6852381145481398,422.79000341881783,0.0002590384726257611,375.1246540177004,210.45859990698997,1.1248147282598304,0.5677188850012715,351.2495162139256,0.025451027605130294,210.45859990699,138.37250668214614,5.467734999645291,0.515636798248606,173.3064610267033,0.125561724202769,138.37250668214614,96.30201606713189
GJ882,344.365525,20.76525,308,17,1911.8396608051844,0.2719331838990876,28.87946445648919,4.230669751726454,0.9974188854749849,54.22731063322989,6.363798377151397e-13,25.46639055079514,1.2938115751725705,1.2636085002017086,0.8496798509407673,2.732072316652248,0.02180432208886085,1.2938115751725705,0.5016255292326862,1.4457347707238242,0.5414162393116753,0.6914895805577702,0.9999999823898358,0.5016255292326863,0.3396948530883426
GJ887,346.509662,-35.84767,715,183,5674.335113400128,0.8996700000000001,4.07921671869469,9.264220593306328,0.2743346779610967,2.5739674564122663,2.287661837740984e-09,3.1459929851358015,2.6799453303067575,16.77308635353274,0.24028405845137482,2.1036598131977207,1.3545514143675774e-07,2.679945330306757,2.3358855198070696,44.365403544957985,0.16065752811585213,1.7328555473411966,0.0009643064397468759,2.3358855198070696,2.1400363699964853
GJ891,347.57146,-25.929205,28,28,526.6224664002657,1.4499415,3.247914016032476,16.354734981374705,0.5506106593463382,3.5531362306918823,0.035028658481924824,3.120955591332428,2.092179645039602,2.2248519915516076,0.47241345589251493,2.160879679117458,0.21690490606805524,2.092179645039602,1.5196578846436304,3.9329534458570987,0.38339029545519443,1.536795743683731,0.7961037200910984,1.5196578846436304,1.1933037503092794
GJ894,349.4084082234,-42.19160547496,22,22,5460.099372100085,1.756992,2135.9585134604376,1.550195722020353,0.7521014995516306,2106.9542013415535,0.03802351008935545,1580.9429919869676,787.1421336490131,1.5511645943466157,0.598740610352042,1227.2847910251648,0.9021625579437346,787.142133649013,498.61548721556585,1.6804442238397412,0.7276033007583063,742.8958406872326,0.08273960779450085,498.61548721556585,260.2355859537674
GJ9003,1.88736,-23.81768,21,21,3240.153435799759,0.9836330000000001,1.1334758995808678,7.434955107388161,0.7760750239645248,1.325985620054937,0.009642601945471063,1.0934929315640824,0.5174486381181597,2.3912571481917055,0.6533145174839727,0.6888781673972739,0.3283509245314514,0.5174486381181598,0.30467377677400437,9.476903877741329,0.6360721962191195,0.4503941609959415,0.45190361212763297,0.3046737767740043,0.18379880968138407
GJ9007,4.32095,-43.85258,21,21,3230.234552899841,0.902532,2.9721074090825828,2.7047094975298007,0.7779865796249666,4.719223184490229,0.008940674189612974,2.739570305403792,1.2908389578229926,2.8206728544357675,0.5500496143317659,1.4546320047682366,0.9737779477920347,1.2908389578229926,0.8658733603309694,1.7198565397187955,0.6449013184644684,1.0726441313897606,0.38523379866585583,0.8658733603309694,0.515975295099038
GJ9008,4.4980835,-13.454205,212,135,2978.9778379001655,0.710517,21.314774364914022,1489.4889189500832,0.5177095529126762,2.6359912729149713,0.0,2.6009066103214304,1.8062551082587146,1.0009669829307373,0.14981586289890886,1.2463870580076832,0.07506316142502412,1.8062551082587148,1.6654652943283037,1.0423660162707467,0.19346138559348391,1.0961840361208866,0.002535099066080737,1.6654652943283037,1.4957126596196668
GJ9012,5.718281,-12.20991,105,33,5549.851675581187,0.9897064980789803,30.674749516958116,3.8758654065096634,0.46467522692274443,34.59115106226706,0.5855479551113851,31.550579056196153,23.084262550573253,7.801309636746117,0.5105183611131463,22.623380485683015,0.22235780639480407,23.084262550573253,16.150434392274843,2.277983694775351,0.48759724405838534,17.036109252603634,0.3795345745306097,16.150434392274843,11.560854526039519
GJ9015,8.18576,-63.032015,36,15,2487.058729218319,4.3070781774154945,3083.9197323896497,365.7439307674,0.9922242177121857,3720.2244574149063,6.231560600866715e-09,2445.580667979119,215.65227243496886,1.108265553771365,0.6454157910226659,415.3708158646357,0.9997543443176596,215.65227243496884,128.41440216245084,2.0588234513396686,0.7074683636380205,256.87360913171193,0.943980922111996,128.41440216245087,69.45446243814776
GJ9018,9.99946,-44.25307,51,47,436.9742609001696,1.713615,4.084494231002325,1.1096349946677746,0.5488422619715664,4.568939233353951,1.6122938697793465e-05,4.0383744132565,2.71250649554265,1.0293857736164185,0.34872921028379866,2.305302291712436,0.04226103187728758,2.7125064955426494,2.1890293618536334,1.1600060018586928,0.27219070699939674,1.585313720521545,0.37560812574605384,2.1890293618536334,1.867499030984096
GJ902,354.909831,-72.72253,54,39,4433.00558480015,0.760323,7.847883090686881,4433.00558480015,0.629181054840356,4.859762906526046,0.0002100422627951959,2.154026754106123,1.31169254499272,3.159211505701362,0.4952284708369348,1.4623715070617445,0.038959518973864515,1.31169254499272,0.931921810185523,5.6586744763851815,0.42568465655845467,0.9734946470558773,0.2999435184499658,0.9319218101855231,0.7062438603837823
GJ9024,11.11326,-26.51462,43,29,1880.876283499878,0.877368,1.9017937733209052,817.7722971738597,0.4577082295504022,21.149570927768288,0.7036817668652929,1.5347152244569968,1.1301713880226165,1.655118165698589,0.3793797851441986,1.0579604160301956,0.9978622104413054,1.1301713880226165,0.890342832800436,4.006126269435307,0.4273065780656765,0.9495742168616661,0.9037930157830956,0.8903428328004356,0.6737803860343303
GJ9029,11.8766885,-36.94101,35,26,4013.9348351922818,1.2933986142900569,2.167880618469676,1.0801471529808895,0.5559112346452142,1.7204422889288267,0.41238624680590363,1.668241732568165,1.1117160469684757,2.8636190591369646,0.5506856366779866,1.3524954703717942,0.4537650823599677,1.1117160469684757,0.7451934440660954,1.1460853825178547,0.42191310320240794,0.7648626728490149,0.9999375218225697,0.7451934440660953,0.5665856727287557
GJ904,354.98939,5.62495,81,27,2123.227300905157,0.750234172879655,4.140109558070017,5.0843565634702,0.4940708682785755,3.613988631136152,0.5679757869068583,2.798189778000572,1.9903158854293082,1.5295924651719297,0.4218907445826443,2.1354419974727827,0.9796185117949228,1.9903158854293082,1.5133067543637244,3.1100443839243526,0.4668645275703095,1.9131363530691416,0.7841382515152513,1.513306754363724,1.1049579736714652
GJ9055,20.7646915,-12.965375,132,60,6618.906084608287,0.7945107924258888,2.5919614146033503,1.0460373735078516,0.362469352522403,2.0705721893105076,0.02744551865539413,2.2536225941626205,1.79941659596958,1.0800734448301754,0.25558453572771644,1.2860860984248887,0.8613276816395398,1.79941659596958,1.5525279049666054,1.5128928193390359,0.2893261161121512,1.2106007918070103,0.4240083022315182,1.5525279049666054,1.3088039376620886
GJ9075,33.1959455,-2.39664,58,50,2237.9311808003113,0.7495865,1.938944491242202,360.9566420645664,0.6260376206784823,3.0004387894031868,5.473619149043429e-07,1.8868351976056483,1.1538462056895662,8.587610056793213,0.4249624227228727,1.0472285513596968,0.008727911378585862,1.1538462056895658,0.8749757951569724,154.3400814345042,0.35795045295239736,0.7970335231134152,0.0994058367139754,0.874975795156972,0.7011005552659887
GJ908,357.3061,2.399125,87,87,3277.0018674000166,0.9436870000000002,2.1027464254497192,90.02752382967086,0.3600834582780228,1.6840482864773092,2.9475146124391394e-05,1.993332238975241,1.5945618127420567,4.371084256902787,0.1692295705794213,0.963780293272816,0.7751832836924039,1.5945618127420567,1.4533890174119435,3.2014477016412846,0.21772538371560776,1.0093973553155071,0.11570010873824121,1.4533890174119435,1.2854686608913701
GJ9103A,42.54329,-53.13698,49,38,431.812722499948,1.0608672223979334,2.6927683853778355,38.55470736606681,0.5726257010774429,2.5411484319990096,0.00022801799092031505,2.536012615150802,1.6578896116339763,5.651998985601418,0.4042220647971266,1.4405413300247045,0.06262890501239482,1.6578896116339763,1.2796694963648494,10.281255297617816,0.28127158460013624,0.9661091957041131,0.7925339643436914,1.2796694963648492,1.0848763090226576
GJ9109,45.9146395,-5.6667,22,22,3386.811306399759,0.8624075,2.420864584758049,1.0169382976218346,0.6739957051697868,2.9934969808042977,0.1313588207985803,2.225066984093176,1.2704417294606194,82.80712240586206,0.6081288123966863,2.01513499623395,0.5218839960178189,1.2704417294606196,0.795291639346507,1.1050676410857996,0.6626819018959573,0.929944490748413,0.17422998564540437,0.7952916393465072,0.4618981665694731
GJ9121,55.0944,-3.21766,214,144,5087.1276520574465,0.7529515597588734,1.6302374568096627,40.59958221913363,0.19082527440518168,1.0310207853961015,0.002064793967505696,1.4851633103689217,1.3359658795415212,24.88810005898945,0.1346066965182093,0.6985325262445533,0.1976080613740655,1.3359658795415212,1.2428025382261263,2.9042747499757047,0.1574676016924026,0.6933245621863025,0.033669740431575335,1.2428025382261263,1.1407630260518604
GJ9137,58.33354,-37.06935,27,20,6534.075049599633,1.829665,3.3051541000747133,1.6047535549278256,0.6232963819101914,3.508393631019799,0.9866697747589562,3.0355016262657104,1.8630751172264204,1.1805653512565502,0.6829513266105881,2.6920267027681555,0.6941522367930751,1.8630751172264204,1.0490431098543458,2.7967619952915412,0.3634862221667091,1.174748834190343,1.0,1.049043109854346,0.8369456183413942
GJ9144,61.645515,-20.85551,43,16,3660.084816365037,0.978195131813211,2.6314475308370002,1.0879833585104597,0.9491330079220718,3.8190832823287253,6.338186181953365e-05,2.59009883818894,0.5841634298564231,1.2075900941519144,0.5485262107633637,0.664733766226479,0.9999999999999694,0.5841634298564231,0.3925099191758463,2.5385523764496027,0.7503930648850062,0.5995907749699152,0.5872955375860657,0.3925099191758463,0.1961006169836595
GJ9156,66.286255,-64.079875,104,44,5192.86180051649,0.7755996277654404,3.416747293792903,979.78524538047,0.8132808372336424,6.850391043964538,3.170230744586888e-11,3.235633264429431,1.398149904226381,6.11356463446726,0.2972324714971832,1.138054293739035,0.995252773934051,1.398149904226381,1.172086275449673,3.165414081387681,0.390367354729956,1.0596342612643455,0.2841751925982372,1.172086275449673,0.91515295869181
GJ9165,70.51614,-37.143,35,15,1606.760287122801,3.8506931078369147,204.62442079452072,1.5290828769725926,0.7211004947252296,362.2851508553205,0.7610727971504492,204.79967967081166,108.15662950453537,1.3234167590172148,0.7534315872052229,180.08455386209832,0.5165494184918736,108.15662950453539,53.70588338696643,1.86919530842578,0.7091334910236143,87.9225756267186,0.8353522740140562,53.70588338696643,28.964679260182884
GJ9178,77.97713,-9.11434,25,25,3670.9466748000123,0.803441,1.8257299600049228,61.59306501342299,0.669481798985043,2.0404136761670397,0.03229232070196664,1.7028188126306958,0.9789626659508164,19.371750262796887,0.563400100151654,1.128996286758204,0.45683127657890477,0.9789626659508164,0.6468564985654974,1.1147389009747686,0.5672114185135938,0.7194973866650829,0.42687475778910544,0.6468564985654974,0.42554534348059236
GJ9191,86.12902,-70.14016,277,275,5050.088330199942,0.917044,2.6615449563602755,14.03192089524852,0.305948873649947,2.1123848389159194,0.0,2.662911141336098,2.2184641060934105,5.636888414108654,0.4234537854982746,1.9564573876484292,0.0,2.21846410609341,1.684494001839512,1.0275267213721704,0.2802176483651263,1.2730939319255619,0.0,1.6844940018395118,1.4291245043075105
GJ9201,91.090165,-55.31161,89,86,5942.773623700254,1.7802525,3.4269153976131745,48.19767740227294,0.29750006885574554,2.725881342536157,0.003649989742765203,3.208489674738211,2.689204250553962,1.1130665512352742,0.2876718795734473,2.0934638637945233,0.006398254154383998,2.689204250553962,2.269675834268903,20.96216445749648,0.24339643163336827,1.5880017499037016,0.0711467609799471,2.269675834268903,1.9742312691478534
GJ9219,103.39297,-28.540175,88,37,1818.9496921482496,0.5977351306237116,2.282166492028007,2.3337820017298543,0.5740049439001695,2.451400956714257,0.0013945766001131066,2.0265501525410134,1.3226947673127012,68.12545663476587,0.45832766648250123,1.542343399500094,0.07085539822569586,1.3226947673127012,0.973482082523574,1.0395186262134235,0.4198832291066013,1.2393647345508023,0.20373651847272323,0.973482082523574,0.741456493571322
GJ9222,103.3167025,-74.72355,44,44,6487.274736099411,1.8448025000000001,8.294241211588865,2.3681370869896368,0.42432162300292287,7.344450523248355,0.1276953479507259,7.397442138283093,5.612696197507367,2.0833278962392536,0.48243450504200613,6.247843220693474,0.017005733556475278,5.612696197507367,4.037887297327994,1.6058405703498717,0.3158253781701872,3.41569318990873,0.9809687637173934,4.037887297327993,3.33993237418749
GJ9223,105.98858,-43.60764,82,28,4410.955471543595,0.5576135575782406,1.8635729474355878,17.524654237360316,0.5679460433728648,2.3210901299943596,0.24714044385285427,2.009050371504389,1.3205651104637217,3.440414532051784,0.5712982502354061,1.3642416787854648,0.22860409857589914,1.3205651104637215,0.86464422875516,2.5100753835677416,0.49996709790457156,0.9964791516078778,0.7821631291527518,0.86464422875516,0.6114159133766482
GJ9241,116.76648,-13.93874,33,32,1112.9085790999234,1.784653,2.0442238139558353,1.261086208611811,0.49506803775777036,2.221692266057889,0.07491048302641445,1.895263026665261,1.3467467046977926,99.366837419636,0.4039051770604335,2.2481762560779988,0.5486410202567426,1.3467467046977926,1.0397851163192768,1.470156643460929,0.3849978726509355,0.9102461604560106,0.708265138899505,1.0397851163192766,0.8154210256186172
GJ9252,121.753875,-29.40262,39,24,3066.773666500114,0.7744223700504427,3.0288348504886073,2190.5526189286525,0.7469624732497213,5.074127292796397,0.0032935409010053096,3.1020824491753998,1.560435433999598,1.8490134248764702,0.735680522195391,2.3445917380816437,0.005089956496184045,1.560435433999598,0.8022512222977306,1.0566337053817922,0.6791130479830338,0.9036317174425065,0.034863414842864704,0.8022512222977306,0.4544503230999629
GJ9254,122.252653820198,-61.3023738607369,35,15,1820.871853523422,1.0366233559604356,1800.2093670436634,958.3536071175909,0.9984952089826069,3085.781704631557,6.06070749142873e-13,1637.70008085781,63.52906528318197,1.5090931986767966,0.6911481902568134,82.25067525157529,0.9418301488806453,63.529065283181986,35.30592063152869,11.908906824875231,0.8419136512972436,71.63633372472735,0.06894935692347803,35.30592063152869,14.03766018094374
GJ9255,122.668,-13.799195,222,85,3022.76253994694,0.8781627646278594,3.7686754273058867,1.3449444004213311,0.22101406375820343,2.374300412049896,0.1150631143074794,3.483604090740567,3.074635239001714,1.4966393721577171,0.15946157683574752,1.8556215921633412,0.9301128267941892,3.074635239001714,2.8188527234197434,21.287060140471418,0.1625477510981469,1.7071856879019764,0.8989804606786241,2.8188527234197434,2.5796002625493157
GJ9263,126.457006,-29.93121,67,67,4821.836604900658,0.812096,2.6031051900222426,88.79993747515024,0.6510824771258895,3.0729362742771147,3.211297894267773e-11,2.4866297407799056,1.4688333136061513,1.1215660134212548,0.3191759815682743,1.1634715932048758,0.03164015344599225,1.4688333136061513,1.211964637383457,10.250502986608543,0.256364455650853,0.9006587682487641,0.39091604372134336,1.211964637383457,1.0451292878420828
GJ9269,128.44237,-23.3548,39,29,3384.781620999798,0.7887530000000001,1.3271771794932208,4.28833348663347,0.4631071018926293,1.1397202643662234,0.7589105262499226,1.075397710777988,0.7879759042991555,3.439119712456612,0.5703917072208824,1.068825616601973,0.08392849023208415,0.7879759042991555,0.5164749536606673,5.815775981099309,0.4656799803297729,0.5474962243453397,0.7380663481058962,0.5164749536606673,0.37752871387242964
GJ9273,129.458791,-6.80677,38,20,2100.1274918345734,0.5371283892917893,18.155873533035557,1.0521153708905233,0.8147021071733335,36.555778501725996,0.006754474621652129,18.213076257559376,7.840044841913589,4.081087236367224,0.7316805995628598,10.720094637751227,0.10315900965623259,7.840044841913589,4.061108420067916,1.5724225006248678,0.6889089943721124,5.58066233085227,0.2811905953515039,4.061108420067917,2.2651048574122505
GJ9283,134.85064,-59.08367,36,16,1789.1301928246394,3.467879895381159,76.61436452978727,1.359211572456612,0.7078160632740967,74.2485737871453,0.6714028064040379,54.96815685328174,29.712510130199053,4.996174791467855,0.6896889253601994,52.03655221799069,0.7975449058762695,29.71251013019905,16.5515237096568,1.2150289934292962,0.744365678923679,26.063206117416872,0.39290912892171515,16.5515237096568,8.368498853541919
GJ9296,140.184231,-5.75411,35,35,6518.088472400326,1.4515540000000002,39.32295672105385,10.747054365045875,0.5386792112573362,3.5188213364229513,0.05771003139767217,3.1399171510635084,2.132650564532426,1.495077292566076,0.4842784909214153,2.655043117583195,0.2712589083556558,2.132650564532427,1.5315364044224258,21.066866426633236,0.58412724647175,1.9514841449428662,0.012466197131704382,1.5315364044224251,0.9876602115758408
GJ9320,153.35214,-33.03072,52,20,3435.601051699836,0.6516260343397346,7.723606649419588,981.6003004856668,0.8286045073791947,10.245800552535666,0.002554560502834091,6.3028440565501755,2.609373577173391,5.208612874014301,0.758820122456655,4.4219329680228485,0.03855645387604578,2.6093735771733915,1.2814651371233219,9.653276346445162,0.6003918381592162,1.6577279865149923,0.8929058007378788,1.2814651371233219,0.8100726516134253
GJ9322,153.5364895,3.15017,113,93,4129.729844886344,0.8108789974564946,1.7510553657883947,417.14442877639874,0.3451766368662127,1.895348962826342,3.3517325330856274e-05,1.7060094767394582,1.3805226051167545,3.242309684294848,0.19519694092428555,0.8578420782807247,0.25362790795107604,1.3805226051167545,1.2384781005292516,1.1552015007094876,0.1987781797098097,0.7927959964507586,0.21369252109116388,1.2384781005292516,1.1085740690112946
GJ9332,157.8401505,-53.71592,38,17,1822.953351940494,0.9179053909321495,3.5154582225298703,26.847619321656737,0.754822266856925,4.56311450855996,0.1779575273121362,3.1212272282668416,1.545488933161745,1.8165952685007403,0.8428581609011795,2.4201917529062924,0.010815919256430218,1.545488933161745,0.6126491218773509,24.04951651636534,0.7512421931670116,1.0640259231145714,0.1937224096647503,0.612649121877351,0.30556258468136727
GJ9338,163.374354,-20.139125,40,19,1989.6539344065823,0.8806497732232228,17.577261864336734,1.1283694971964966,0.6448999602644572,19.513906767747006,0.5699523190222886,15.775092803322135,9.400420552783281,3.0073366602276037,0.7152999565991123,13.193845381271558,0.1485961308483995,9.400420552783281,5.015809688196999,1.8685705619896529,0.6585409893684903,8.69585419621739,0.46687905106934335,5.015809688197,2.930963019651631
GJ9356,169.30517,-1.9817,37,37,5864.985040399712,1.383423,4.237338906619964,1.061017247752178,0.42966428436256976,4.183636348123837,0.5205071496825633,4.065565280168557,3.0703382517656475,1.734843387582369,0.4941067422864553,3.1306106743949442,0.10230747872666279,3.0703382517656475,2.183814116699026,2.0194143306131305,0.4817493060600317,2.0513038915178985,0.14682685243680815,2.183814116699026,1.5721197195095127
GJ9396,183.1207685,-3.08237,141,137,4887.649763900321,0.829514,2.302596704764448,1.0288056251368864,0.1337054423938258,0.9379144109857303,0.31325759352241234,1.8309803510972293,1.7041839733416122,1.068362098384734,0.10721840444767898,0.8223386952997163,0.9356588470520193,1.704183973341612,1.6102343658043945,3.780377263439029,0.09636780187377085,0.7030216931129869,0.9977381524553763,1.6102343658043945,1.5306818753682152
GJ9411,188.01565,-16.19574,43,18,1957.6653150073253,3.9535032128883287,94.26023179742064,1.9726575120992813,0.6347609076312675,169.94678618143442,0.8168029239348473,74.61617571114738,45.09429627181498,1.745577632641397,0.5640087589810745,63.534383449200966,0.9971717575165697,45.09429627181498,29.77559825557532,7.893811754061803,0.5409259444559431,51.312767313171605,0.9997808810343716,29.775598255575318,20.17445776353756
GJ9429,197.212352,5.20413,76,35,1824.9876141236164,0.546032334272119,45.03546856975502,1.018124191979702,0.2446308314059645,2.4479367822230316,0.9999999999986487,2.809853756900754,2.4420994411526227,3.279402720797153,0.2595617657219715,1.858602089684333,0.9999999983425926,2.4420994411526227,2.101395328611213,6.153026345662899,0.25969262202801924,1.6041159545667638,0.9999999982509343,2.1013953286112126,1.808064009044614
GJ9441,200.14922006504,-36.712304581225,34,16,1951.6773837143555,3.9719184109729424,1363.1595533750747,464.68509136056105,0.9251706637478494,2466.571112566938,0.00034239329832863596,1408.1068917108757,385.18695496741395,2.3446388559759215,0.7790816333110588,863.5528247325368,0.2028954081038188,385.18695496741395,181.04539488869122,1.7939860131577872,0.7989817185533516,287.5645306195382,0.12076681963824865,181.04539488869122,81.17181564207993
GJ9467,212.111175,-74.84711,52,26,3327.904474867042,0.6488578147997386,2.03291992370673,16.474774628054668,0.6281628583434113,3.7213234677913714,0.06059292064255961,2.040560359797566,1.2443020874596553,1.038477337223692,0.7394046155912481,1.9492677178269147,0.001251416446100051,1.244302087459655,0.635198098481106,1.1685057847145517,0.5212204209020052,0.7525496412009925,0.6351677556182356,0.635198098481106,0.439518336797183
GJ9473,214.005954,-6.00173,111,22,3023.8032873449847,1.4325636375748498,111.65099038870953,12.104897067033576,0.8988339186276507,40.00334292865748,3.3552358665867033e-06,25.81075751215448,8.209528498034093,2.8971958295918245,0.536126340169611,16.505852809262798,0.9505908338079205,8.209528498034095,5.591367929332312,7.486514700037105,0.5466714966841286,11.807389984819418,0.9132853024422595,5.5913679293323115,3.7646498122848087
GJ9479,215.34723,-40.39352,137,120,2075.223897600081,1.15452,4.787749272646805,9.67470348531506,0.4874244359512404,4.26413794434033,0.0,4.415097480907965,3.1609617890015103,1.0250550247468908,0.256359642042413,2.3361240302904602,7.176062744307377e-05,3.1609617890015103,2.725842267739979,1.0003971739298498,0.2388504999532332,3.161029520486046,0.0002767251400996873,2.725842267739979,2.378130620012084
GJ9482,217.32735149705,-46.46381605085,59,56,5520.946521299891,1.6707830000000001,23.213061621058053,3943.533229499923,0.3879272821913087,19.922445120624676,0.019999976831954647,15.044700648727376,11.770233045503197,1780.9504907419011,0.37306671694799676,11.17354616614397,0.036560640684162315,11.770233045503197,9.31956678872491,1254.7605730227033,0.46454511063410875,10.413593309744378,0.0006671446165459338,9.31956678872491,6.819572791105184
GJ95,34.742541,-25.94358,100,39,1093.9102934999391,0.6226881149102609,1.4481269448423133,21.323787397659654,0.7098218753913865,2.2103070074697615,4.317297808142939e-07,1.3702482335565251,0.7381278395399336,2.616384342262474,0.3207294395230793,0.6729525879245484,0.7156945523702359,0.7381278395399336,0.6083492570827058,18.171267333886053,0.3198138460692136,0.591198925203335,0.7241017751568384,0.6083492570827058,0.5017263099887019
GJ9527,236.007343,2.51378,155,40,5120.923655972816,0.3741399290849952,5.566179838093508,30.609226873716793,0.7478097255868951,6.5762193988442394,1.7358332182748626e-07,4.418404918279967,2.218858874319667,1.0063917254879373,0.5681161465941476,3.838064668564448,0.002126773643470359,2.218858874319667,1.458186807209288,1.1137042813276832,0.4488576906741254,1.5831268532329072,0.14087348217110396,1.458186807209288,1.082542711761581
GJ9547,242.954382,-52.9181,21,20,5106.089760399889,1.7716425,3.044516028021152,4.063740358455943,0.7803262507348051,4.835992982935877,0.05735505201087332,2.69512951205752,1.2631901219182544,4.26040030070913,0.7521881613990952,2.1806216316050406,0.13571582468768573,1.2631901219182542,0.6288249221565467,3.823640677250182,0.6753707830558486,0.851093596486338,0.6688628639663693,0.6288249221565467,0.35828081034537135
GJ9592,262.594355,5.54708,150,148,4494.771344000008,1.0425005,2.834474618886353,38.681336867469916,0.32248725161379077,2.277955758757805,3.657442682047929e-09,2.777969880920315,2.286579304870938,1.0604627448389772,0.18597126968303151,1.4017878119643365,0.0018320905994241299,2.286579304870938,2.0630328106384903,12.56927109619688,0.15746070703021758,1.1945114596153876,0.02126390373144993,2.0630328106384903,1.8936565615916126
GJ9630,279.30577,-25.6708,22,22,2512.154939400032,0.8083625,5.409161316846834,13.194091068277475,0.6723667027143135,4.062386254247223,0.10348117655128652,2.9214699927935275,1.6722278273317788,1.005626251711313,0.720365638526323,2.0040100841865156,0.025911513641937445,1.672227827331779,0.8842818567196032,2.622017471453952,0.6901735521672262,1.1602646932532228,0.06392495187014335,0.8842818567196035,0.4922094623033899
GJ9659,292.71966371081,-6.51442367938,81,73,5020.228995700367,0.884944,1.3526505762955543,37.520396081467595,0.23242492458655215,1.140903636984614,0.46388458278167555,1.2397418725477687,1.0861547400131573,6.615139011332673,0.3055754800914117,0.9087054818995557,0.020483335020245463,1.0861547400131568,0.9051159652467785,3.4804693536469533,0.21809864579794622,0.6401447485388773,0.6893538028123822,0.9051159652467775,0.8003504769796804
GJ97,35.636845,-23.817505,77,34,1401.1023314236663,0.6093316445810424,685.4214259312203,1401.1023314236663,0.554206728244292,4.7405475627044416,0.007612103229544642,3.0684247047114503,2.0487181995435413,1.0026494428393204,0.48596004706286805,2.2479724302021946,0.06268181554318819,2.048718199543503,1.4688608752201624,31.204951702086106,0.4009162555229968,1.5752704562455317,0.4745680479318043,1.4688608752201742,1.1369056659500476
GJ9714,315.4146335,-32.524075,28,27,5265.647162699606,1.390222,10.199053478096443,12.72817781653277,0.5635724668505964,3.8368033119338807,0.4378577105232958,2.8844047218956987,1.9055145467331103,1.51137978263479,0.627887665092927,2.4371660498234413,0.09490959792333675,1.90551454673311,1.1623831392264494,3.4026799112759987,0.5193074835395428,1.3026482729481168,0.8112159810052331,1.1623831392264492,0.8059033892190187
GJ9733,319.96893,-53.45043,36,16,2142.0597737347707,4.150591206434571,1690.4047552391573,1.0194459231557065,0.9531462259884539,2240.245959408339,2.2650574433180637e-05,1601.934821247343,346.75052784709897,1.2222880306617805,0.7192444958198068,542.7189757668691,0.6496421013561857,346.7505278470989,183.73050576276583,1.8269166513729387,0.7937506256655918,281.42883465939997,0.15194700307778664,183.73050576276583,83.44063306728533
GJ9765,331.695117,-45.393795,26,26,3609.9999046996236,0.940517,1.9466505741898503,2.8838471838150057,0.6458188747252335,2.4716304968341243,0.03892810404238056,2.0102019369843696,1.1963338573203903,3.897646193802229,0.6024635950342577,1.7269954176524398,0.13188060434242221,1.1963338573203903,0.7542943363227818,1.015985563632676,0.5376518007126697,0.8335329386669005,0.5252040284107763,0.7542943363227818,0.5128914177784599
GJ9774,333.6643795,-41.38544,257,135,6567.983465546742,0.664660718726384,1.3181870152154693,1.1344843102129316,0.22247823997284155,0.9070746678721662,0.0005170874593580788,1.3680984027489973,1.2063507872564596,2.1659357161148747,0.16810160959303325,0.7508161640141257,0.0410080811818897,1.2063507872564594,1.100294023436879,1.192487647617333,0.1508213298735737,0.6608207575498777,0.14728762211323865,1.100294023436879,1.0139307455978666
GJ9787,338.377854569583,-35.4445456076561,43,37,4236.306171000004,0.830553,1.3680352603977721,4.987410137744298,0.42495340227736084,1.2149853224524474,0.4542363561845555,1.2074969506683677,0.9156669979199018,250.6690042011838,0.44914514713043896,1.0808008727020624,0.2624600760928142,0.9156669979199019,0.6796043526254752,3.291613186480192,0.3970981168543051,0.597189834405638,0.7249801254737656,0.6796043526254749,0.5276907384230213
GJ9789,338.674589,-20.70812,99,28,4435.8740538368,2.827829787999688,38.846852862926404,1.2122524196099687,0.5378375957429772,36.32892997466701,0.4617873829939547,28.191815855310683,19.165508961318693,1.3870341933763166,0.5190707781193439,26.99717801748308,0.6243749720053968,19.16550896131869,13.29110043977473,5.8761081651037195,0.43324322884582495,14.339750901319173,0.99845881204167,13.29110043977473,10.005972354973087
GJ9790,339.03557,-54.61145,29,26,2217.9861957998946,0.944654,5.302081387522483,50.5236035489725,0.6750409082899784,2.9371270266806495,0.009414780190247551,2.135864369781554,1.2175533979275097,2.1865005873421657,0.5685877426125076,1.3705497695941067,0.19232188141449524,1.2175533979275095,0.7997131865000435,1.0147715586768051,0.5923210170603396,1.0831454490834505,0.10829471435248583,0.7997131865000435,0.5106148237296384
GJ9797,342.541946,-41.49284,35,33,1447.978162500076,0.789947,0.9279997870669732,33.28685431034658,0.5349923310781866,0.8629475773985107,0.031474509150277385,0.8816724997487748,0.6012254451755686,1.2029394055828497,0.3502674049903061,0.5195976148183503,0.9686120211215252,0.6012254451755686,0.4846237343413526,1.8041093477449242,0.3332453199296477,0.4034931549136663,0.9930848885308987,0.48462373434135264,0.39571974099787577
GJ9801,343.100685,9.83463,162,30,1782.0864363689907,0.5379381458172279,2.522075200334748,1.4885453026804119,0.5069768713542548,2.7041252135565514,0.16566282098646912,2.3009164850744246,1.6156024472348847,1.0150290120003356,0.438382491539417,1.5195465886054091,0.6266252284008482,1.6156024472348847,1.210750958752628,1.1482515698253795,0.38376250758165587,1.3595978099562307,0.962913854067824,1.210750958752628,0.9504491365859636
GJ9803,343.9598335,-7.82231,23,23,3270.0078895003535,0.964926,1.6019257270737741,11.83499055193759,0.6122093815050565,1.5822425372195221,0.3321911439650622,1.3171091650448197,0.8202012389108994,5.28699739612022,0.6233580084942488,0.9538403230420054,0.26363248960858376,0.8202012389108994,0.5033670571319875,1.167943385063346,0.5102933024496579,0.47458691416032817,0.9754554267941236,0.5033670571319875,0.35225146798642903
GJ9824,350.774293,-10.76257,170,76,6622.990834382363,0.7988505965320344,1.8001252859744203,33.68764412198555,0.48884436089061056,1.6830215175321983,2.9827661085501944e-07,1.8418210967922999,1.3168127452664207,1.085611623974685,0.36448521078734736,1.1308835173208065,0.0006788849271937014,1.3168127452664207,1.0497523418891064,1.6978980271188147,0.2709855714317567,0.794031705600554,0.08491625562257421,1.0497523418891062,0.8963031321938323
GJ9827,351.772956,-1.28606,258,20,5085.144692358561,0.7281324979076764,2.909567642944441,4.071372852168584,0.8582535719962869,3.7900377294251166,0.002198251218793912,2.9932905472867026,1.126950747453821,20.059742376167897,0.729105366300288,1.813792424924644,0.24669769575364286,1.1269507474538207,0.586550132053649,1.602579399438581,0.4931657546444579,0.9020359046029179,0.9999999999999716,0.586550132053649,0.41757848331977704
GJ9829,352.88126155758,-4.08740292888,44,29,4285.317119000014,0.7754190000000001,1.5936457771104062,3.9250019408316663,0.5572411162463261,1.8493828644354218,0.21585723935981838,1.6134824897003925,1.0736133385226714,2.385237180785936,0.5650477570651041,1.189293246550528,0.17833406002603958,1.0736133385226714,0.7080577584892985,1.221270802530711,0.5747872058749169,0.782254854043575,0.13901642444732387,0.7080577584892985,0.46171272884412645
GJ9833,354.964953,-32.7457,62,52,5493.012844099663,0.6828099999999999,3.431031392955915,1.0201338714295696,0.48072545482929585,4.051059767048634,0.0011254245242606764,3.163627305195298,2.279732193716766,37.75266559518668,0.43219782062675294,2.3501906657001093,0.009148869245911628,2.279732193716766,1.7178386105377885,18.27957685224513,0.36273056420308564,1.5638865183184507,0.12930311065038658,1.7178386105377887,1.371336086859248
HATS-17,192.1903605,-47.61464,36,20,801.7539800000377,2.9473900000000004,69.98939839978438,16.262758215010898,0.9755695924177826,102.75115923673042,6.500932014930072e-10,46.844327674466406,7.321875947719583,46.61360348837426,0.6382366821745429,24.761122648681997,0.3233659627520682,7.321875947719583,4.403871421452888,1.388799549627641,0.5870734277244818,5.674160742334585,0.6514264157290308,4.403871421452887,2.8298997191661415
HD100508,173.30758,-67.05477,38,37,6560.962232900318,0.843823,4.719534785704019,6560.962232900318,0.8737499221821425,60.12363371546601,2.7675195468646052e-11,4.51357258968979,1.6037484832514144,3.6698524627476883,0.4431798872776995,1.7132678061053492,0.42891347691254134,1.603748483251415,1.1967232141056867,2.5985037953583574,0.4280314343735077,1.0614007606870832,0.5771579045123352,1.1967232141056867,0.9050650537514133
HD10069,24.35430533279,-45.67788186596,73,30,4107.912028111983,3.185455273681584,1266.0847257367152,15.775391813026053,0.9418007750826641,1675.0362041794695,1.3679057886406554e-12,1074.0655603327766,259.11311282315245,4.508738917914592,0.2617150838914345,252.3987295098312,1.0,259.11311282315245,222.6390752375443,5.244366179129305,0.279145667555784,197.529416924007,1.0,222.6390752375443,189.02756761461058
HD100777,173.963835,-4.75643,36,32,1230.769107399974,1.3081955,20.02300873408584,1.002581547246639,0.9157481572016817,29.673529228566764,1.092237411626229e-12,20.91476510061115,6.070754850741756,2.1129083388840755,0.46440588571656094,5.669698648669292,0.17846279388739017,6.070754850741756,4.442839183676526,2.9543185487277337,0.40604123717307533,4.4187171237273635,0.5668334797517538,4.442839183676527,3.424039298048505
HD101065,174.40719,-46.710125,47,22,1803.1742314132862,0.6937082039080378,34.758689363992104,1.0106345877218275,0.4847152961539312,24.762398354199277,0.9901596596463564,17.48249930476287,12.549520865453815,1.5368398801783727,0.42665530926274736,11.320343245531456,0.9999944703876898,12.549520865453815,9.502437955010777,14.695796507035732,0.33475736628694636,14.531306541169503,1.0,9.502437955010778,7.750417178932182
HD101339,174.9170115,-4.98433,28,28,6288.8213394000195,1.7484595,14.573008097245568,1.5024539119860525,0.5740311347525099,5.010315996315387,0.2909573820881638,3.801965748600769,2.4814020038998126,1.6430194741874857,0.5583335033014687,3.0705415707189703,0.40626269300886575,2.4814020038998117,1.6490899948434723,4.129232658831267,0.5197437024411574,1.7038888431442716,0.7449030512441523,1.6490899948434723,1.142828049217026
HD101579,175.3001135,-37.79157,28,28,1076.0903731002472,5.154056500000001,18728.17625224872,1.184991050655486,0.6424550378729295,22704.74943973885,0.0046812180160367145,18557.302185798828,11096.350630210458,1.0055979563594495,0.5568930651371712,14532.721965053226,0.05973345118004314,11096.35063021046,7386.427594091893,1.6534885880458619,0.46139522814822,7499.838526896948,0.4731741551006362,7386.427594091892,5420.876877520156
HD101612,175.342857,-26.66742,44,22,3774.695694520604,0.7627649133071046,2.3053629597889564,4.543993854003377,0.39055377118499746,1.482690686794129,1.0,1.3112210715693433,1.0236314409369967,1.9971934891643417,0.34799468992461124,2.4257340525078392,1.0,1.0236314409369967,0.8265501007423393,1.548148508949473,0.5572220530658861,0.9980609627037589,0.9153549151987409,0.8265501007423393,0.5499993474757402
HD101644,175.440455,-6.68268,24,24,1888.7512664999813,1.766641,2.6593801129692407,3.720211279298764,0.5255017501513282,2.346518868837677,0.664608943550936,2.2711933604278998,1.5644850497492246,1.2415376760007775,0.5155859429159099,1.74989737436899,0.73908309056321,1.5644850497492246,1.0888794108315527,1.6325968247039353,0.5626242549896775,1.188102067095279,0.38347405195452644,1.0888794108315527,0.7201237485995944
HD101650,175.41979,-23.198,23,23,2284.709947799798,1.359318,2.9668228397786574,1.8463794632291892,0.5852195017327855,3.544591163981832,0.41404955115423303,2.8717022090043454,1.8494754324545328,1.09762668642796,0.5582202862053979,1.9121039181756998,0.6221147884187304,1.8494754324545326,1.2292817993634633,1.6690115770325067,0.541868422711643,1.2947651507141067,0.7470597029867441,1.229281799363463,0.8320445210355286
HD10180,24.473726,-60.51208,336,269,5048.101777300239,0.9059780000000001,6.1162836127616025,5.759385941015674,0.3150629309375016,4.810901590963755,0.0,5.8514581726437545,4.84272090391873,49.78404119625482,0.36199904660385535,4.1376144309314915,0.0,4.842720903918731,3.8681214755439695,123.12443359268875,0.3587600695589061,3.405144615845637,0.0,3.868121475543969,3.0974933559254363
HD101930,175.87554,-58.006755,75,74,4527.708808399737,0.877326,14.085433497235435,70.41537804665217,0.9764971537477606,18.349166546035143,0.0,13.549597292696964,2.0772397159775493,35.235088003110775,0.37617219346053343,1.826258070311851,0.0003849738912828915,2.0772397159775493,1.6406614814897655,457.34432408078123,0.30404780454350394,1.4172022616353328,0.016639246898271343,1.6406614814897653,1.3687013218972905
HD102117,176.2097295,-58.705225,84,71,4508.810582800303,0.789156,7.712408721163287,20.806693967698678,0.9476612468814801,10.796819184813444,0.0,7.619787831240395,1.7432294926657028,3757.3421523335855,0.4472127248339947,2.558941795403921,1.4400472306608236e-05,1.7432294926657028,1.296085295721116,1.0067005856033544,0.2294570353783823,0.96018009423256,0.5633031473456463,1.2960852957211162,1.137711147164031
HD102195,176.42856,2.81996,24,21,1444.040502421558,0.885085,44.79372277900931,4.1129037380277955,0.9497588846256071,62.75664357995796,1.3130096232494282e-08,43.403211658399144,9.728625885784643,7.929931369695547,0.7825990996805138,14.183136837596493,0.003351655633509809,9.728625885784643,4.536095319865561,1.9596152835141254,0.5707193368874061,8.773197869232286,0.6640410702937514,4.536095319865562,2.972027579310027
HD102458,176.852305,-49.8849,42,28,3746.8706179591827,4.1983084999999996,196.92849670739383,1.8837014820568014,0.877220405620519,266.8683256111151,1.2545718797163374e-07,202.2699869716331,70.8752401743129,2.4139096881582165,0.5810128637828632,94.90352143237779,0.15581201626048524,70.8752401743129,45.876987068492014,54.93945187623436,0.45807378854301384,79.91520182858481,0.9618497201067867,45.876987068492014,33.772636589846535
HD103197,178.22323,-50.29295,64,61,5158.888426300138,1.239189,3.973893972163705,47.98965977953615,0.8621910667237949,5.479493478256736,0.0,3.6519228974108455,1.355689665056475,2.6862215185108753,0.27174804198465846,0.9608927687334832,0.5124803553010202,1.355689665056475,1.1569141043444375,1.265425928743165,0.4426736211848796,1.176956156210031,0.00040127872905404427,1.1569141043444373,0.8636860703099639
HD103720,179.1720065,-2.77853,86,85,5941.833488852717,1.712515,63.86921287014093,4.555572712453205,0.955590164109526,87.76186128123665,0.0,63.96244443543863,13.479216126222004,4.660992695993658,0.23343524448724473,9.630875791021031,0.13337956849374644,13.479216126222004,11.80155027236574,1.153239036712287,0.24790050864345398,8.403651652324884,0.06462964178691344,11.80155027236574,10.234737496512354
HD103743,179.180585,-32.26733,32,16,1064.9567659748718,1.3368159191682127,29.750674613164772,1.694441950636234,0.8053366705323817,55.07921848201409,0.12297263957407911,29.739374853638182,13.121210683044625,1.113505610596898,0.8109996645946079,30.928867418218687,0.10555291018595203,13.121210683044625,5.704337281711972,2.1350376222431295,0.7119378951555597,8.461244332167478,0.6779981485716381,5.704337281711973,3.061598673900212
HD103774,179.233593,-12.10674,122,118,4849.95927617792,3.7739675,28.638209766254565,5.888016603348205,0.7971889583004234,33.37098734001515,0.0,24.96391320065732,11.242385205080899,757.8061369027996,0.25347534682524286,11.690949083101732,0.00032551220147514215,11.242385205080899,9.713607233241172,334.47995008123564,0.18112746978100203,7.494250470746781,0.05878649020391524,9.71360723324117,8.789996258514257
HD103891,179.439212,-8.547875,98,95,6288.779836108908,1.6910840000000003,14.602804962711918,1905.6908594269407,0.8517721411927001,19.66892469294823,0.0,15.247755871207131,5.8704426210452105,938.6238561356572,0.665113234319436,7.113923191886063,0.0,5.8704426210452105,3.397190023812097,1.2553206451701504,0.26785210881817023,2.563340659543271,0.005062174783220352,3.3971900238120973,2.9068274183278096
HD104006,179.616716852798,-41.9220101549217,49,38,4173.727312699892,0.919589,1.4246072780508539,7.954502215932711,0.4478189948138325,1.3452186879344779,0.20675135655034815,1.2918719215319197,0.9599755911235258,6.256524228301443,0.37966930816051575,0.9234190559638384,0.7941195070118479,0.9599755911235256,0.756087094285482,1.7828822352413043,0.38297702360317176,0.7762263255325716,0.7647217930928712,0.756087094285482,0.5939125375848162
HD104067,179.792435,-20.354475,88,87,2270.832784499973,0.900164,9.526843456320496,55.93184198275797,0.6967191756162953,11.129494114419854,0.0,9.054125346216088,4.986191781902827,13.905895802204371,0.3089765118632107,3.938668588867176,0.0004952581888133523,4.986191781902827,4.144912656301417,483.1559115957391,0.22655181833657836,2.7381375445764173,0.051806949276815284,4.144912656301417,3.6452808552257543
HD104263,180.115585,-4.548945,30,30,2244.860676100012,0.943465,6.0793021381910695,2.6090895817061988,0.5729126265076667,1.3930017865239726,0.034678759061286146,1.3319266238833425,0.8704396509604693,1.0774986445713801,0.5713217464033805,1.0608052878428686,0.03636451794873907,0.8704396509604692,0.5699075264023874,1.0042322072559782,0.4932817613703257,0.5741272004237786,0.2780664516190783,0.5699075264023873,0.4056837954594401
HD104800,181.025619,3.340015,64,62,3984.0909486999735,1.4375145000000003,2.047586720231938,1.1787600073079005,0.30947079373299313,1.5618270280341295,0.08276922632880845,1.9780986028367966,1.64376209779556,1.2699916957380935,0.3051920562484999,1.3189596073205623,0.09818526868302946,1.64376209779556,1.3701602050629293,1.496428391188391,0.2625038972190514,0.9822922153813695,0.44148337023933126,1.3701602050629296,1.1766606082330486
HD104982,181.30967,-28.71658,40,40,2270.834974600468,0.9486295,1.3478781412461995,99.59802520177489,0.4890701446048383,1.6183357287317806,0.01269754995316763,1.3585254154192,0.9710652389233141,1.317266067985653,0.4258081240301851,0.9959397115833526,0.09920528130681072,0.9710652389233141,0.7358290506788151,1.387362521139093,0.41834021532150634,0.6768276093361041,0.12351763434111562,0.7358290506788151,0.5611919710147176
HD105,1.46966,-41.75379,50,41,5373.104862200096,2.507997,46.969783275973974,8.465581947691973,0.5038680783273335,52.04484785947997,0.01766160592487309,44.497057720395325,31.342229079888224,2.541436411976206,0.4250397002262205,30.885175379248718,0.2237652890435432,31.342229079888224,23.765601447256856,1.118884024447148,0.45528169704059135,24.11072584086408,0.0913297982684842,23.765601447256856,17.540210203981417
HD105690,182.52903,-49.1816,137,44,2974.9982860507444,1.1975087033048788,59.37577291091108,4.8858569322561065,0.5086170671948614,54.719049860215975,0.002853628942296682,53.83899780098998,37.740443642720756,1.6877507721397536,0.5393910578636218,41.87927178049566,0.0008093413539697059,37.74044364272075,25.613751011308153,1.7074140760162668,0.45295320988360416,23.097883931867592,0.02289734369403662,25.613751011308153,18.944599153040144
HD105779,182.6614705,-16.955605,57,57,6287.769276799634,2.004162,8.31656300249707,2418.3727987690913,0.8071417799746969,10.601839774128534,0.0,7.757263327020344,3.4066507445954066,2.958671784678919,0.35738552786109395,3.0099328165686536,0.06185112946212612,3.4066507445954066,2.730881543083184,8.743942812960144,0.2926269252910308,2.2914619985469815,0.5393039887860153,2.730881543083184,2.2968208646163633
HD105837,182.744041,-46.32172,24,24,3048.744262999855,0.923053,3.3261756555766615,1.001459863679616,0.5585077692276014,3.843715739014235,0.5758036832109206,3.25192153023306,2.160735415013264,1.1790332829297916,0.6636579866403238,3.1794424467506506,0.054901433082936046,2.160735415013264,1.253118523878204,3.287410246926736,0.6749008285667276,1.6898513607239958,0.03939448907232346,1.2531185238782039,0.7144964596607523
HD106275,183.465799,-69.06047,24,24,3009.9369349000044,0.8310815,2.1624241281971206,1.0194536612701115,0.6377438907251497,2.684351894603511,0.11050771689162064,2.082771250753059,1.2535724339481273,1.67535173934098,0.6306189515469388,1.387439677981802,0.13262740157815456,1.2535724339481273,0.7618802896610378,1.0819327587706702,0.5738890661965148,0.8328282963155801,0.44780324903275925,0.761880289661038,0.4973339161303835
HD106290,183.4692045,-55.20896,24,23,6236.925251099747,1.846093,8.921145990182298,1.425094310773392,0.6816588745284526,7.942780064694923,0.18891536815213528,6.482476520402214,3.657525192670257,1.408806047096237,0.6329500076869117,4.889900308181536,0.52958532890647,3.657525192670257,2.21589886902801,1.5625517352122635,0.6155168000946768,3.3524367518851657,0.6818011177123657,2.21589886902801,1.374005970583795
HD106315,183.472548,-0.39368,265,54,418.90189791237935,2.131635555396647,6.4840700505827975,1.5423486668349742,0.19862193480105694,3.889569275812677,0.8082291318854383,5.196485057184216,4.651878983964714,1.0371426043881629,0.1554412960485425,3.1469490143007763,0.997900830067305,4.651878983964714,4.275070975223345,9.810348897245408,0.1845723132200262,2.915416349042064,0.922144787170921,4.275070975223345,3.860433324736211
HD10647,25.62393,-53.74134,195,50,5915.885522049386,0.6660495975766356,11.240835202145673,985.9809203415643,0.5307906224053457,16.724751580827718,0.00023858252713016004,9.660504558884881,6.617335461101808,1.2766536874014083,0.4109899132603084,6.59851054449263,0.039002528207065956,6.617335461101808,5.078605954973063,12.299138299478972,0.3511151866487718,4.592488642379454,0.2962536182851989,5.078605954973062,4.090989101616827
HD106906,184.471118,-55.97688,78,27,1528.853185070213,4.584323995816244,2347.769819103766,49.15926640097146,0.8791710006557489,3234.2384836302667,1.2244739200362176e-07,1839.1267726710657,639.2890356827072,588.0204557962355,0.6846661263164395,1326.103132796871,0.004672265417388188,639.2890356827072,358.990180093279,15.032971337956855,0.5082101598125862,627.8721068976416,0.4630839261283175,358.990180093279,251.75166132771594
HD10700,26.01361,-15.93421,11632,506,6627.872109156568,0.25230044531776863,1.283118478767487,78.9972837801736,0.14069192039629416,0.6859538804071122,0.0,1.1860672100354228,1.0994709201285855,20.023782807119535,0.10720953644259615,0.5324604667000123,3.0480986623615536e-09,1.0994709201285855,1.0388635735271112,3.7604948137058525,0.08277712956787942,0.4261612503404564,2.6379070744431132e-06,1.0388635735271112,0.994937857362719
HD107094,184.735852,-45.882645,100,64,3951.1412221002392,1.2508195,166.93372320478332,3951.141222100239,0.8366687796113891,147.1356749240228,0.0,60.72767696021645,24.542639699973197,2195.078456722356,0.4704951680540994,33.114199699314064,2.8233506711106138e-05,24.542639699973197,17.85896291845791,3951.141222100239,0.27571730251610693,30.130417032483557,0.2524945176603197,17.85896291845791,15.198834665223275
HD107148,184.804974,-3.32021,105,41,5257.74947373569,0.8033580767459837,8.14997430510163,77.20630651594259,0.820730214077664,9.870002977178906,1.9200796508300755e-10,7.5758407029359205,3.2076308676287724,18.3324598107939,0.7100125759529027,3.8624368450584656,1.105447213323174e-06,3.2076308676287724,1.7273246320238969,1.0351938321984033,0.5378056025211769,1.861671717811429,0.004858480113291042,1.7273246320238966,1.174319586559817
HD108063,186.287244,-42.51499,57,54,6295.895731300116,1.2597065,8.262115924609851,3.822412562261012,0.3440463839890127,2.851031766189352,0.18559387116550463,3.3848242144410596,2.7414017423210826,1.3912044484145647,0.4021225232041435,2.602831323421846,0.020959926220035285,2.7414017423210826,2.1197213834000395,2.8481772138883117,0.31852389545456433,1.9377345692910473,0.4072880229236445,2.119721383400039,1.7498631963535178
HD108147,186.441744,-64.02343,77,39,5636.6563306599855,0.9807286989515114,20.61302147848574,10.90262346355896,0.7734965857999326,25.64138130341863,6.1265066797489e-08,21.852603342194925,10.400172892680926,5.445518626857291,0.6500493751466135,12.400769581704326,9.977773565483794e-05,10.400172892680926,6.15239124870527,10.763139833225095,0.49190940611492057,6.457170766921746,0.0549204259399092,6.15239124870527,4.38545362945536
HD108202,186.461091,-1.11156,41,40,5768.2047265996225,1.5489760000000001,15.771763143548123,414.97875730932526,0.6051721076208756,23.62530175608673,0.0004988771659146796,15.77444118813508,9.911922461885931,1.3347382281098719,0.38003433240939183,9.632486405796733,0.7384325433304069,9.911922461885931,7.80443945756949,333.42223853177006,0.43595820520023565,8.407834839552427,0.22616952124859235,7.80443945756949,5.861345999870408
HD108236,186.573252,-51.36424,158,132,618.6492893001996,1.4169005000000001,4.172381948125488,3.795394412884663,0.23615521208721724,2.541083144510021,2.0092342987609868e-05,3.6216264163905314,3.165236819886912,1.0208734146867986,0.20525507858459885,2.4424086769198157,0.00025423122643997154,3.165236819886912,2.8217601099510286,6.205108217654965,0.18191298815071286,1.7149023264974015,0.0016200323619058876,2.8217601099510286,2.552230172550515
HD108309,186.70021,-48.91391,49,26,3332.9121040934697,0.6305543467158903,1.3777778037280755,1.0907553685343208,0.5419612372016871,1.4664219989308933,0.4622592996044379,1.2176861103048473,0.8241124379176419,1.0299162893895337,0.5764690776852728,1.0755275754604303,0.23055588528547866,0.8241124379176419,0.5363262217348725,1.502733263038672,0.5197292137764711,0.6196894419143278,0.6483011087446583,0.5363262217348724,0.37168250187607876
HD108341,186.877906,-71.42328,63,60,6304.96429259982,1.549217,13.11170912878294,1146.3571441090578,0.6943666117062639,15.406120043069063,4.409206333377824e-11,13.146721332406402,7.268049148440872,578.4370910642035,0.5815760678444314,7.89166601432223,2.4777828144806335e-07,7.268049148440871,4.701388207937847,406.77188984514953,0.3975194898906144,4.61214064793972,0.005582478029808047,4.701388207937848,3.649199568494118
HD108564,187.078204,-16.91025,33,24,3361.8001875001937,1.0031640038980825,1.3760500656064705,5.876245739381565,0.6137980674558449,1.1883637884664986,0.21970755140714338,1.0297554794007242,0.6399430588922604,25.295712471784746,0.5341272070842221,0.9213148413156402,0.8018840274721502,0.6399430588922603,0.4367923334124835,2.9729396776620027,0.37319033989081335,0.396571543857909,0.9999999999999813,0.4367923334124835,0.34581421989055694
HD108768,187.4822235,-26.42053,20,20,6288.928470899817,1.6219565,5.4264112938551285,1.544280638174006,0.6872068012389642,3.3323422265538682,0.6431062787280031,2.736743794602913,1.5306038190342501,1.2160743441747697,0.6920722979193189,3.0638431603711567,0.5998900146609047,1.5306038190342501,0.8493509425975502,2.5633522747614825,0.8305345268835543,1.3616684412823965,0.01033620213210762,0.8493509425975504,0.34964537447155963
HD109138,188.37361,-75.38552,21,20,1469.8771562837064,2.670152,37.54825767093505,13.724343195926293,0.6812701653131471,50.43415249082861,0.14482324940303837,34.34113136836063,19.38768512046061,2.781224515200958,0.7349864145510093,24.583601451875545,0.03510557240587675,19.38768512046061,9.980677589094913,1.3492538611012541,0.4804207547282322,15.499331813995594,0.9995992900485092,9.980677589094913,7.194256599320925
HD109271,188.39919,-11.619905,107,105,4806.889730799943,1.553225,5.261659119982916,7.855678592580393,0.5089257411501635,5.519194978467649,1.6006085346020882e-12,5.443933134998232,3.814928188428623,30.95228416484187,0.6849049662019658,4.743139700511328,0.0,3.814928188428623,2.141446093724052,3.9504353474687224,0.17471255185379417,1.3574069678232927,0.27755863826585925,2.141446093724052,1.9454038293940537
HD109409,188.6787875,-44.67388,59,24,3332.8742268998176,0.4422558286647704,2.5697923161247953,3.577964816854342,0.6022295959433044,2.7928024244850547,0.28135562307185613,2.23389716359277,1.4088975369327654,4.819077829525477,0.6179907820797783,1.7321480158096358,0.19789178012047326,1.4088975369327652,0.8707958110160746,1.1179264840505216,0.5524061245686419,1.269487116845007,0.6588559147011406,0.8707958110160747,0.5825837931957195
HD109536,188.939651,-41.02218,386,16,2975.9797020703554,2.370446779542325,801.6011329677855,1.0421191659034057,0.9672407306091946,1369.4882680194883,2.0314498459739205e-05,803.1866865785361,145.37295034093836,2.699791075088774,0.7156936251780636,228.89257504915977,0.9475506465361011,145.37295034093836,77.51342077371011,2705.436092791232,0.5932768698851817,1791.7964489294682,0.9999999993739047,77.51342077371011,49.43406666544276
HD109684,189.12211,10.730045,26,26,2337.6997043001465,1.1920060000000001,2.1317710304269433,1.0723393138991502,0.534025670816494,2.032138604978993,0.4087706756301327,1.9198565732189343,1.3105384913644718,1.1694345694347912,0.5607647069112581,1.5140297115996915,0.23992171280723162,1.3105384913644718,0.8685571413276185,1.7600509744768464,0.4451515701768631,0.827372196062056,0.9723426023539155,0.8685571413276186,0.6469721351233853
HD109988,189.81771,-32.72561,33,33,6157.035590200219,1.420579,31.61841199744509,5.999255178992708,0.6481801087741527,4.2282873926313735,0.0027364610705697956,3.7782233404869014,2.2410307805924305,1.9223915293493872,0.46075465870426463,2.1692291101041703,0.6611835946429118,2.24103078059243,1.6456634457737094,1.176848425054516,0.4245643915473138,1.5598931227599058,0.9319488067073075,1.6456634457737092,1.248358690338225
HD110113,190.0359935,-44.31299,115,79,248.2059295703657,1.471059,7.114821792413495,1.0463993658109847,0.5216698124275124,7.237222176554346,2.4145863086744157e-10,6.396324931532996,4.423789085074199,6.726447955836465,0.26475841860490595,3.113396005841257,0.0024190900386964476,4.4237890850741985,3.793232326164541,14.952164431949733,0.22847002634955324,2.6285431822055974,0.014641735285304436,3.7932323261645404,3.3318530934445034
HD110537,190.746579,-4.04988,41,39,1825.934690500144,0.752592,5.954141283224218,15.673259145923994,0.5241775318967509,1.6320106217687231,0.00597726711670532,1.3346505429689675,0.9206404238592203,6.261778774005986,0.37823185770472845,0.8192003460499364,0.43233665297954427,0.9206404238592203,0.725945927562579,1.6365821372233982,0.43689550893060464,0.8705592809889512,0.09969182957869405,0.7259459275625789,0.5447519189345964
HD110557,190.7890725,-5.740195,34,33,5869.958220799919,1.537957,6.716985206811438,1.6974027588918859,0.5728616391251421,7.209155834403344,0.03872315275362981,6.734785479374477,4.401574482392368,3.3926472204368974,0.5507230719159694,6.394065643307986,0.07699720787168374,4.401574482392369,2.950292760585118,3.9477827835092607,0.5360027925964166,4.269160756377305,0.11823329953109485,2.950292760585118,2.00966096493748
HD110619,190.928002,-37.70832,26,26,3048.722676400095,0.886365,3.940643358912563,1385.7830347273166,0.769339635049399,5.00427894603786,0.0002996469654977796,3.9593430778881022,1.9015582014414427,1.188863935579511,0.6127726897853852,2.7532617618283375,0.08557053802055337,1.9015582014414427,1.1832938632760999,2.1436666266348605,0.5252337824346335,1.3269269451246581,0.5691503727179263,1.1832938632760999,0.8153282993825773
HD111232,192.21508,-68.42568,91,85,6364.633515099995,0.966013,105.91197065076962,1157.206093654545,0.9647206740095199,176.76227875653532,0.0,96.65463983580064,18.15443956221232,568.2708495624997,0.820049732802475,29.953044211634378,0.0,18.154439562212325,7.701212276478259,1.006648137649068,0.36467461881170177,7.324371611078702,8.385575884894969e-05,7.701212276478259,6.138428439743646
HD111564,192.58547,-30.575915,40,40,2730.6225876002572,1.9416405,4.441034906426789,853.3195586250805,0.5707853631642198,4.848051264858717,0.000666953598746689,3.895839446416358,2.5523387404890476,11.805545125811747,0.420844768852385,2.2558141417196502,0.13644415648115338,2.5523387404890476,1.9423871850481549,1.025200896414589,0.4083659563542605,1.8927764617156333,0.19371204545069176,1.9423871850481549,1.4940405406497972
HD111777,193.042944,-56.57702,201,113,5237.729026333895,0.926551920030138,1.639771828867842,1.0404706051517474,0.23123735763744016,1.0547267171229961,0.003556861532704736,1.4448649111830223,1.2668447025102616,11.12753139225387,0.19000286131525626,0.7858093986987545,0.058107717973964856,1.2668447025102616,1.1401582184568804,7.679954584067298,0.13550281826771246,0.6203045670472396,0.8667412194137942,1.1401582184568804,1.0601001915249257
HD11195,27.428728,-18.93567,57,56,2536.1201177998446,1.0961755,2.5614781325973768,179.86667502126565,0.5512068788265833,2.489181522146621,3.397599860344158e-06,1.8445440817621725,1.235697404599642,20.822004251230265,0.24107111005178833,0.9222401917187711,0.8930280695032539,1.235697404599642,1.0764966363758444,1.854973754973556,0.23574542918392694,0.8304905942296118,0.9308681163045197,1.0764966363758444,0.9410911721770475
HD111998,193.29826,-3.55295,150,56,2991.8460790966637,2.9316555304243543,61.29604578481754,831.068355304629,0.9427339666110514,87.9683681908264,0.0,60.629021854886844,14.508720444975644,2.5993449861830276,0.44053614712316663,14.16267282861292,0.0008273333778706649,14.508720444975644,10.8521335255722,1.8914186870000405,0.4197585085355898,11.469862899412753,0.0021337919270014716,10.852133525572198,8.266459057850325
HD11226,27.567805,-6.702595,44,28,1766.1669915998355,0.6957464505195221,1.8148871998878497,1.275394996822527,0.3925780008305885,1.4505555567795263,0.9884220805726821,1.622138612482104,1.264250751760864,5.0650042776020525,0.4474422255353901,1.2143888926723156,0.7608026237585874,1.264250751760864,0.939771061158094,1.818915542327328,0.5659299118334646,1.02848051081273,0.07593827003431697,0.939771061158094,0.6191587249106625
HD11231,27.407359,-34.45833,48,22,475.80128518957645,1.5591545,38.958135948368394,5.205703339054446,0.7610605248002038,43.19257251002531,0.0012045940266165456,30.82050255909355,15.065504127214332,26.730409280313275,0.4284777442150191,18.94111709474304,0.954907016368248,15.065504127214332,11.3893841725081,1.3590439451287528,0.5235516548022585,11.863751435888428,0.4517775036359204,11.389384172508098,7.8615495071423345
HD112646,194.728675,-55.675415,20,19,6223.974374900106,1.376378,2.342620377867206,16.20404679744887,0.802412585593917,2.75219203067671,0.07055362899885864,2.059512196174855,0.9154697685693723,1.2377397583573853,0.7835428776534948,1.418049710096318,0.1293786948765927,0.9154697685693723,0.42592187656755276,3.4798022894443204,0.6813705632256463,0.6390484839628362,0.8744726085579875,0.42592187656755276,0.24042127457633572
HD113449,195.9568945296,-5.1618103108,20,19,1570.6932789999992,1.356061,9273.57867277489,215.1634628767123,0.9716913182980685,12440.809358583174,3.8474998742543676e-09,9560.817503267594,1608.625137923135,108.3236744137931,0.767078620239352,2274.0774863112106,0.027781730694477424,1608.6251379231353,776.3535230757126,32.45234047520661,0.8302982685245176,1039.6830439980424,0.002617383890750502,776.3535230757127,319.8178246092243
HD113569,196.231514,-28.92856,22,22,5486.9825869998895,1.4654435000000001,2.442640333034138,1.013480344846674,0.705850751173903,3.274630511785315,0.1535935135867248,2.298342168716635,1.2465180087386059,13.298552077071966,0.6848544522525839,1.9484523550235056,0.25891757016044636,1.2465180087386056,0.699768107421866,3.7880445888849796,0.6769143452782768,1.1145453647774735,0.3094193247004724,0.699768107421866,0.39775255944617716
HD11397,27.921455,-16.31739,78,76,6584.040161199868,1.1812825,7.641383518693297,6584.040161199868,0.2910258180556922,4.494591524854503,0.03226287135368877,2.21353064327201,1.8638061852246706,1.6187343662290092,0.21210701631861226,1.175473724571895,0.7509579229116052,1.8638061852246703,1.654376548569304,2.0021408426941987,0.2096772334552518,1.2498741497046495,0.7879056292461168,1.6543765485693043,1.4707423953032734
HD114076,197.139585,-41.64468,137,93,4052.960683000274,1.0864930466852813,1.9828749587561028,41.27251204684601,0.28003512225131466,1.3957890908457573,0.0018097511440895442,1.6972786747558846,1.4401535853011673,1.2711182948095587,0.16001186144558416,0.8595249973965821,0.8226171500950681,1.4401535853011673,1.3199132442049182,6.2497466198924885,0.13888732055112404,0.7021831021121052,0.9946210454010916,1.3199132442049182,1.2248287692226514
HD114330,197.4874539107,-5.53900406522,101,58,6379.6435238020495,1.4988215,196.9588303834394,13.547767092380642,0.16214021504306678,92.08512859370737,1.0,124.23594758601936,113.71897847149995,1.0946164379743393,0.19298837972492952,87.42291047625176,0.999999999647544,113.71897847149995,102.15810867122788,29.658965708052275,0.27124462851565273,96.60991518374445,0.7668567127602856,102.15810867122788,87.20948630432065
HD114613,198.01131,-37.80328,732,142,5549.929689101409,0.41851833963062623,4.167826197265052,544.1107538334718,0.29564097464059824,2.329696332941647,2.0801844413664838e-07,3.0593126888409548,2.5675618251613175,1.003186683495366,0.2375040924262725,1.837069572353793,4.758460693010669e-05,2.5675618251613175,2.242020960494205,29.39581403125749,0.22766386844448036,1.5771121808071549,0.00011452945153389571,2.2420209604942056,1.9703475796292689
HD114642,198.017333,-16.199805,34,15,1989.6904200227,1.2056164338886157,43.13045247682403,1.2734018688145285,0.6856962343122533,54.92965177259714,0.9673693371860597,40.049524103956124,22.45288500868771,2.473816262616811,0.7338197975151225,28.275534397483995,0.7462482718110199,22.45288500868771,11.584039444094412,1.1819474991224315,0.8677533334252401,25.72072425856159,0.028829027832410592,11.584039444094412,4.212621058208969
HD114729,198.183167,-31.87488,107,74,6378.612610500306,0.9328155,10.711260485541978,1139.0379661607694,0.9585258316518346,18.03459855867633,0.0,9.383716344676364,1.9110133208476574,24.685033322369616,0.38885342348511515,2.0647605393800457,0.0002670637918847918,1.9110133208476574,1.4939511811994066,1.1099609533297907,0.24563844854601793,1.028534442776563,0.31696572782983556,1.4939511811994066,1.2975562040181108
HD114747,198.22741,-30.71128,31,31,1472.9677047999576,0.9078490000000001,4.250113603418257,1.0237473622462876,0.5281820865739663,3.7072790444964725,0.05640220250076067,3.3106277208205075,2.274037174466579,43.96918521790921,0.44986254669607467,2.2396652236177,0.3697537241445148,2.274037174466579,1.6866818294151231,1.9964322374626708,0.5570698886784913,2.932247648329979,0.02443689316425135,1.6866818294151233,1.1225372698859544
HD114853,198.467028,-45.18706,145,135,4933.693152199965,0.78583,2.1661236400549093,74.52708689123814,0.44165181793952346,2.194811814149295,0.0,2.137123551442193,1.5969164092941115,1.0266977051233956,0.21940390112078406,1.0803909993759961,0.0005019741683134349,1.5969164092941117,1.410897200781845,4.100476356549174,0.17093154064818492,0.8755786800466497,0.024888074960496054,1.4108972007818452,1.2846670006926046
HD115031,198.834079,-55.34338,41,41,1825.8973461999558,0.943245,2.3662091904841036,180.7819154653422,0.4660712098221505,3.9795491229871813,0.022438787197878174,2.136063794866384,1.5608310235710505,1.2853001169927891,0.38048989969012087,1.5021234860641415,0.28086416226950384,1.5608310235710507,1.2285139273495382,1.0795821830544292,0.4441353907419393,1.2688612848084597,0.04576471159163875,1.2285139273495382,0.9159348772464316
HD11505,28.2760295,-1.32757,24,23,3324.9852813002653,0.921962,2.36473409724986,1.7104713623644567,0.6710162234518237,1.8030272533758083,0.08246260585894916,1.516345722519226,0.8697320442288883,2.320782635094764,0.5463764005284676,1.0614204520053134,0.8381806890068819,0.8697320442288883,0.5857783166073413,1.4509448775092808,0.7723574478704018,0.8423856393345237,0.002600103510474905,0.5857783166073413,0.27948597203229614
HD115169,198.946804,-29.5059,40,39,2846.2267038999125,1.09519,2.335379974871475,27.26270789176163,0.6672937569290186,2.408308963815887,2.1337538787857824e-05,2.0408302166902823,1.1771650271134453,6.588487740509061,0.34060068938059884,1.0221158006913018,0.9090858339351556,1.1771650271134453,0.95589809335626,1.4767948445493253,0.3542813784326429,0.801644148585178,0.8133865454615724,0.95589809335626,0.768127388812137
HD115585,199.956523,-70.85487,25,24,3014.7447982998565,0.7446645000000001,1.2102673436005278,1.2876921229710645,0.6121680646061349,1.3822470756889662,0.20708116894045192,1.152002028590723,0.7174225569276107,1.3764072493721664,0.6384134577209881,0.9423837308443075,0.10875974261587695,0.7174225569276107,0.43140100904258377,7.898204868482726,0.612654296839464,0.512694497517762,0.20478408292443329,0.43140100904258377,0.2684914917937943
HD115674,200.75026,-81.3068,39,39,2251.8400293001905,0.98797,1.431838674856928,13.277358663326597,0.4232282531251347,1.381166835056851,0.137468721436113,1.4640243948500389,1.1118605020900432,1.138615578348683,0.44367116396881634,1.1175998729465997,0.07562794449811161,1.1118605020900432,0.8293084454909949,3.316895020327281,0.36917201323056276,0.7169460029656232,0.5080252301062274,0.8293084454909949,0.6586755829553997
HD115773,199.99290370729,-41.1906638975411,26,25,5831.004955199547,1.559772,7.90562274653443,777.46732735994,0.7195661076716847,7.97461755229366,0.017384871926772738,4.4203744248012855,2.3408538924533615,41.88940341378987,0.6979715000124629,3.584037898075636,0.036155731944552016,2.340853892453361,1.2864658744298458,1.9596064508669004,0.45840254951499126,1.5814393024061701,0.9999968678591111,1.2864658744298458,0.9467527515526009
HD11608,28.381452,-21.254055,52,52,6599.980848299805,1.548898,4.35677433091602,4714.272034499861,0.6093090260987922,8.010177577288168,1.6887118192698836e-06,4.582874698707291,2.86453855657806,2.7183907279129302,0.41856875970307145,2.814821846571846,0.019098668732756785,2.86453855657806,2.184257590394032,1.4688493642311449,0.3704061215153024,2.072091607165593,0.11762694035417653,2.184257590394032,1.7331418208952107
HD116087,200.658054589934,-60.9883806005858,25,16,5990.797437008936,2.8645620000000003,8012.6367400513345,372.0992196899961,0.9738763838872476,16806.950387028453,1.1778381547755679e-05,7486.630014132123,1210.049168596889,17.344520663025296,0.6193217721978781,3423.9192629065856,0.9999999999998628,1210.049168596889,746.5897738385816,4.654854263410208,0.42418417024015914,960.1525243705171,1.0,746.5897738385816,566.5312060812173
HD117105,202.128217,-27.390395,30,30,3336.942711399868,0.9232600000000002,1.7759086456382251,1.1822230253666361,0.5873334513313903,1.7204433559518715,0.033016840894986355,1.6685384844469813,1.0718545623902351,1.072730482335123,0.48186515530924695,1.0960134059246598,0.47646941104672824,1.0718545623902351,0.7715378931219333,1.9315482237785753,0.6217103651713309,1.0068606618261782,0.010779044152794404,0.7715378931219333,0.4745363458134736
HD117207,202.3368225,-35.57122,123,91,3446.617608699482,0.882183,11.28846773596881,2651.244314384217,0.9133905855642503,27.072115129937654,0.0,6.82182726390632,2.0076281179051985,1230.9348602498148,0.3990952596722019,3.2990277975913167,1.0614674975650829e-06,2.0076281179051985,1.5562740811638673,615.4674301249074,0.31908390182127305,1.496869577715044,0.00022921338521075807,1.5562740811638676,1.284200650367144
HD117359,202.93509060014,-67.4166832969,22,22,6220.959359399974,1.6168295,8.684275565476815,5184.132799499979,0.926765556382624,13.333849848965453,1.3927203281749456e-06,8.696907333906841,2.353545159416224,2.2318944352599215,0.5196834333380926,2.921283529038417,0.9999950862173508,2.353545159416224,1.631121525438506,2.0905166205390073,0.510613402525751,2.2741681888038694,0.9999994037723164,1.6311215254385059,1.141070176867643
HD117618,203.106228,-47.272395,137,55,5647.679443500005,0.8095501309060911,8.313025939294821,25.788490609589054,0.7744311067957202,9.74342936977858,6.269429420058259e-13,8.270157723341086,3.927836454512585,110.95637413555997,0.3975313793226293,3.494295512269953,0.017631587779406543,3.9278364545125855,3.048741569741378,1.868298469516029,0.2692789679716916,2.316852008958886,0.8910071526988911,3.048741569741378,2.606132044299291
HD118466,204.45452422177,-35.44889132149,30,30,6215.940706299618,1.3656225,10.414654399339279,369.9964706130723,0.7557834656859591,19.53545605944472,0.00013822685618658515,10.337796820172358,5.10876027493646,3.0143740392316642,0.604895509926876,5.891405551594113,0.05496884215073372,5.10876027493646,3.2112306972422755,1.7049125610410638,0.5136292508323226,4.24326588350026,0.5321209619563978,3.211230697242276,2.239521472803673
HD118563,204.618553,-38.32077,27,26,6287.913667799905,1.8964035,16.487498213679483,924.6931864411621,0.7002745196984459,13.531630970732243,0.019937466070714116,12.058875928928941,6.601895705792973,1.7968547944790254,0.6078534546307268,7.777753056337691,0.28721550981145516,6.601895705792973,4.134213072305034,1.0332446542329272,0.5919668504727498,5.256320036071017,0.4017553619426202,4.134213072305035,2.6408308187001026
HD119173,205.427232,-4.02977,129,99,5101.999704499729,1.2838105822565924,2.0446040855012413,1.0571463479548575,0.21060825175538433,1.0502867804459795,0.07311697083306468,1.6309213044512616,1.4490364061631769,9.163074181931991,0.19970208207501983,0.9250709669624826,0.13472211927336009,1.4490364061631769,1.2962988641972242,2.4227169877485792,0.13565275650366035,0.6486917638352427,0.995473899350287,1.2962988641972242,1.2051726468336874
HD119291,205.61148,-1.68621,34,32,1923.742806411814,1.4034915,5.285990852854387,1.0060364012194394,0.48485823831204833,4.269166821183637,0.16322445927571805,4.567003556428676,3.2778926712104695,1.1483660496727628,0.4935993288502925,3.523446450479934,0.1308434469483346,3.2778926712104695,2.332608562786802,5.983647920409991,0.43582804308077283,2.3644263250849664,0.4708168832853402,2.332608562786802,1.7520545069803577
HD11938,28.95536,-52.8415,32,27,6584.0904537001625,1.605034,182.76457642763376,4702.921752642973,0.9919608541600656,979.6131783327947,0.0,173.8560107254443,15.588153144446563,10.099847298205496,0.21949621396921892,12.851549124425583,1.0,15.588153144446567,13.771529313138727,1.5840086738440462,0.1288398922021966,7.320556196276764,1.0,13.771529313138727,12.85378883174351
HD119638,206.1868835,-14.22463,28,25,3323.97048499994,0.7478632145360461,5.080443086590377,1.3844108642232145,0.5842579163678869,2.860385072096602,0.28144618380702346,2.3380468484726515,1.507527361696572,2.618330433241385,0.6379055745014255,2.112623574472958,0.07454819818959268,1.5075273616965719,0.9071437711337144,1.0289974568925293,0.5943217427192634,1.2873649715480018,0.22549421750555398,0.9071437711337144,0.5777859658125609
HD11964,29.28952,-10.24243,195,99,5079.155205200426,0.6344382974696204,7.74978216247391,2031.6620820801697,0.8770507095113861,10.364974513072685,0.0,7.240900874314975,2.538958577960716,37.932451121735795,0.4695629973043225,2.635168567565914,5.801320535070431e-10,2.538958577960716,1.8491516176998632,1.0397877508189535,0.19795428828234404,1.1986992761069517,0.14752589973326946,1.8491516176998628,1.6560448038899336
HD119949,206.69245,-20.85159,107,82,3614.0618755267933,1.2436449720648148,2.3117683373530773,29.14566028650639,0.23301376789902736,1.6135099912127686,0.10955620135029254,2.156922924210282,1.8889845694424887,1.3702084757077617,0.21254574835000373,1.2424231077025376,0.2768201172101311,1.8889845694424887,1.6762588215830256,2.0168881497442896,0.19179063697519352,0.9914453679196338,0.5909965496127856,1.6762588215830256,1.506964477352627
HD120344,207.70150575076,-62.9052076776,35,34,6132.177910299972,1.9466365,3.9149498713045587,3.7838935642971587,0.4572854365615843,3.5097604156470434,0.5804914962549634,3.0516024217753546,2.2480899739951963,2.1803299236622133,0.4477612254943822,1.9965596840075508,0.6730469545270417,2.2480899739951967,1.670617925717723,7.777017007355706,0.35297010052565764,1.9848578709528604,0.9999852741783177,1.670617925717723,1.343814466557383
HD12039,29.454921,-21.90239,70,41,5370.105601900257,2.618058,93.70708926237101,2.769808954972281,0.6651109313364986,103.70305414737267,1.5070085056301252e-05,89.58549485170559,51.84276817233895,1.8559203739071224,0.3946621507315158,60.70374652776272,0.4724809500101115,51.84276817233895,40.33546774694282,2.647589410787486,0.32080563479636104,33.02969874194827,0.9937900243917248,40.33546774694282,33.24176956960582
HD121004,208.490765,-46.53958,27,18,4169.716501520015,1.3085047860326022,2.083018472264619,1.305361582043019,0.7826565231965475,2.500654080086829,0.18524135792296903,1.8801147139895211,0.8765115704474539,1.562569421592661,0.6247333412728959,1.337364448148328,0.9992057357632,0.8765115704474538,0.5369423305737053,4.854717081755753,0.5574328626528078,0.6894960751047045,0.9999999991541655,0.5369423305737054,0.357204749461215
HD121504,209.319495,-56.04155,111,46,5696.59419875592,0.8322620468623565,33.26891614625622,63.295491097288,0.9635793345206053,53.39720970950067,0.0,32.37882184559855,6.179238822986587,1.0159427519539022,0.4041288270324515,6.251733982880669,0.130650973686682,6.179238822986586,4.769920805908829,1.039486551358695,0.3716727219675112,4.8622497988264195,0.3398559011955802,4.769920805908829,3.7809777861778153
HD122194,210.264239,-32.75701,72,61,2641.7218213002197,1.167949,1.961342650381511,1.0935636963613935,0.2788170169872264,1.4890665394226295,0.24414669772794106,1.857263988387592,1.5772348819454278,1.7395771245227303,0.2913635658243943,1.2400750897848027,0.15737579546458036,1.5772348819454278,1.3277249369925976,1.10894207929654,0.2539290440502845,1.0270733008433743,0.5150969177518004,1.3277249369925976,1.14682771244559
HD12264,30.022686,-13.54552,35,35,2200.9000971997157,0.9428130000000001,13.89214158454502,14.860905450369435,0.6285924075917804,15.000112312986476,0.0007762400837262318,11.772694529556022,7.174658991901881,1.000000044163621,0.46893406250792985,23.433927229940437,0.1528042266139955,7.174658991901881,5.228480433843936,5.534071152123996,0.5370636360260217,5.833498889987294,0.020923811859432817,5.228480433843935,3.5574281331777144
HD123265,211.672000017863,-5.5183364377967,39,35,4172.717445900198,0.845554,1.1597780446526467,2.455261809885379,0.49465779979901964,1.1017236841526212,0.13870250502023596,1.021992511619496,0.7265081608501045,1.336424253242866,0.43518434677555057,0.7208250131323701,0.5472519753377532,0.7265081608501046,0.5460015293488862,1.6175831314545668,0.31443365879064417,0.4290669259027827,0.9999995030556109,0.5460015293488862,0.4520834439629075
HD123319,212.090041,-53.927675,29,29,3371.7457131999545,2.412623,4.984588707449307,2408.3897951428244,0.5545039546284406,5.337452684402461,0.1284585932926372,4.436958664050357,2.9614698075255386,2.249930410516452,0.4906917902516073,4.154981979355013,0.5194711561991348,2.9614698075255386,2.1134775925771967,1.7314089109581774,0.5664205403418948,2.324175130993718,0.09332227072693355,2.113477592577197,1.3916563245668638
HD12345,30.205328,-12.87321,23,21,2824.2444100999273,0.962758,2.725987609963839,1.0018959204299296,0.727604390479598,2.7905254221625535,0.04368010268949196,1.679070017896439,0.8763323793640055,6.428965194855289,0.440285179740579,0.9611835992043947,0.9999999986440262,0.8763323793640055,0.6556201031999125,2.0495242453555362,0.5287965143475768,0.7674943460476279,0.991029883200428,0.6556201031999126,0.4500455885300927
HD123651,212.519745,-46.27095,56,37,6102.165867500007,1.2667057146439593,2.728727324555991,8.539274933529255,0.4916849827057071,2.3148545945329,0.11415234814538167,2.0769187688142208,1.4807644561621887,91.0771025000001,0.3061682708465402,2.1688397818030154,0.999999977815883,1.4807644561621884,1.2334258877928161,1.484964803616189,0.43148238727525456,1.1652555760348786,0.5164832178077103,1.2334258877928161,0.930004438527226
HD12387,30.133895,-40.73258,83,23,3246.253975499887,0.788799,1.3431224147921612,2.18838747168659,0.7024802245227085,1.6729599991134776,0.03181573894743894,1.234023007233369,0.6731024566142643,2.55329084119859,0.5747534259989613,1.0066238119978468,0.6180571856298664,0.6731024566142643,0.43893638978383304,15.905213010778475,0.5943775010709214,0.6738208520877429,0.4590275170230458,0.438936389783833,0.2795520011226651
HD124523,213.8106595,-42.804935,50,46,2641.7211851999164,1.1509265,2.252093596266914,16.020140601576216,0.4990097163867487,2.0384017676092774,0.0018527520404032494,2.0686162702896627,1.4641803960081952,1.454452009689984,0.2980188678670485,1.1060684013239157,0.8456789303604288,1.4641803960081956,1.2267535048672125,1.2331813953878807,0.32971424536127875,1.0704736048309573,0.5154898326253412,1.2267535048672125,1.0043551300694664
HD124718,213.9563875,-27.34723,27,23,390.99148439988494,1.413046,5378.3713870912,27.729892510630133,0.9824560306444468,10417.058532834611,0.0,4949.652556703259,655.599546594418,13.864946255315068,0.7840895894061224,887.239043241298,0.00018471929611418858,655.599546594418,304.6319399895162,1.014771566052128,0.7816708844702291,438.39948624570445,0.00020533807371025947,304.6319399895162,142.34141011050767
HD125612B,215.2229,-17.4814,76,67,3215.1056081000715,1.8951650000000002,84.16143259836889,3215.1056081000715,0.5141123483130268,105.62136775945379,4.294761697387628e-07,69.20690967704714,48.241120650284586,502.3602512656363,0.8417047076092106,80.87615115993324,0.0,48.241120650284586,19.193376726195915,1.0004996446553827,0.4046862946277233,21.244211648701036,0.0002579280891035207,19.19337672619592,14.808952093708596
HD125881,216.190638,-63.70841,76,52,3354.869140872732,0.7396397983343447,5.009692165099102,41.21460861023011,0.7172976691689926,5.791743723415907,2.278761623841774e-10,4.710734103387305,2.504685985948392,1.1487704221588586,0.29806674672708633,1.9910297896427798,0.4966977066715752,2.504685985948392,2.098462411587385,3.706218670871334,0.25229938457999396,1.5065734556164685,0.9561753089168341,2.098462411587385,1.8145338044128985
HD126248,216.04506,5.81819,50,17,945.3783191405237,5.122611339817045,4659.552457515788,270.1080911830069,0.9849957783425606,7326.77389750099,1.3198101500577764e-09,4644.308488007299,568.8893384876792,2.4780558824129075,0.7686635601793663,762.2089345550099,0.06724855688455289,568.8893384876791,273.6212475343195,1.9974188023252148,0.507241498082867,859.0770259083384,0.9999278850180888,273.6212475343195,192.07324866021332
HD126515,216.4836,0.99266,32,16,1404.046895624604,2.6175486372244565,82.8424808852257,36.755154335722615,0.8931387856195836,116.51443985025182,0.0020870124614218444,59.38546571760818,19.412891144472326,39.109941382300946,0.8678040707607119,68.57649554729896,0.007460060202705843,19.41289114447233,7.058286136003341,4.733806121458543,0.8660510672386184,10.796228397611289,0.008071159296370367,7.058286136003342,2.5832645792571034
HD126793,217.55355,-62.863815,106,87,3913.204346381128,1.09434,1.9670153734343996,1.9272121873337227,0.18911968157359255,1.1455849778164813,0.47893090649239145,1.7864901153498225,1.6087145777397738,1.3394962505583363,0.21649486295536471,1.0966461050618028,0.14506955743503958,1.6087145777397738,1.4239669889808106,1.2032483692211806,0.20618881735909605,0.9152849767064858,0.23630582422679347,1.4239669889808106,1.2686987959660485
HD126803,217.26186,-46.74134,104,63,5667.610946700443,0.9929734623334762,2.6247106874448862,1.0164659684171682,0.3092433490384253,1.0896135703373622,0.11670412938590602,1.4382166501649127,1.1953273314553392,4.002267457595118,0.19242940123319505,0.7544762506324493,0.9999902134851666,1.1953273314553392,1.0741800925567175,1.15484054581585,0.2100586861784778,0.7018380281540334,0.997708679166116,1.0741800925567175,0.9547166870353538
HD127124,217.81897,-51.383105,32,29,6208.048474499956,1.544238,141.94465451298095,6208.048474499956,0.5721334411948849,133.7460524373415,0.20837149377956377,50.512830605286815,33.04120504022373,3880.030296562472,0.645108003034174,65.66645781898967,0.024471921878273406,33.04120504022373,19.68357507227062,6208.048474499956,0.5022613521347431,68.60754247754929,0.761960494731226,19.683575072270614,13.886879363957638
HD128356,219.271976,-25.80215,30,26,2313.863094849512,0.9398185,33.43938809646936,292.89406263917874,0.8530301816213953,42.4489069339616,1.5982601788699924e-06,29.694760124106196,11.383974129196798,8.46948424176249,0.7832801042250759,14.965282616809505,0.00011455124904524716,11.383974129196798,5.299602443832916,1.1374247135867435,0.6297667873841101,5.926676982443262,0.04058864880446433,5.299602443832916,3.2246380883239407
HD128571,220.1629425,-65.419655,36,24,6179.991490300279,1.5621555,5.27423731846676,1.4378426491473617,0.6861564428068164,2.883538982478191,0.0972019188813088,2.2252123419762113,1.246602715897585,1.6927773338173207,0.5048240022032224,1.470012408509799,0.9995851321672032,1.246602715897585,0.8772186600643761,1.2341963713578725,0.6333208989598561,1.0174196378273652,0.36133752082011916,0.8772186600643761,0.5311912840638152
HD128674,220.12153,-57.03058,22,22,3027.7355752000585,0.78409,2.3971877542903695,20.92422650449245,0.5142011046218129,2.01232115940313,0.9895862625468925,1.5669506457731746,1.0921532417611433,2.225785176211172,0.584191642105881,1.308685610356068,0.6752941153699797,1.0921532417611433,0.7042554012528112,3.659779493775,0.5938056091314992,0.904486933419105,0.5979807327351734,0.7042554012528112,0.44884578112016954
HD129191,220.31892,-4.94451,37,37,6016.291638099588,1.732116,25.284389987497363,1.4236710849995482,0.40861323179910425,1.935085662498042,0.7398814409526471,1.717459626105016,1.3207552269029343,1.5878309944839248,0.36928617983473083,1.3119042647077759,0.9770203887507989,1.3207552269029343,1.0489106905713967,345.76388724710296,0.42220400470428204,1.975910364241526,0.6047645617575459,1.0489106905713965,0.7973073643897214
HD129590,221.1287145,-39.989875,39,18,401.95002175308764,10.594974052487432,314.3510582611349,4.679278483737924,0.8030722930335422,402.13265005924984,0.004593956076997308,288.47024244572856,128.01310495802355,1.0048750543827192,0.42826994186370815,299.29131608877,0.9996922503875989,128.01310495802358,96.79433585789663,1.444304785314724,0.5544086495016033,133.97750714345744,0.753580895367602,96.79433585789663,64.61276408955989
HD129642,221.28686,-49.91796,140,132,4913.658866399899,0.894622,2.36751668343524,12.352083625942429,0.2315333070162655,1.1841370731284222,0.0002681907426014263,1.7356445655599868,1.5215047668150419,1.2633137591978143,0.16728213253845522,0.9030121985195465,0.04299529396602897,1.5215047668150419,1.3884244693375307,1.0278975935401333,0.16405042610025108,0.8573187862370192,0.054651506651627324,1.3884244693375307,1.2694403524429432
HD129685,221.248976,-35.1918,49,22,2061.3983237058856,4.906201187054677,9411.989307753509,368.10684351890814,0.9896059380660469,12957.965341988143,0.0,9668.742470586987,985.7405969106863,1.3126581276782257,0.6418079235895686,1359.5421649347059,0.18125616983003967,985.7405969106863,589.9573691285045,4.902255228789264,0.5352877508013417,770.5939695215102,0.875514413089338,589.9573691285044,402.17279584239094
HD129814,221.0464675,18.458935,34,34,1825.968201099895,0.7552785,12.349396370404959,1.0188986111823537,0.9457469010864202,7.806747207950187,0.0,5.838922602006581,1.3600190555161369,1.3274941483823308,0.47165056553117357,1.4153650257855277,0.16073926317278742,1.360019055516137,0.988565880047424,14.54954741912268,0.5129131468625395,1.0548344850612108,0.052467222707602734,0.988565880047424,0.6899360227090617
HD129956,221.37585193216,0.71727227856,75,47,5991.771047299728,8.801442,1823.346003472577,391.6190226993287,0.5572279615452285,1607.2743233376455,0.0002224401596666592,1207.190399517864,803.2779882149265,4.500015807209711,0.4467164697680236,804.0556309819228,0.023669541072199318,803.2779882149265,597.5025150671386,1.613423552602453,0.4046629347398073,639.7872974145138,0.10556100756298992,597.5025150671386,461.0215206144963
HD130322,221.8851685,-0.281755,45,21,5682.622238249052,0.8320740000000001,86.07969246965612,10.707786392027602,0.9933533533893742,109.59686739589894,0.0,85.80210429985905,6.995185465199711,1.105224490090448,0.7303584896452565,10.340048306212784,0.14680814268912068,6.995185465199711,3.6323911529228483,1.4856917143582962,0.8087659667989581,5.622522467552023,0.010110850076371691,3.6323911529228483,1.588456043938817
HD13060,30.18694,-80.53109,93,92,4702.121912099887,1.1119445,3.318550284790945,3134.747941399924,0.6053275982581426,3.2769101264915403,0.0,3.2761048088164078,2.058145939095844,1.0242266030843377,0.27302425040430084,1.4194945368952991,0.0044396684261753805,2.058145939095844,1.7548343563179325,1.032004458025127,0.19107034239223813,1.0860435995437445,0.37111615269025744,1.7548343563179323,1.5783070903740393
HD130930,223.07446,-43.818,21,20,2545.0036574001424,0.8216100000000001,1.3010195999493435,669.7378045789847,0.6387378757853484,7.758246030456533,0.5220147440827887,1.0611959626003231,0.637832735276006,9.29172565680957,0.47209124271065966,0.6526996571377217,0.9999997933455839,0.6378327352760059,0.46343223400803135,3.4069660741635093,0.558226508939422,0.5349054161395348,0.9751134358078659,0.4634322340080313,0.30802506926625706
HD131399,223.606282,-34.14344,117,16,195.35378291411325,5.007275739664861,15913.193891955412,5.279831970651714,0.730899515393577,24781.065654030157,0.07114031044234048,15530.583387517101,8056.473997232823,1.3933936013845467,0.8086339356832299,12213.57039961211,0.009497350913450386,8056.473997232823,3524.3373468563195,2.3650579045292184,0.7458279955159076,4157.635405326833,0.05104693645684777,3524.337346856319,1776.8113878839647
HD131653,223.778598,-9.099,91,52,4059.88774482999,1.128765466708633,1.6799717521651025,1.3207181993591384,0.31449093848540394,1.1905517296028507,0.43363141714359055,1.4994616001830232,1.2414863484285519,9.189424501652312,0.35753521089928775,1.1970689703197774,0.11647946359160677,1.2414863484285519,0.9950997421704376,2.029537964822031,0.33678500690876595,1.2203442850492323,0.23001922476226244,0.9950997421704377,0.8103894555523314
HD131664,225.025635,-73.53277,64,58,6100.188941299915,1.938973503179165,166.666321163028,953.1545220781119,0.6157105299827634,160.26235769702362,6.007822372922078e-08,136.3389743046058,84.5180103366752,1967.8028842902957,0.4898072782606121,130.66699413831742,0.00010969827397078191,84.5180103366752,60.36933529869613,663.0640153586866,0.5591312073890935,94.10525309302442,2.2880383176993035e-06,60.36933529869613,40.084001802992994
HD132052,224.30061,-4.34667,67,16,1955.6705449186265,4.925080508622502,1136.187764272446,349.2268830211832,0.9475982912110026,1474.9179276596724,4.046893787124084e-05,590.5570855262778,135.18689998492067,1.151342602683755,0.6586965256923427,307.13322653521914,0.954590940824832,135.18689998492067,78.97778761326549,2.0749820105237413,0.6156788297245063,201.73154055791704,0.9981791924562732,78.97778761326549,48.961207262989056
HD132569,225.08612,-16.54037,47,47,2658.705663799774,1.56299,6.505904524925783,1.4315666938400675,0.4029360406903187,4.9997638059737675,0.039825628213741915,5.410958876737196,4.1810432648854325,4.204816801834213,0.3483036784142122,3.534828983397353,0.2343221308098844,4.181043264885433,3.375260495882534,5.866517351720594,0.2686497805911947,2.3953522788156065,0.9587287642615513,3.375260495882534,2.8864895825735855
HD132648,225.4715,-47.00777,26,25,3001.9343109000474,0.959101,2.514096219146814,115.45901195769414,0.6786442168002486,4.273911038433581,0.019782252193197958,2.6444104686483296,1.4990700510672847,6.684333802939318,0.5591363112682454,1.9691990273873992,0.4246040354392906,1.4990700510672847,0.995346039740693,16.19166294983845,0.5929596042489865,1.3513828010720785,0.21261319630890996,0.9953460397406931,0.6350279618546668
HD133469,226.3939695,-30.551335,30,15,1957.7354681142606,2.116589059161627,16.131717058688274,1.8962954941052503,0.700027666581413,24.236296743223562,0.9260756514756353,15.176824359498472,8.312305739683838,28.331917049410432,0.760382004658902,13.945767571168759,0.530821538262299,8.312305739683838,4.068939421791552,1.8083645558047852,0.7701141477283678,7.722041017069658,0.4525217645726074,4.068939421791552,1.9509105016883816
HD13350,32.43534,-30.74695,36,28,3951.101574299857,1.089934,14.5446871747881,1197.3035073635924,0.8188412553065951,21.193806906757057,1.1595448527135233e-05,11.980844301077399,5.099376469086505,346.5878573947241,0.5862325990371215,10.860856916242106,0.143273977805066,5.099376469086504,3.2801613821371136,16.226289832853613,0.602485050817984,5.241395231877739,0.09293303643330553,3.280161382137114,2.068101949904753
HD13357,32.715999,13.68079,57,50,2479.175504000392,0.956648,6.312256934896282,1239.5877520001957,0.5057155320826812,7.389292976672655,0.00032250057948834954,6.411994113589236,4.5079760164548235,370.026194626924,0.5560131284777089,7.123016809146816,2.8836361197326354e-05,4.507976016454824,3.0037699000914726,1.1510169942896098,0.3514734966128772,2.621064783502151,0.13530658672032236,3.0037699000914726,2.4189702412869782
HD133600,226.305262,6.288295,39,38,4307.1516001001,0.8368785,2.7350709697552045,12.965537628236289,0.44056591810024354,2.454023615754884,0.25654963794418895,2.2047863057138777,1.6490771090290957,6.519073104434836,0.4303726940602487,1.5770553115262393,0.3292433366170969,1.6490771090290959,1.2446188182468791,5.006569336394392,0.3924795708408075,1.137693090913404,0.685206418018605,1.244618818246879,0.9701006741326273
HD133633,227.061127,-59.95682,124,67,4805.888214951381,0.9011931331294768,1.4862470688726406,1.017011578658635,0.2568262903109684,1.0463895829146403,0.3841350256660794,1.3531706213553574,1.166534880592448,1.442689785948421,0.22471287979856872,0.7958758158737855,0.8345803530000653,1.1665348805924485,1.0271385133975797,1.433865863577104,0.21734893131331137,0.6706994162396935,0.9103744511066129,1.0271385133975797,0.9086844685641968
HD134060,227.68648,-61.42304,339,154,4821.901372199878,0.601740588154436,3.6922461066113965,3.2697507101104484,0.5969579739246837,3.901774244409242,0.0,3.5716713307314407,2.2674966517446205,1.6348753550552242,0.20001125914343473,1.4050094319095114,0.0002902777591918815,2.2674966517446205,2.028096389056025,1339.4170478332994,0.21724048969410606,1.293591001792143,5.7336075757086213e-05,2.028096389056025,1.7943318589594819
HD134088,227.0521205,-7.91501,128,80,4032.915777901653,0.8479387067363339,1.4117346719796693,1.004862654582562,0.28092820101183225,1.1142518207604943,0.017011781048599794,1.3956145595479363,1.1834546484972637,2.773288253267539,0.20562963149068872,0.7862894664962533,0.5125053871131147,1.1834546484972635,1.0547830391693274,5.185695998330532,0.19585155970520057,0.6612000874208065,0.6791519772955259,1.0547830391693274,0.9458695611110176
HD134113,226.94294,8.87899,28,24,1402.066946899984,1.4757145,310.4568218000888,197.47421787323734,0.7383134613191991,729.2627677724516,0.00210762927518926,325.8352348991817,166.68201321540292,50.984252614544914,0.71611911691826,203.6723110954559,0.004750799235291647,166.68201321540292,88.8089654822278,6.004569365738694,0.5486482248770747,115.65857479557859,0.38839042090497966,88.8089654822278,59.6642778473512
HD134606,228.8093785,-70.52034,290,219,4677.203522900119,0.694107,4.06989086185597,12.095173320145127,0.2972978836230245,2.4533495233405143,0.0,3.1553462362606686,2.6450424849548306,917.0987299804157,0.41965555356038137,2.3591502427406668,0.0,2.6450424849548306,2.015002403646674,58.83274871572479,0.36472739782465996,1.7396008017221152,0.0,2.0150024036466743,1.6060373142834734
HD134664,228.04536,-30.88532,44,37,5045.257924954873,0.9452710000000001,4.1243228548493045,1.0516212116380848,0.6389108266891297,3.1504358419079805,0.00042124261490661397,2.7759633297784783,1.6680956825926212,22.932990567976706,0.3594542445097795,1.8564469895880442,0.9826286275684628,1.668095682592621,1.3350454075612408,1.619509493453239,0.4840647546988873,1.2644433211087254,0.11939960305519925,1.3350454075612408,0.9589448600146757
HD134702,228.1265695,-35.91849,32,28,5918.746258199681,1.620345,5.65648676701667,18.478758221041772,0.6628115230518987,5.905128832670295,0.021773020095845808,4.146295161433306,2.407667870114784,1.1630470147769072,0.4830343377177482,2.6212497926171547,0.9501961733285502,2.4076678701147833,1.7311210044961098,1.4364145754640651,0.4722963899869458,1.8994365294554056,0.9776281569825804,1.7311210044961098,1.257541883333332
HD134987,228.3691115,-25.310035,132,45,4453.95302450005,0.612229,32.800287237963545,258.95075723837493,0.9663787201348092,51.26351215088377,0.0,29.02278137364301,5.321648078779817,120.37710877027158,0.7324326614153984,9.239759390775125,1.57506666598195e-08,5.321648078779817,2.7527241984917903,126.53275637784232,0.5171593203380468,4.222153294143387,0.0021098983614207256,2.7527241984917894,1.9127782593425056
HD135468,229.23157,-46.20244,21,20,2265.773314599879,2.1815844999999996,3.300194886674277,1.1664813192956545,0.7486296668183626,4.582915791094839,0.0354576975979094,2.956418912182051,1.4822551981852263,16.78350603407318,0.6064136448531295,1.8088332973704315,0.7287015793204883,1.482255198185226,0.9299144558354392,90.99491223292688,0.49513968234515854,1.1423496514202278,0.9999308011064595,0.9299144558354392,0.6607369847589297
HD135559,228.95139,0.370625,54,22,389.02031925180927,5.05922807690197,2384.600914713282,389.02031925180927,0.9320117716612012,3744.2085961874654,1.2043026020869263e-08,2172.4281169954647,566.450907937994,1.3451601633879995,0.433027061324739,541.8564070880096,0.9052195490075344,566.450907937994,426.5239696947896,1.526767344002392,0.5070365936213553,448.61470927328196,0.4870785056310255,426.5239696947896,299.4682491924972
HD135625,229.452179,-45.92305,99,89,6291.9280610000715,2.16184,14.975077364266049,3932.4550381250465,0.9114404771715341,22.147964937415807,0.0,13.886555335313432,4.132493346363316,11.684174672237841,0.29991513344065807,3.298651511243994,0.0019706683610360987,4.132493346363316,3.457701576083726,2.8803918975462723,0.2137888777523456,2.599074748567861,0.2272889829783996,3.457701576083726,3.0658937462259557
HD136352,230.44621,-48.31877,677,217,4816.812437699642,0.5213827274206132,2.7157721170074005,27.587700101372512,0.44842191139692095,2.5811868295363847,0.0,2.597974294465645,1.9294714305949427,11.576093337418024,0.415647081316961,1.699627714348771,0.0,1.9294714305949427,1.4749454592316646,106.80293653436009,0.33205161333885896,1.2901450515080153,0.0,1.4749454592316646,1.2054450385582187
HD136894,231.01174,-27.30501,39,38,2044.2728042001836,0.899255,1.7914202698429615,659.4428400645758,0.39330471458665234,1.117571766424982,0.34143474606378044,1.5437630109128722,1.2024469937846591,2044.2728042001836,0.365769730596002,1.638834077892361,0.588682595580184,1.2024469937846591,0.9576116559637285,1.6723435898234502,0.4316022786927659,0.9008295268746473,0.12877293977810989,0.9576116559637287,0.7219640752022775
HD13724,33.085895,-46.816755,28,22,1136.0210612998344,0.9715465000000001,18.25093524969554,1.103790382141308,0.5522661035419981,5.144235534171474,0.5599998532825705,4.848412189559114,3.2442142062878516,19.092790946215704,0.6949219520586386,4.821068850530266,0.025648939358400624,3.244214206287851,1.7919050819572846,64.54665121021786,0.6138209427211305,2.6155781383960073,0.19493978850731164,1.7919050819572853,1.1135490715966372
HD137388,233.91731,-80.20202,95,92,4037.057504199911,1.003609,6.587366477435961,342.1235173050776,0.5989035340312997,6.759911194139066,0.0,5.3137387838015275,3.3653064586411605,3670.052276545374,0.33795938291906574,5.566143491148186,6.522567928402001e-05,3.36530645864116,2.7382111615468285,39.34753902728963,0.28963294590620403,2.110903886098458,0.001396850803478511,2.738211161546828,2.30785405899579
HD137496,231.741685,-16.50854,142,77,730.9000110002235,1.503089365564651,131.0128127515956,730.9000110002235,0.9691555192882988,213.12106685380257,0.0,94.90770528226776,16.66825763128546,261.03571821436543,0.893089370962746,27.42075275501145,0.0,16.668257631285464,5.450052011340688,37.29081688776648,0.32782888947284866,4.478102686849465,0.00036829663438486815,5.450052011340688,4.468281938492113
HD13808,33.1786145,-53.744545,253,231,4437.935157299973,0.933733,3.8678241948718894,14.178706572843373,0.41251055642074064,3.5428996910812702,0.0,3.6268447013891665,2.7798988475359936,53.793153421817884,0.3128623497323241,2.1880977790450435,0.0,2.7798988475359936,2.30436285593967,3413.7962748461337,0.14866536651994766,1.5198541022414438,5.602753834443863e-05,2.30436285593967,2.1261848385113304
HD138549,233.47349,-31.01823,23,23,2941.963562199846,0.86729,5.02648090137711,1.0161521007874577,0.7447059902160886,6.292397239826499,0.006821520599463948,4.1147093354858555,2.079023863817433,128.4700245502117,0.6978187342266959,2.5951971127482163,0.033394115841155814,2.079023863817433,1.142860551728115,1.2085956627228032,0.6905833860268425,1.5353923784750556,0.04163382732012744,1.142860551728115,0.6357188029664195
HD138573,233.181674,10.967335,40,39,2665.678056200035,0.693576,9.515863193281197,186.41105288112132,0.780925857230917,11.967192505326123,1.6431582872122874e-08,6.981632577378301,3.2677780401861445,12.06189165701373,0.5627550799509696,3.6537227590639514,0.0020773125841966333,3.2677780401861445,2.160801816103381,1.0244333638984031,0.5505124629127744,3.136306968918787,0.0033197894475265333,2.160801816103381,1.4486843332221182
HD138799,234.7219,-69.21034,41,34,5846.067869300023,1.6649085000000001,838.6638291921104,2165.2103219629716,0.8565083903023557,1616.5617304606146,3.4736974408033916e-09,752.1226910064307,284.9062293561818,1043.940690946433,0.6892968941760094,550.0805084723755,0.0002545308154365822,284.9062293561818,158.80886514702505,9.795690129524171,0.49763924688428235,170.80022275849035,0.23669572747205114,158.80886514702505,112.55961363493293
HD139189,234.97493,-61.18453,25,25,5846.063812999986,1.398102,33.12478869875794,1.3929480838237724,0.6901523219962248,3.341646743064205,0.04655409611324979,3.062485573926155,1.7047008376006116,1.2927477362788002,0.658731897892114,2.2297962641934994,0.11771565531887063,1.704700837600612,0.995854804531469,6.1686860958109,0.6226739468596115,1.2664934140617798,0.28961769760553235,0.9958548045314698,0.6117224502833464
HD139590,234.753101,-0.31216,27,25,6041.303113099653,1.928155,4.4250982540726485,1.9566973645666876,0.5295383071104083,4.3152090940778995,0.9596169872576923,2.8011934634349274,1.9213444835273876,1.0089185045006843,0.41877155391813214,3.633824689766763,0.9999999999972977,1.9213444835273874,1.4648011365407232,4.347512315126402,0.5050617290113502,2.0145727657360077,0.9951579082226102,1.4648011365407232,1.0305146891311905
HD139879,235.230138,-8.99826,22,21,5825.063418900128,2.036478,6.0536585696643765,2.1505015021597558,0.8181060752604634,8.712296354890785,0.006954288105321504,4.435021898863818,1.891493553878452,3.280616928869188,0.686118493080464,3.492622852713623,0.422323532777215,1.8914935538784523,1.0597117019268243,1.6240732202024508,0.5536130425589594,1.5383054848446975,0.9998978163230982,1.0597117019268243,0.708016662465489
HD140637,236.44817,-30.34816,23,23,850.8119920999743,2.637953,514.1667481019681,2.7516558606079355,0.8153006973633431,605.3024307189096,9.135174369401255e-05,500.38385557426295,215.04825210183927,1.0700691637529538,0.5891110780724708,226.03182632152806,0.16628478109403644,215.04825210183927,137.8472584477008,3.11424594472904,0.5178933106800045,161.5353311302891,0.5642097794494189,137.8472584477008,95.71273177862936
HD141624,238.344358,-61.36411,108,58,4818.812347349711,0.8615900292670571,1.9980695724755104,1.1357355458176503,0.3261557747438485,1.2881817659248647,0.12884677219174778,1.5863871024636553,1.3022336870953477,1.6212402339433127,0.3021506278650872,1.0301444779877096,0.2944503937646986,1.3022336870953477,1.0878518930873793,4.239300032858018,0.32034362685866374,0.8667815132862547,0.15902308908277507,1.0878518930873793,0.8968389646956637
HD141943,238.36523,-42.266945,58,21,2647.8339724950492,2.9505078089638004,150.92517988751945,1.2151043882772923,0.8108591220429706,173.63646034137884,0.004325772342777201,140.74378820192905,61.20993757406264,1.9317385076931843,0.7554962676000048,82.96061597183748,0.03324202017768041,61.20993757406265,30.26667289357975,2.1250673936557365,0.48295625820972315,54.37961079503535,0.9999987004364286,30.266672893579752,21.763479269756726
HD142070,238.146295,-1.03129,38,15,1406.0203448198736,1.61787376048702,1141.405899665904,56.24081379279496,0.9833242287959508,1378.7836624344188,2.3396387649476935e-07,1131.0621865635412,146.05937815650935,3.3725601938591367,0.6845260879326693,193.43609655554627,0.9152513613600265,146.05937815650935,82.0372649542374,1.3596560727394584,0.6780028165183039,84.23721022334078,0.9368611669385901,82.0372649542374,46.551878371096066
HD142331,238.58196,-8.5809,48,46,2844.2959618000314,1.0931790000000001,2.1412752891672286,1.7528168865471312,0.3612690400258945,1.2390654383439328,0.2519613165225012,1.4238815804564582,1.1379753523408602,4.009438908655244,0.319670358595191,0.9209456620125003,0.6529775515602609,1.1379753523408602,0.9386259400729088,1.1138813243783159,0.32587892310590444,0.8069076924578948,0.5839724393528841,0.9386259400729089,0.7706576702171525
HD142A,1.58267,-49.07515,66,18,5404.114625294227,1.0267278898715553,15.679161762864382,194.39261242065552,0.9432445741151284,47.96977923089183,4.30211168789274e-05,13.115798564595016,3.124628800915817,1.0502603489056892,0.8093620000541519,7.0903130565500785,0.10706582878851789,3.1246288009158176,1.364278917472534,3.7575543215785165,0.8393457172373301,2.1240250289376514,0.036549735528130456,1.3642789174725345,0.5468262088149347
HD143114,239.91183,-29.63137,25,24,5072.0425257002935,0.9171155,1.8374656708258552,2.8020786286394626,0.5461459190728902,1.6172595622666808,0.9387023234895103,1.620737464551163,1.0918696483382588,1.2106558123165752,0.6796162514797879,1.6261827760830465,0.0970483897644967,1.0918696483382588,0.6180249852805436,2.1584078155241886,0.603198818546001,0.8119692916850574,0.5411621859728233,0.6180249852805437,0.38930726756268064
HD143361,240.458886,-44.4355,59,52,4667.124746596906,1.1470835,39.24244233949101,1037.1388325770906,0.9623500650940066,77.46806255236628,0.0,37.86171068637805,7.34653153952398,1.001937430840237,0.7306339190276244,9.819283030896123,1.916752312425274e-10,7.346531539523981,3.8128858298461275,1296.4235407213632,0.3540484587901705,4.002177775382408,0.14928782274391172,3.8128858298461275,3.06445868570181
HD143638,240.975815,-50.942785,29,29,2276.7877317997627,2.070681,4.683287946139519,5.008332010118262,0.4957874244798908,4.970970709369741,0.3536037311311834,4.190755899720807,2.9757689072457905,1.056612090124263,0.4476086204886784,2.8808796857417005,0.7447788935167831,2.97576890724579,2.211681819238702,71.59709848426924,0.5251452025577005,2.875017357776095,0.18627420229144454,2.211681819238702,1.5240635024276652
HD143790,240.89446,-31.99941,30,30,5229.7685397001915,1.6629840000000002,4.965992381851631,1.033203970938655,0.5561063527644918,6.1080048112428305,0.18444519966507278,4.619444253047296,3.077720628073596,1.488732539981266,0.6297453028103065,3.669931040811784,0.02089653011451964,3.0777206280735965,1.872748611666703,1.2676382925393128,0.48026033445226957,1.7828796006880963,0.7688754044197801,1.872748611666703,1.3501201378495553
HD144411,241.5473665,-10.990185,24,23,2481.1804149001837,1.14274,2.1297019366797354,14.218798939256061,0.7029088120727042,2.5504035957328433,0.024079207001692415,2.0693042397340835,1.127896457748938,1.4368661193538235,0.651693265414459,1.335990623748557,0.1045577237709645,1.127896457748938,0.6656564868884902,2.3245085393481193,0.5691320914747992,0.6739565117866235,0.5653957957092912,0.6656564868884902,0.43694044125754977
HD144550,241.89438,-31.55239,36,29,2314.8459835653193,1.100242,7.059434962294623,11.71480760913623,0.7088517730263151,6.219649506688104,0.00046307587545646456,5.4902929747751,2.9624606807303975,4.533580069653973,0.6548025719371503,3.289715944304759,0.0038844158230589843,2.9624606807303975,1.740549466656186,2.815086931248108,0.5388826324784681,2.066297380639221,0.13515541450865376,1.740549466656186,1.1819309641210158
HD144585,241.765525,-14.07086,173,23,2906.0717637119815,0.549684,2.715224115763365,1.3241316643331584,0.6362742027890477,1.8902700906033496,0.1773428003502211,1.2156915603236027,0.733179737162658,1.4629841742408292,0.5613414285158289,1.267733016134705,0.6856575313465109,0.733179737162658,0.4855945053113675,1.2049889139246104,0.5032535722103452,0.945484241935838,0.9770212809071595,0.4855945053113674,0.3422481744565584
HD144589,241.914159,-29.96126,40,36,2978.8916687001474,2.528849,54.916089208150055,53.673723760363046,0.45094057608627686,4.6717968176647755,0.183845379993416,3.8959713882907323,2.8868580776391988,1.471057614172913,0.38711422728183975,2.638934742809358,0.6928650551044431,2.886858077639199,2.26003520270315,9.99292743609577,0.36246782339446176,2.24950054205213,0.8912454191894313,2.260035202703149,1.8045389404810077
HD144899,242.57441,-47.9156,22,19,2312.727897685487,1.28536,37.7273075593227,1.0041368086512181,0.8042674249515824,7.44817756400523,0.011193446146500197,3.8875139599719986,1.7199012674266023,1.3513660732064308,0.654609176438533,1.9937294021787506,0.5492209161510937,1.719901267426603,1.0107852922160587,2.943900073428571,0.6544070114333796,1.3024477254157512,0.5507981570365849,1.0107852922160585,0.5942119416193062
HD145377,242.90334,-27.07739,99,75,2122.201630800031,2.350849,155.3101476034355,103.52203077073315,0.9250320343627554,227.6672644621234,0.0,148.90014507248597,40.76927456102182,51.38502738014599,0.7995408999642719,52.23604434393495,0.0,40.76927456102182,18.25348830529675,106.64329803015225,0.40690318182641577,19.931491740944352,1.8729929673444445e-05,18.25348830529675,14.057518670471758
HD145598,243.544345,-50.78552,42,39,2107.1978536001407,1.092147,1.5812827227908595,9.556452850794289,0.3501031659044981,1.320725900890781,0.6730079144624326,1.4500595886406245,1.1689826357627517,1.8565619855507844,0.4307734784249821,1.0242314882464674,0.10407227372510053,1.168982635762751,0.8819635227707805,1.3730356770705288,0.3030229137729531,0.7153533313477365,0.9777096211165661,0.8819635227707804,0.7363086011229323
HD145666,243.76825,-56.37514,28,24,1410.2536379001103,1.0076905,4.860840645897605,7.586087347499251,0.5287366805408222,4.684524795839295,0.533080774616748,4.397445622281564,3.018785788246388,1.3274224754330861,0.5788915012479584,4.052968647047325,0.2189720979492762,3.018785788246388,1.9589768328383264,1.1371179147719002,0.6102756548516631,2.3498863547645072,0.10766260213737078,1.9589768328383266,1.2229482164375407
HD145927,244.025932,-52.81604,53,50,5117.000557899941,1.0543390000000001,2.2957300540542986,20.500803517227336,0.42956527934865724,1.8479989090122064,0.016593453272624514,1.7758187509824388,1.3412249178719888,1.591998182409291,0.21633330614362645,0.8624630527656962,0.9999999994217817,1.3412249178719888,1.18731870052747,1.1553921057396908,0.2850134065459289,0.9119559817888554,0.9325367699263843,1.18731870052747,1.003959647335081
HD1461,4.6773,-8.052355,487,266,6507.072104800027,0.6731884144349258,2.944852618106478,5.771751024303731,0.3800881559132538,2.293350678981508,0.0,2.6686095536706786,2.1011158722899466,13.502951037144692,0.18557831655315818,1.2932527360980004,1.5106414230636744e-08,2.1011158722899466,1.896158632224582,3424.774792000014,0.2323877889005186,1.5147439743260955,6.500799898390142e-12,1.896158632224582,1.6612905892564072
HD146389,243.961776,10.03146,77,15,152.71337659982964,2.628071,175.45487817838045,6.878980927920256,0.9965796679929269,236.72681309380047,4.1600056732704616e-12,107.92339541148793,6.311749187766095,3.8274029223014963,0.7452495928731544,15.331087019256037,0.07888844213329227,6.311749187766095,3.1857168767429447,1.2704939816957546,0.6412451688655438,8.822654537458593,0.4177979944442388,3.185716876742944,1.908121632799732
HD1466,4.6077575,-63.47899,24,15,4399.917109055445,2.29813469583761,39.51562190471259,5.669265699079295,0.9185121359189271,63.87362446081813,0.015681295228895054,36.78662313453323,10.501138595257705,1.3372795298326672,0.872499569912482,30.7322902814065,0.13775943649316003,10.501138595257705,3.749662805848402,1.0033103272347885,0.7278855287915983,6.577292060906058,0.9985952541693174,3.7496628058484034,1.955996323694607
HD146624,244.5742,-28.61331,401,23,4761.8416507705115,4.789223483411497,361.3122521247163,183.8548899911394,0.9033611906941825,826.4218789631356,3.499800575790246e-06,361.422072513473,112.35449631211767,5.669534052590202,0.842821312762741,178.28290329460387,0.0002787162792328157,112.35449631211767,44.543802265613024,3.8374096629627776,0.588612257210174,59.55445502307962,0.7995114418098959,44.543802265613024,28.57017888641109
HD147386,245.7285435,-31.07641,28,27,5782.114590599667,1.779614,371.36751784594696,332.30543624136,0.9974922297501214,405.73032313348875,0.0,249.72673740817405,12.505726207627117,2.4824465870683774,0.2039671815448435,8.372634993363766,1.0,12.505726207627118,11.15769287161025,3.0485129913005036,0.10720927435556983,5.767485239631279,1.0,11.157692871610253,10.542636624589145
HD14745,35.2238,-52.96489,55,55,6562.049858200364,2.374427,4.190031026049292,1.065700342379272,0.29687010524464735,2.6479750852964608,0.6260995504428629,2.972802424153378,2.4927792904845982,1.0667744798986176,0.23656297144686125,1.8127689351639853,0.9995476918591126,2.492779290484598,2.1780630037013986,2.2924992517469143,0.23628961526325779,1.7347331029842084,0.9995779647472467,2.178063003701398,1.9034206922171915
HD14747,34.889373,-67.69957,23,23,3338.98390370002,0.879762,1.883409878012836,1.979830360925003,0.6304643915941996,2.895496119906858,0.2295268348292414,1.6842994077175502,1.023876187354719,1.5632678981693982,0.663408382776302,1.2269939827184362,0.10182418946722716,1.023876187354719,0.5940172960015825,1.084719610064329,0.3526417655063751,0.5540229892999586,1.0,0.5940172960015824,0.4779378536326974
HD147512,245.638685,-4.24829,30,30,1734.2562533998862,0.888989,2.0385873749181114,963.4756963332703,0.6397447345280562,2.985462677740078,0.00297944692858354,2.172478541820491,1.3039491755003842,1.0415953473873192,0.4600246600117946,1.246627935943435,0.43738002134214704,1.3039491755003845,0.9581811598647598,7.265422092165424,0.42330651703385,1.0534125658522462,0.741541089920414,0.9581811598647598,0.7276460047822122
HD147513,246.0057765,-39.19337,93,43,850.7283514402807,1.11315,14.022538483998906,1.0558872426961399,0.4945471638312189,8.038603788743082,0.0014149170830866087,7.7001422714602485,5.47443203462316,1.0578566916690872,0.2778473758914157,5.09585506561222,0.774414839312282,5.47443203462316,4.6521484562909565,76.64219382344865,0.3675731007771064,7.079652449438995,0.1059045017276149,4.6521484562909565,3.6996337445851224
HD147518,246.23607,-51.43026,40,31,4062.824483299628,1.175093190785035,1.9611986755982516,16.837233664731166,0.6231187158870576,2.3796563833712225,0.012492566683418471,2.011428299209208,1.2348290601293324,2.44689501523707,0.4812582340652746,1.242851123297239,0.550701768356621,1.2348290601293324,0.8893699461860094,5.056408815556478,0.5049354001639907,0.9190221232154651,0.35329120074178744,0.8893699461860093,0.6257680506289117
HD147722,246.166196,-29.702975,20,17,387.96727649960667,1.159669,3.162267843893651,1.1824665544029465,0.7638693874159952,3.3452126402394176,0.032066307743039646,2.7929812068736766,1.357200966630107,2.1458367063031347,0.5830010335911893,1.6383248909249324,0.731760308591296,1.3572009666301053,0.876418728406567,1.3801752988246416,0.6160570871218074,1.1512396300703396,0.5363899376304052,0.8764187284065641,0.5430564511645235
HD147873,246.440765,-33.566505,24,21,2079.170023099985,1.591537,139.1107160406788,116.154749893854,0.9806074498633847,178.08803019704652,5.767830657532613e-12,117.3606337204902,16.343305819680733,15.932337341762347,0.813635915718183,24.481402524896122,0.0013045538533261736,16.343305819680733,7.055389870954957,1.0688171609006252,0.5338529012937134,13.30828979365813,0.9578070315541327,7.055389870954958,4.817065039118217
HD147935,246.453365,-27.81916,28,28,407.88096740003675,2.0059855,24.71963546066155,8.358216545082723,0.8036925173852351,30.587284141778166,1.3323640237761225e-06,24.920190620338836,11.04128924072488,6.1427856536150145,0.44777206113706974,10.571627617137066,0.2791489304337823,11.04128924072488,8.205007351271668,1.4510173155462005,0.42882680416250407,8.25412419021234,0.38783040577202776,8.20500735127167,6.201016455281909
HD148156,247.07406,-46.31724,58,56,5148.94728029985,2.640009,14.001700029094765,1072.6973500624683,0.8087144670216926,14.983801860850582,0.0,11.864785921161985,5.189206689056121,3.2774966774664844,0.3172333496864244,4.508436415495047,0.2635434603620127,5.18920668905612,4.287825662483386,4.747323695648024,0.2335240176198873,3.3182217523612842,0.9970980629303968,4.287825662483386,3.7539319408034886
HD148211,246.80564,-22.12653,79,73,4337.964540200308,1.246392,2.237020541172932,1.0904614112768183,0.2848153657174175,1.4174563810656196,0.04751937978931575,1.9765903387599002,1.6715745712892824,31.163538363507982,0.22732590895565405,1.3080929510587205,0.4906736995352977,1.6715745712892824,1.4693455120765553,5.932664852571541,0.2174618785033904,0.9479524548161518,0.6460249154778701,1.469345512076555,1.2998004486798707
HD148427,247.116528,-13.3987,55,19,810.815050126519,0.7368641547948991,11.593071868400687,675.6792084387657,0.8839123625433448,39.29619745217989,7.838907988866328e-05,10.01198575825318,3.411247336354171,5.67003531557006,0.6643629537742243,4.627343737556992,0.20159956393212752,3.4112473363541698,1.9762785402774485,6.49691546575736,0.6757547672007198,2.4764292785328017,0.15951033779792634,1.976278540277449,1.1253431056524674
HD148577,247.43269,-18.67989,22,22,4020.953357100021,1.6463290000000002,2.1302929798708847,2.4245980204414024,0.5671960734475423,2.4958562770567325,0.9615102869515018,2.053036715338019,1.3506484115253197,1.6899732514184935,0.6543112035693242,1.6241162917249647,0.38246619202943044,1.3506484115253197,0.7941178615527017,3.8393520071612928,0.6369587067415775,1.0490558817309636,0.5185431609655389,0.7941178615527017,0.4784791052019937
HD148816,247.62121,4.17564,29,28,2312.744591599796,0.963132,1.506555052041225,1.7473138346931072,0.4812501563494255,1.321167357815079,0.5843994448924941,1.1324483627442796,0.8156378996274366,1.280305907661535,0.5145434711144162,0.9509370299397588,0.3270409553488004,0.8156378996274366,0.568293345632006,2.7434692664291775,0.4171582813697916,0.5660942655426694,0.9714264262960491,0.568293345632006,0.43385827560118034
HD149189,248.8570475,-48.69948,50,23,3532.174687099643,1.066286,2.316649700074852,388.15106451644465,0.8052099031954505,3.5645331534521385,0.0014246311197272377,2.10228482381508,0.9278440602879817,1.663295671077249,0.7603248832908248,1.3420973583408744,0.009173129737946706,0.9278440602879816,0.4542411407336409,1.7179002417682243,0.5956841999544912,0.6352990478569351,0.6392856184027468,0.4542411407336409,0.28883300749882285
HD149396,248.983975,-37.362375,117,105,4249.3410980002955,1.681856,8.815342404801426,20.006314020717006,0.24950506494099317,6.076818799303989,0.002483497586163841,8.52110266285027,7.381925885389441,2.5235115493795908,0.19206278480721817,4.922275784065671,0.09456037744655177,7.381925885389441,6.6352682793931255,1.1640116961596156,0.17741389402413937,3.831666935910943,0.21647112613039565,6.6352682793931255,6.017958270634444
HD14943,35.72898,-51.09257,77,33,1543.7488978090696,5.425990372018743,592.579974286128,181.61751738930224,0.9209180487168106,1106.3368114024877,1.7130741269966165e-13,552.0737621533791,155.25149670044658,1.1958702438678974,0.4165160842638905,146.9015744571723,0.46466793924893945,155.25149670044658,118.59059284468697,1.4107181740007941,0.4723970365449494,118.36440621073058,0.1350900058625376,118.59059284468697,86.13979884147348
HD149782,249.8049535,-47.311695,20,18,2194.03260149993,1.178524,85.56748997881726,8.31703033169041,0.8797489581053289,4.109917297154763,0.0007970535688247571,3.1532962648920226,1.0934758612684554,1.249235666742544,0.7256662468892124,1.7765758360878439,0.22621364472992767,1.0934758612684552,0.5727285369305937,4.011761933625763,0.6656874425080475,0.8174135686938884,0.6407673899885852,0.5727285369305939,0.33115031148502017
HD150139,251.3634625,-71.838635,48,48,5786.146851200145,2.50134,11.553573490200653,3.5330932717836903,0.4068347365310747,2.901524502082282,0.07396267522264577,3.337814354439708,2.5706919238206334,1.1564198763266011,0.33330660971591247,2.0617473745100687,0.6124427020228398,2.5706919238206334,2.0990032350433756,1.0449212358146691,0.305321762416157,2.0979647013014957,0.8992192939010856,2.0990032350433756,1.749463777408746
HD150177,249.913738,-9.5544,64,38,3322.820173902437,1.044881,3.4995304903369404,1.0345019221365002,0.40595516390069675,3.3103762149325764,0.37786858503323495,2.7476295488372977,2.117716355190539,2.7727137632697247,0.38511003517347225,2.010565517288217,0.5738956096623273,2.117716355190539,1.6606055815734506,1.217462416701146,0.3726769685309628,1.5026778318440783,0.6984908118019402,1.6606055815734504,1.3152615054193861
HD150437,250.531031,-29.12444,36,36,5431.13219840033,1.6867640000000002,7.280151054906016,189.89972721679462,0.6387482394615065,7.841828985493239,0.0007597966741215156,6.183360652383077,3.716460866635426,59.814231259915495,0.568737246382578,5.391964626450047,0.0117690204720734,3.7164608666354266,2.4406221022950803,1.6781399698431365,0.36873126530944866,2.4907240481054256,0.9870690963584371,2.44062210229508,1.9391333699995668
HD151504,252.13573,-19.28777,21,21,2260.8024858999997,0.779585,1.5318258774772802,26.2884009988372,0.6832381608684533,1.745466400313887,0.1209534617547654,1.1070829342939246,0.6230839781907884,2.8690386876903546,0.5797142868935529,0.7090144576320444,0.75990302066442,0.6230839781907884,0.40394189419874305,2.099556543369242,0.5218981062912007,0.5919390835093781,0.9860149579042029,0.40394189419874305,0.27930526970151914
HD152079,253.375628,-46.3342,21,19,2312.727073277347,1.170312,23.98740441234577,1217.2247754091297,0.9473149943111551,32.48314809499114,5.978388758487441e-07,17.33818763769967,3.979671402690883,1.0021783911588795,0.8102319163626805,6.083346750500404,0.008885247149029829,3.9796714026908826,1.7336395266506748,1.0318225543309298,0.8134400402993591,3.505196560160286,0.007822872049149332,1.7336395266506748,0.7488037661103746
HD153363,255.04347,-24.98984,89,22,1995.2677051541395,3.1661948581985717,192.7292766120113,1.0558089243063504,0.7875838672207781,174.03220137759138,0.0017541841755763787,133.98087273406844,61.74994163876539,2.202525339611592,0.5040706005324755,82.50389186172022,0.9732693394903823,61.74994163876539,43.48570133836924,1.1784004873341254,0.5227298400867458,67.98048544365945,0.9230076781710703,43.48570133836924,30.041984641539457
HD15337,36.8697785,-27.635605,118,116,5750.051063199993,1.024984,3.8649519489800803,4.756432346099757,0.26966449581142293,2.7277579146669497,0.00015312744040330006,3.75452226930777,3.2086023074560774,5750.051063199993,0.2471098236461177,3.987456717591819,0.0008279764417616908,3.2086023074560774,2.784079976093191,17.169456742908316,0.31242326975203616,2.2532469357824665,5.381658107594944e-06,2.784079976093191,2.3085659827677154
HD153950,256.130365,-43.309915,64,63,4682.115711099934,2.045495,41.38601150319743,492.85428537894046,0.8883362348887262,63.31714552339743,0.0,38.901520780813215,12.999382214374261,243.86019328645494,0.8038919333949551,18.61230208759981,0.0,12.999382214374261,5.756658176382596,161.45226589999774,0.45715795915992824,6.2387439211460265,9.459281365897798e-05,5.7566581763825955,4.241379955603113
HD154088,256.11885,-28.58265,280,179,4143.739078048151,0.6440937466251588,2.1860846717481164,18.56513923856699,0.3138529664868632,1.6045045913518554,2.4376389795577325e-11,1.995642734827746,1.653070555902041,1.0553263919643834,0.15367888918596143,0.9280762343784712,0.0020530406510520516,1.653070555902041,1.5207540351476019,95.25836961030232,0.12584067543453573,0.7779481522996803,0.033746892118756366,1.5207540351476019,1.4218516121374332
HD154221,256.62309,-47.846875,38,31,2312.7240558257326,1.106319,6.67531769692078,76.83468624005752,0.6629730132355477,9.852500728786257,0.0009709431182763906,5.697509859374889,3.3076338221601853,1.0428480208439965,0.5447307328658866,3.937890473275435,0.0547507185063143,3.307633822160185,2.231781079165043,1.4112302024809196,0.46174467993172924,2.196128981832452,0.41720167876682224,2.2317810791650428,1.6373659580723385
HD154672,257.521188,-56.450825,24,20,2314.8125427002087,0.9952030000000001,118.92700864847248,1.0682599763257221,0.8575205024647771,148.15783949697783,0.00039287964260725783,106.04828059914882,40.02946806259869,1.2172972984330075,0.7611158738491586,54.27312222928944,0.02423869009872215,40.029468062598696,19.564712244091215,2.608239484732628,0.5263213069106734,20.177803737638897,0.9971812992926093,19.564712244091215,13.465280030823925
HD154962,257.22911,-3.88248,40,22,2543.9706950159743,0.645247104669282,1.998711888198046,5.914835375531214,0.6078533183588986,2.6370152278445524,0.42748531942353307,1.9456019102633868,1.2183673612252883,11.685671543481744,0.6220576824566039,1.3235871260057315,0.3297621694284584,1.2183673612252883,0.7490158658125067,1.4558605328007184,0.5287418355000045,0.8686216299560733,0.9458940553269012,0.7490158658125067,0.5141862522703119
HD156079,259.1022,-21.857375,43,42,2580.920428699814,1.4158344999999999,3.5964428760103457,2.4033154192194943,0.35333454051166685,2.7001835391248035,0.4792505876256834,3.200044290435277,2.5733320052737114,18.62135951442868,0.29969134611625536,2.295546910257995,0.9485549993270416,2.573332005273711,2.153478637968849,3.6417672198388806,0.3572523091453215,1.9636030978726209,0.4408450862172374,2.153478637968849,1.726477133016931
HD156098,259.264922,-32.66234,84,80,5971.628957199864,1.701474,14.316404396758742,4976.357464333221,0.7471341664735753,23.45207192387621,0.0,14.407581180250546,7.244962663220871,2.7661798022975117,0.26726586060672536,5.381178224592508,0.050162978856948426,7.244962663220871,6.201680165899566,26.458258560920992,0.2763911297000447,5.063707184741209,0.03165544351627758,6.201680165899566,5.275471801237512
HD15612,37.3764885,-41.364315,45,45,5209.800527200103,1.768226,11.944978194641608,11.67331509567579,0.5437292242621404,12.984154533202444,0.0007961920317578475,11.124999626598942,7.514694533945239,1.3054199622140632,0.31544592704307234,6.05565861049714,0.9301040933415774,7.514694533945239,6.2174916540710985,1.3795679819934608,0.33434826459070965,5.126196565484961,0.7812106547064147,6.217491654071099,5.072694935348692
HD156411,259.9665,-48.549635,68,56,4844.836417899933,1.6284735000000001,11.622371819063599,865.1493603392736,0.9330774565567043,13.490193421508895,0.0,10.606015492504081,2.743711706902259,2.254146195458955,0.22318649062889784,2.1774399790223344,0.9995639170940268,2.743711706902259,2.4182258603043665,15.765819778392226,0.2903163804137246,2.1153390952295013,0.537711140703763,2.4182258603043665,2.037179286802045
HD156423,259.681905,-29.49102,29,29,5882.035391899757,1.701546,164.05263276358147,5882.035391899757,0.8451246893634998,197.23041175030764,1.1200494701713026e-06,124.28225536058646,48.91028810849174,3676.272119937349,0.7983013871292901,114.68979722860526,2.666123922223651e-05,48.910288108491734,21.966035280380122,2557.4066921303297,0.5462148880749113,28.608860284506516,0.3613541567427895,21.966035280380122,14.797106459002828
HD157172,260.6462775,-19.615655,128,123,4241.280256600119,0.836061,4.273583360798877,104.98218456930995,0.705873103909069,4.847495104006205,0.0,4.202257259270764,2.279029810960003,52.491092284654975,0.3021946028794876,1.8336982111669298,2.5568833952327452e-06,2.279029810960003,1.9037817886655577,1.0004199213586795,0.23345409788553828,1.3134059512570475,0.0006531250228820618,1.9037817886655577,1.666810590692529
HD157338,261.035945,-34.798775,30,17,742.9661440001801,0.903078,10.820542060770578,2.5522711920308474,0.6648097998625729,2.183333994910592,0.45633432401239493,1.472485840911276,0.8525047034461486,1.0140113880171688,0.6422678892672808,1.2239942862662128,0.6056670434243975,0.8525047034461471,0.5098891214019521,1.5006385457486964,0.7896342428680748,0.8498025285085923,0.029060536513483726,0.5098891214019512,0.23386394428833468
HD157347,260.7141115,-2.38866,222,97,4897.669930809643,0.5824625217304836,1.9793500286556471,1.058429306682006,0.2615828809559861,1.3252812827483738,0.004274111542296066,1.7456806132196823,1.5000843049000505,17.017616159866733,0.20175155649790322,0.9823930283240917,0.14295079197428973,1.5000843049000505,1.3402465789172564,8.551894413846075,0.1919551344998738,0.7959529206174595,0.2368933868950278,1.3402465789172566,1.204765284656357
HD157830,261.84295,-38.060915,67,63,3023.811892800033,0.919511,4.0684579063691455,1.0112068664682576,0.3662438208079665,4.19136479305522,0.004326867134578749,3.9524256176400865,3.146478792293594,1.1171581234713974,0.27057639637084785,2.4004625215841466,0.23994774229210247,3.146478792293594,2.6872911088700016,79.78395495514594,0.23953271224964318,1.8833077744992113,0.6087167881754781,2.687291108870002,2.343446179676225
HD16008,38.455126,-19.61144,106,105,6601.979246499948,1.2055240000000003,7.113331102960631,3300.989623249973,0.8009797370947529,11.991259762586514,0.0,5.8536393863826515,2.6114072890782722,31.289001168246187,0.30546262000612895,2.3785467247321805,8.023557243286294e-05,2.6114072890782722,2.176318351569088,13.172344865323113,0.21738930458007166,1.5248817195435542,0.030909580838057615,2.176318351569088,1.9252862696261617
HD160089,264.7755405,-26.937695,26,26,5546.765755499713,2.839424,13.939679725057387,13.433678264712306,0.7007707671538612,14.655683513330422,0.017306680417571996,12.245516787737351,6.698524152190849,2.3019446196462945,0.6121725567257069,9.363506229649145,0.23346220856489008,6.698524152190849,4.171559056039085,1.2164226749489488,0.5663607514821797,6.280742967842409,0.576286322417845,4.171559056039085,2.747025480173918
HD160836,265.608035,-9.075085,26,25,1739.2308991998434,2.054313,17.342103721455477,6.001486884747565,0.6449813253849905,25.36637074986725,0.032404696262501864,16.820946812794205,10.022499349908637,2.387741487094789,0.5656742042140323,12.475723894456081,0.23940297520532627,10.022499349908637,6.605167704106744,1.0768564789795332,0.3853840913024153,7.725131587015193,0.9999728361266444,6.605167704106744,5.178282593854365
HD161098,265.934336,-3.9179,215,170,5644.61680309521,0.8773610000000001,2.0615985473539657,2970.850948997478,0.27512555683966544,2.273217129496949,1.671989935392304e-08,2.113374037623547,1.7993173263309918,9.92372855677779,0.12393524858899418,0.876413189637688,0.09743747952487114,1.7993173263309918,1.6841309818533519,61.28791317150062,0.11527355018532105,0.8006806127370086,0.20613245407400538,1.6841309818533519,1.584091891451017
HD161256,267.09308,-60.66194,25,24,6258.867382199969,1.408194,7.272456142078529,6258.867382199969,0.7060023508448227,10.62725959359655,0.05415715580331948,6.289537848817497,3.4102849136119904,1.2710424804435185,0.7695000472552217,5.4583348164707,0.0055029701009327026,3.4102849136119904,1.6372917895396462,2.0000854447320404,0.6233462650584869,3.324466162474207,0.44344799239613386,1.6372917895396464,1.0048407131733614
HD16141,38.832785,-3.563115,46,16,4627.133559743874,0.7726692958643517,5.604264169365747,76.99057503733563,0.9111471595965088,6.735167451564427,0.007607647317007693,4.741468212095319,1.4133460228324952,1.2245629491726755,0.854697646563307,2.5283769671798555,0.10793310834722669,1.4133460228324954,0.538746950828702,1.0361496651687019,0.77690938790787,0.7124596535376942,0.7010826280672097,0.538746950828702,0.25446348617385156
HD161566,267.607635,-61.925315,58,57,5130.9438795000315,2.009971,3.8612853469600115,3.16510016624516,0.386774829003232,3.1578220007253877,0.015306772625826692,3.443714226795814,2.6967276700677583,2.6744560226739793,0.2700347706218789,2.1562270667986496,0.7612345966927079,2.6967276700677583,2.30403025778448,2.0860039352360165,0.2821070155665593,1.8280518923750997,0.6047853554007461,2.30403025778448,1.952171790528587
HD162396,268.22076,-41.996205,74,29,1535.8047229223885,0.7161918978797591,1.9957908564112825,1.0992017770701323,0.5284066323385664,1.6705353691831044,0.11974684440780459,1.4457695265104082,0.9928483330718136,1.422041410113323,0.6070619853809799,1.0850304753914781,0.012950210280812668,0.9928483330718137,0.622364674651335,1.605314856195661,0.51213253951326,0.7650609490178509,0.1770980811362729,0.622364674651335,0.4347062262299251
HD16280,39.005004,-27.178275,75,71,6590.894795099739,1.47064,6.023923003400906,324.67462044826317,0.3894489116228229,4.912909421466435,0.0005592128142742903,5.702736004279298,4.455990663617878,740.5499769774991,0.29839724699486564,3.361238995090694,0.05345779506615589,4.455990663617878,3.7324148997274844,17.636860570242824,0.3168353342052482,3.264105351593796,0.0225562222125385,3.7324148997274844,3.084981844044345
HD163441,268.9383345,11.801795,34,33,1543.7856494002044,1.033695,63.18313458545116,1543.7856494002044,0.5003227683202381,8.158576357407819,0.08909289428540923,3.2666852612314154,2.30914961883264,1.0609481474814138,0.6221357213813477,3.169601846769282,0.0018645681924676083,2.3091496188326404,1.4194496510533106,3.2002190078777057,0.39227194946416205,1.2965942074217676,0.7646830328974403,1.4194496510533108,1.1065591496788243
HD16417,39.245825,-34.577955,293,119,5028.1566922976635,0.5460514418285914,3.367228861311893,17.243335707467974,0.49595328593406446,3.1959837145066112,0.0,3.316300744423989,2.354449080058528,8.627585264752335,0.20607298638460467,1.7010199074547223,0.009698318370610748,2.354449080058528,2.0978749244702923,16.346413173919576,0.22954554785413855,1.472663513562033,0.0017599988371614916,2.097874924470292,1.8414209358305844
HD164249A,270.762932,-51.650505,38,17,1134.776733265724,2.2771459925769424,26.823867291810668,15.191120927251989,0.7331140229213569,29.384724178451208,0.33619145706670217,15.183251410925132,7.843820760255842,1.8442657781012897,0.5259432368703318,13.125781247987097,0.9999976014887887,7.843820760255842,5.400610225879296,3.5774802435867707,0.43776821555519374,6.620818941452821,0.9999999999999999,5.400610225879297,4.04949186918671
HD164509,270.379725,0.10554,48,19,5217.836455299985,0.895849678070163,10.86221359222237,1337.9067834102525,0.8247357964408277,24.476619384909025,0.02615266817394246,9.313102745641242,3.8988902115737374,1.0195069275693598,0.7356586515734814,5.723349078531502,0.3753235899870977,3.8988902115737374,2.0045807553652155,1.0392854350675185,0.7095047850048163,7.2933109092210815,0.5977908828733333,2.004580755365215,1.0804210774022864
HD165131,271.34468755829,-21.67316754636,69,57,5595.651698099915,1.9093550000000001,70.50266327483698,2331.521540874964,0.8054146491659921,109.6085458479666,0.0,76.02208842998299,33.53473408661124,1165.760770437482,0.662202681319981,48.18933715507096,3.110595891975265e-09,33.53473408661124,19.490499349042665,1.045349567169182,0.3884484846560309,18.366613227797536,0.015546438791979256,19.490499349042665,15.241913382160442
HD165155,271.489273,-29.91681,36,20,1983.6295574000105,1.2079404999999999,38.7216904626463,440.80656831111367,0.8421129221336471,71.46038848488311,0.000765317496328688,31.338413988377724,12.452320981637614,28.58255846397711,0.880834965411251,17.808072082724745,8.061360667777073e-05,12.452320981637616,4.298577177847376,7.718402947081757,0.8107742991942566,5.12915845362329,0.0032536359628726474,4.298577177847375,1.8698845350103113
HD16548,39.754601,-8.92733,53,51,6573.097689399961,1.493158,79.1519655424827,6573.0976893999605,0.8631302229564563,35.24568933027137,0.0,19.246512814545248,7.120423635128384,3866.5280525882135,0.5551181411720033,13.21162730308979,5.3372062782774954e-05,7.120423635128384,4.749284447409035,18.547115376410737,0.3301204516333236,4.0772209387898455,0.4800898776815674,4.7492844474090345,3.8871074051950045
HD165920,272.32366032876,-22.9084402233283,43,31,3659.835611025337,0.6759150634565333,1.1256049727469433,3.743694364796782,0.4657266222256791,1.1659820863125718,0.6527167221759458,0.9978289357092178,0.7293531465534342,1.3506423630015627,0.4261685056958339,0.6837726637881831,0.9312504003974783,0.7293531465534352,0.5524971615315035,1.0026672176174172,0.4746030427114288,0.7042080950975613,0.5728430859649869,0.5524971615315041,0.4004735410714939
HD166724,273.5001595,-42.57554,56,50,6038.631964200176,1.047452,8.933258692273693,6038.631964200176,0.7502878452828318,59.04704438251176,1.6690671067465246e-10,7.751847988592421,3.873692018770351,1.0007510588489053,0.5322490240937082,4.341756543192648,0.0002270627196726549,3.8736920187703516,2.649307932638174,1.247754352467183,0.3384074449920656,2.186070823328459,0.4258397241342742,2.649307932638174,2.1549030933356987
HD167060,274.434543,-61.71119,55,53,3078.5908047999255,1.292379,2.4017171121274337,8.37711783619027,0.31021171998881747,1.482933336178868,0.33925521318301166,1.8541738147278946,1.5399561306449845,1.1857151458942858,0.2785435989735489,1.1753247425280113,0.7039123052115202,1.5399561306449847,1.308017018447034,2.979377532952602,0.3086879897465892,1.0889984274764137,0.35398040728078495,1.308017018447034,1.0875530372010909
HD16714,39.94948,-33.89974,27,27,3274.926980300341,0.97847,2.8011078754410397,1.3102328386878734,0.3437225253588709,2.2571662285524305,0.9999999999943497,2.4168924296268863,1.9579476261923032,1.939662982883404,0.3359742990102893,2.2769079614862124,0.9999999999998684,1.9579476261923032,1.5954879004882427,1.2684665660780616,0.283920040127659,1.391669363173433,1.0,1.5954879004882427,1.350125919675927
HD167300,274.684364,-61.936205,38,26,3697.954523900058,1.2924000638749602,2.0277925877647625,1.0181592852147736,0.4892719125322515,3.058623264094356,0.8977823544968235,1.7559334576594596,1.2548821021458563,3.3623881832151827,0.5272040418943191,1.341240131242383,0.6230631310960657,1.2548821021458563,0.8628589392658772,2.786492746515001,0.5129378849604626,0.9330389796517221,0.741574331236768,0.8628589392658773,0.6021878349601458
HD167554,274.372235,-38.448035,22,21,316.9836244001053,1.853743,18.711967422463715,8.38581016931496,0.5355561855865424,23.154340584414832,0.372773129857655,17.80222472902865,12.132236585789391,1.4356142409425068,0.5583826766199327,14.8710787599706,0.2620238449600204,12.132236585789393,8.062392210063905,11.443452144408141,0.4325952993443266,9.955344239334705,0.9232240233936116,8.062392210063905,6.073099353735235
HD167677,274.20859,-11.40579,44,43,5204.766077100299,1.811096,18.771713423983314,1794.7469231380346,0.7025642921938854,20.799237937910974,5.137844037994554e-07,18.35702656553658,10.011493945795173,2.494496082962042,0.3498527599283051,10.486381032844632,0.7671724438252528,10.011493945795173,8.072438605506475,1.0931856245616143,0.2912044860971032,6.953370958397157,0.9994607393482107,8.072438605506475,6.7961856020601505
HD168746,275.457738,-11.92145,52,21,3450.6827765000053,0.7847826270543069,18.828549416216713,6.404385257052713,0.9714979413534733,27.415145213543408,1.502440505340985e-09,17.01531443004641,2.8726194292200655,1.373132819936332,0.7959101679504047,3.5859339767987195,0.010329696451069181,2.872619429220066,1.2977432473230166,1.830018443201104,0.6539610500650017,1.7630424401127236,0.5079981203098485,1.2977432473230166,0.7633984441704657
HD168769,275.831062,-39.51961,24,17,6182.966832799837,1.89058,7.934406603484616,1.2749699624290822,0.7587246516764621,10.606851114266606,0.7046725430630809,7.154442180188338,3.5142467655173597,2.127728701194065,0.585974457185198,3.9123273294384293,0.9999999999999722,3.514246765517361,2.26123563744281,8.910458038333815,0.8476116925781627,3.924196908512591,0.0744958698297965,2.2612356374428106,0.8827173118749139
HD168863,275.665318,-18.02101,80,75,5414.175662999973,1.4425420000000002,15.316195358669507,5414.175662999973,0.39443432245024873,12.331262344246305,0.00012854700516917728,7.978442810504623,6.208672649775588,123.04944688636301,0.36488523772170606,5.6848832652985,0.00068096599242784,6.208672649775589,4.947945029809906,47.326710340908846,0.29772786864404116,3.8156205734114197,0.022706966754632907,4.947945029809906,4.146460984499435
HD168870,276.06491,-46.94319,23,23,4847.811172499787,1.614839,2.338832456004355,1.0117945385385567,0.6681784007654971,3.0065023715276316,0.21051802357129312,2.1362298811983838,1.230552966213858,1.4531372478342337,0.593528561425749,2.2584956440827932,0.7696649236331714,1.2305529662138577,0.784540429398547,1.6555601299432372,0.4728182120011619,0.9168021436009072,0.9999997660162031,0.7845404293985468,0.5696335080428426
HD168871,276.14224,-49.65278,125,23,3078.753082100302,0.7978180000000001,1.4614192463532614,1.8453327032488032,0.7985429961579273,1.7444465681990482,0.0007547357439757763,1.1100244141577402,0.4982229354942528,1.4182573623089658,0.67638484630805,0.9107453224776317,0.06588541687276694,0.4982229354942528,0.28342499073765964,2.8121602869019937,0.5049207429084429,0.718519794169432,0.9791784835805868,0.28342499073765964,0.1994231199217723
HD1690,5.30636,-8.28099,47,47,6218.124491199851,1.4737620000000002,90.16366308758793,1.0019859633246078,0.6863477443376026,128.15221490117412,1.6557881110657036e-07,78.97529480127018,44.22984966703921,2.409752166795788,0.428787960748905,44.26537067644823,0.04740570583039372,44.22984966703921,33.42828832902251,1.0033764427805867,0.416953338348736,42.729241307125655,0.07198444378660862,33.428288329022514,25.52500265207582
HD16905,40.012859,-61.35619,57,57,6587.024794599973,1.480828,63.765408439494806,3874.7204674117484,0.8082741375900503,73.1690833537395,0.0,52.64014469198414,23.049283218113782,1996.0681195757488,0.5621233595512168,29.108786632303612,3.1172188389438915e-06,23.04928321811378,15.25222885177125,1431.9619118695587,0.5060933764352492,16.33879312155066,7.134644583728367e-05,15.25222885177125,10.719036214057676
HD169830,276.95398,-29.8172,86,25,1919.8490232080221,0.5658327114569778,63.95570372045659,342.8301827157181,0.9977830422900249,234.8389982435455,0.0,56.820930579314805,2.675389673293797,1.5045838739874773,0.41599788799835496,2.5527882430351188,0.9988622752599102,2.6753896732938,2.044533614956352,6.3718852413143745,0.522391046082713,2.278545121236168,0.5592102883179927,2.0445336149563524,1.4129620105299583
HD170200,276.99489010085,6.19410346884,41,22,396.7951936204918,17.13361607844038,12165.300462750518,2.249405859526599,0.7642279536630066,12799.476120567708,0.0008904384952130862,10419.48783384956,5059.324416602021,1.1781329976855466,0.4930341798105244,6300.7655627450085,0.5836813611166327,5059.324416602021,3602.316508944993,2.250681756213795,0.1626050897460384,2829.4824588043325,1.0,3602.316508944993,3296.4540533780473
HD170231,277.003905,6.91376,113,25,3084.6156847001985,1.489699,6.696035439467007,68.6996811737238,0.8840794048373561,10.13680036460231,4.599856713305428e-07,5.83399525837661,1.9863069991769244,1.5203389446006204,0.5764451929765672,2.2178217572282874,0.3112912519578219,1.9863069991769244,1.2927102144989377,7.980894397671924,0.4049326355126763,1.213979707017441,0.9999982779761974,1.2927102144989377,0.9972045394159148
HD171028,278.0639555,6.94592,93,74,4703.041106339078,1.144495920339264,38.701728807941926,1517.1100343029284,0.8083134107547101,53.624002276761594,0.0,35.099721153141104,15.367369409128475,1.0283017986573109,0.26510690190095115,12.735202627310027,0.10776941690127051,15.367369409128475,13.173816673327314,139.14322799819757,0.2753001298762485,11.900182507988118,0.06800483461657747,13.173816673327316,11.21477867768664
HD171587,279.04253,-10.89034,51,51,3585.1736952997744,1.0777,3.199880523799104,17.61756115626426,0.474664916830653,3.0559863168412664,0.0009647751583719,2.9677103069078368,2.1509965188121978,1.2294834346021184,0.30865936226897916,1.7179746001182576,0.45806326480694237,2.1509965188121978,1.788486846562647,1.376002185875946,0.2721651754234377,1.3139859221438404,0.8715821831712678,1.7884868465626471,1.5258160051437157
HD172513,280.510095,-34.46645,44,43,1081.063591199927,0.951169,5.34951779992874,1.08934259492133,0.45887291326269336,4.479944339511832,0.006780853127168585,4.474452252497932,3.2914670727019764,24.966826586603414,0.41920437411560124,2.96953619728455,0.02667027400449773,3.291467072701977,2.5084253628298216,1.1539961477369,0.2640109973678326,1.9275088567846759,0.9355172417587759,2.5084253628298216,2.151973137428912
HD172555,281.36088,-64.87275,536,31,4770.042160529643,6.120124543652631,648.1862203819454,353.336456335529,0.874243272817794,1723.2330961861512,9.382655652423466e-09,987.8496841755798,350.3131809750154,30.81422584321474,0.7760019266936932,564.6249024823198,1.7045089831801974e-05,350.3131809750154,165.79774517486425,3.0581113992368527,0.5058622779880269,271.0455061805926,0.3931232058070373,165.79774517486425,116.54740935049372
HD172568,280.787496,-45.9023,112,67,4831.922287400346,0.901173,1.8772096511970815,32.084477339975734,0.2675878854715759,1.3688227599060736,0.2666061271326081,1.5711536180581804,1.3446102248173128,4.007565967819811,0.282573383962327,0.989691692634972,0.15071195481675714,1.3446102248173128,1.1388988430443616,508.6233986737206,0.3013056849450408,1.1353076950996537,0.06940777478078342,1.1388988430443616,0.9519820432369044
HD172643,280.9099965,-45.825165,25,22,5586.8264709999785,1.7365585000000001,4.198939175403265,1.0965312013738908,0.80961986608682,5.156653064161057,0.004197168274751029,3.8841080216983603,1.6947362300161724,8.528204046710385,0.6883884557549641,1.9680160698987617,0.2421058111733274,1.6947362300161721,0.9460386575962636,1.9362398527067215,0.6224899073326354,1.0643023330619348,0.7572934438972129,0.9460386575962635,0.5812636525744006
HD173885,282.049303,-14.707855,28,27,5962.807418699842,2.251351,725.8805475554915,5962.807418699842,0.8707038111348725,1741.0603033866714,1.0065146660576119e-06,641.9435450422404,230.828642841173,2839.432104142783,0.9283578500624341,382.5622299206582,1.5210295245537964e-09,230.82864284117298,61.78371283641502,84.57882863404038,0.6918958544447786,71.44728331743353,0.014059820918910115,61.78371283641502,34.294365662248495
HD17439,41.01418,-68.14852,37,36,2509.0404662000947,1.96081,4.885157530288792,2509.0404662000947,0.47582803079047664,4.010481081994401,0.07822538261591705,4.232396654493965,3.064243396128909,8.229060236799265,0.42986165479966004,2.7494099358244024,0.2684836686310089,3.0642433961289095,2.3137337641140134,1.233125505578265,0.4005501746956961,2.3643045296737535,0.5020830157764706,2.3137337641140134,1.7913885878731386
HD174429,283.27503,-50.18132,42,16,3096.719859521836,3.0739489495242704,577.5966452439059,1.0199999537291948,0.8860620453183624,1247.1578543910011,0.01986492050622113,394.8978533277744,133.29657230658924,1.5673245568994005,0.7463635427373437,193.04936550196882,0.8054292513666516,133.29657230658927,67.13126346125486,2.0793123343327977,0.489502775690126,84.46847643503988,1.0,67.13126346125485,47.96467582297883
HD174545,283.489375,-54.90776,25,24,3072.7248817998916,0.813704,2.0815642190880026,1.8422716480603694,0.5991776622852695,2.114993971965412,0.2802072629755715,1.8785947015810405,1.1893482871477628,2.1294004724877964,0.7200337971225559,1.5692957026714456,0.009046148657368969,1.189348287147763,0.6293059747382788,1.2809425053359556,0.5778758595974176,0.7540398783679633,0.42411557556778035,0.6293059747382788,0.4088668963983263
HD17548,42.218067,-1.50781,45,40,5807.11803980032,1.175561,2.3745998716666463,2.540296605336972,0.35570237963214063,1.5761938650232672,0.9292417864096374,1.917003502208929,1.5387432824052025,1.3291641198902078,0.37625410413807053,1.3617706042396764,0.777242877640579,1.5387432824052025,1.2152622861928881,2.631584737300185,0.32099233576217917,1.0696616088941517,0.9986883987626253,1.215262286192888,1.0013994732958313
HD175541,283.9193175,4.26513,76,27,1231.688868401572,0.7737633354906538,10.540621430656733,300.41191912233455,0.9483050401298326,14.03841782447047,1.9126922268242197e-12,10.62889761221534,2.4166420320737045,201.91620793468388,0.6344683687360708,3.2349409645457436,0.011514461553085442,2.4166420320737045,1.4610827288489108,11.197171530923377,0.37295702884085524,1.523587374406015,0.996833332701967,1.4610827288489108,1.1569736261113297
HD175607,285.274345,-66.194485,127,115,3912.2114185998216,1.098682,2.685774353894064,29.043885809946726,0.35839599173843917,2.194145128422476,7.863782502948169e-08,2.6058069390856606,2.0872562514329407,1448.9671920740086,0.40968179226311785,3.664721812954897,7.720617478668146e-10,2.0872562514329407,1.6036842348245643,1.0117177632211394,0.17507534805454147,0.9579538784324607,0.08589193326568967,1.6036842348245643,1.456552023721873
HD176354,285.802245,-56.997545,74,73,4503.665826200042,1.210341,9.619650722525519,1.0120824796512367,0.41196446202721554,5.337037007098245,6.50385341238735e-05,5.787440372699904,4.438010407127669,1.7273956068579466,0.22275640951368944,2.8622777776305006,0.5751200728537637,4.438010407127669,3.912612976631941,1.1541350587361074,0.25206382953926254,2.9953873823813684,0.20679172866218642,3.9126129766319413,3.3837569371665763
HD176535,285.3310905,-13.69035,20,20,4324.10770690022,1.450977,192.81360371862425,4324.10770690022,0.9687785304734085,345.93322255129,2.2090182461020902e-08,152.90025883138085,27.01686115366256,2402.282059389011,0.9363749418721408,70.01996545654377,4.60262645174403e-06,27.01686115366256,6.814735227825746,25.346469559790265,0.7645407323490555,8.680358509766265,0.08072692231358458,6.8147352278257465,3.306792023360645
HD176986,285.7750495,-11.044385,243,182,6311.789094315376,0.8638380000000001,3.6883771569818578,16.809025550773303,0.2523043585946848,2.801603730760901,4.214280002745596e-08,3.8299437871904694,3.311729253151949,6.490939011019514,0.26504779315187027,2.3549321931801535,9.204856432631914e-09,3.311729253151949,2.839124081644614,296.3281264936796,0.18554466742571446,2.01159076288384,8.16231422450242e-05,2.8391240816446146,2.5622293932975335
HD177122,286.173248,-31.372255,22,19,5921.839087899774,1.9167740000000002,4.796445826222792,1.001681200273985,0.7833844770923754,7.332725963738859,0.1240961039567896,5.054036712857395,2.3522483915396895,109.8671444879364,0.7795324992639038,3.4215927460495004,0.13920485156972706,2.3522483915396895,1.1044739310955882,1.1759013280182231,0.7424990222783691,1.711869679072308,0.35884020717782905,1.1044739310955882,0.5604603722758288
HD177409,287.48305,-68.2998,35,23,3221.064268699847,0.97054,3.1047174212224347,285.0499352831721,0.7093078442015962,5.317501140876394,0.025403784471264457,2.736118813578617,1.4752023945500008,1.4393888053891521,0.5601259864055669,1.6505038978948945,0.7320440590070031,1.4752023945500008,0.9783984628461826,1.806845946429486,0.6377211564430609,1.3851056553714798,0.18807121012776973,0.9783984628461826,0.5888941609651249
HD177758,286.605982,-11.8989,20,18,1076.0404582996853,0.874789,6.371145233398668,1.0561841954256816,0.7850277040920295,2.2496168662874774,0.02255003477718931,1.528423405957615,0.7086551166702101,1.5495974341873333,0.648156126399806,1.0088250021068794,0.512175669610823,0.7086551166702102,0.42034890856147883,2.8279644107744666,0.7268316280585052,0.5075699797080331,0.11487306269995412,0.4203489085614788,0.21969750824071432
HD17926,42.9849285,-30.814225,78,53,176.37516898056492,3.9349300000000005,18888.504126776515,176.37516898056492,0.9688070953806021,4912.503624832857,0.0,1648.178697975697,291.0932972193426,46.414518152780246,0.8555241423071921,464.19948555596824,0.0,291.09329721934256,110.64450395204136,24.49655124730069,0.6914905077981814,134.76392102420795,5.381295409279119e-11,110.64450395204145,61.45597477054913
HD179346,288.11424471688,-5.41454082742,46,44,5963.616252699867,2.5624814999999996,1061.7735071712323,3313.120140388814,0.841916885162895,1490.5655587945023,1.3239409568654992e-12,1009.4756115904925,401.36414522246787,94.81106920031577,0.46575648266131886,477.92885709265653,0.028841175660744955,401.3641452224679,293.3649357659733,1.27234670749501,0.36251043495458074,287.9383218097622,0.6005577644126496,293.3649357659733,234.2312003609556
HD180409,289.219371,-10.97116,20,19,3257.041571899783,0.9211180000000001,1.57201217863099,1.3397398592817167,0.7669304303599114,2.0488757649305915,0.05703485539433195,1.484845881532872,0.716843193132913,1.0340142772468273,0.6458308481163463,0.9763667698389803,0.7419850466502322,0.7168431931329131,0.426608526640977,1.446930951532555,0.7246557958622208,0.6347378292824462,0.1853579716088668,0.4266085266409769,0.22385536173503193
HD181249,290.981186,-62.875055,22,22,5976.587140600197,1.666474,3.935481653788653,1.64413279981299,0.7608161482799504,6.633065369710224,0.03081884587361705,3.20766802023496,1.5687557905502802,54.03785841410669,0.7353273634087749,2.1265433721580305,0.07135554269536859,1.5687557905502802,0.8070675089036576,1.834040304600055,0.754349441975738,1.2946906101341185,0.03851029298242692,0.8070675089036576,0.4000080589121919
HD181327,290.74694,-54.53863,64,26,3495.635994455777,2.1206499916317236,15.362916350672958,2.983897562488927,0.8045737075179086,20.588906764662212,0.00012551384930481468,15.531195891396344,6.865882927374116,1.0218170109487803,0.6196166406616735,11.351922192669958,0.12775806859867445,6.865882927374116,4.234548861076057,2.2657739139588915,0.6020584503953054,5.893091799693791,0.19711194448779923,4.234548861076057,2.6712638803692403
HD181433,291.29075,-66.46848,201,189,5029.029219100252,0.915128,13.603287158429705,1026.3324936939284,0.8528394681759809,16.35226909434689,0.0,12.420727399729252,4.764778371054616,2958.252481823677,0.4537197632441912,4.757575919389071,0.0,4.764778371054616,3.5216845264603474,502.902921910025,0.49278752830666056,3.596453459126125,0.0,3.5216845264603474,2.508103250440683
HD181720,290.721715,-32.92004,114,84,4576.58188379975,1.032105040426694,6.939685452264521,953.4545591249483,0.934260146386411,8.408947384890888,0.0,6.2556996348528635,1.6039478893985752,216.8996153459598,0.24668040922198126,1.149067790110904,0.06129969227763632,1.6039478893985752,1.3921302975183212,1.202212326310747,0.209979777579532,0.9719294102901064,0.33910435146842965,1.3921302975183212,1.2373683105924294
HD183216,292.419627,-30.79921,58,46,1057.121081000194,1.5113595,19.024699886295924,6.117598848380745,0.4234292740102099,17.46462115230408,0.00998696987572889,18.527351461209783,14.06823564717585,1.262837272727503,0.32152169292718963,11.011781058289916,0.2637700458088429,14.068235647175849,11.587976813087504,1.0743100416668625,0.3471776364071365,10.92322557174561,0.12740075231575365,11.587976813087504,9.362786694193845
HD183263,292.1009625,8.357045,26,17,5942.785016300157,1.249855,5.755150269516398,1.0027816709076747,0.9135932063716776,16.699813634098785,0.0024697971570616373,3.2576720322220694,0.9575937537557165,2.0338769349738706,0.48253541868792627,1.4280455428582934,1.0,0.9575937537557164,0.6888451724421348,15.269231799332358,0.649734525473239,1.4311273002787097,0.9999830012114932,0.6888451724421355,0.4076808246182938
HD183414,293.789236,-69.97592,71,26,3096.7163514383137,1.4236432436095212,55.39635983532631,3.030055138393654,0.7138529875219758,78.87075045965167,0.006076077529775792,61.59717468371831,32.94999860771532,1.8527679498853142,0.6040164242548453,38.39469795487257,0.1686163822922353,32.94999860771532,20.734520052157105,177.9722041056502,0.5443322561393232,33.720696025507415,0.5535971885633646,20.734520052157098,13.996457518664814
HD183579,293.2868225,-54.53392,71,70,3666.9802954997867,1.233783,5.2187465634298205,24.67685259421119,0.41184521827876014,4.771189953591228,0.00011820422444552836,4.49324149222939,3.445923063180671,1358.1408501851054,0.29686121157536594,4.16925803104163,0.038418298918601046,3.445923063180671,2.889522662087497,5.39341123032767,0.2741514710952936,2.1617266664992933,0.10423156751272322,2.889522662087497,2.4617792423453384
HD185283,295.32463349611,-56.32187861199,81,80,5940.8036591000855,1.4955085000000001,13.414813204352933,4243.431185071489,0.9197117793210259,16.87139731023928,0.0,9.58520286400215,2.7159841147305928,2.313577248656471,0.3066207736092025,2.3568500136262576,0.0064383739221837155,2.7159841147305923,2.261583560244487,1.080656975861332,0.28306531500492194,1.799436083856037,0.022354109921270626,2.261583560244487,1.9149279341085061
HD185615,295.306805,-32.87344,22,22,2946.926292899996,0.908946,4.544360385484888,1.2551862564528486,0.5351392861915836,2.442054807272749,0.9495991370532986,1.7743809477824637,1.209785257932793,2.668833809907624,0.6443994665358492,1.5465798117129377,0.234981120391777,1.2097852579327928,0.7214221791239454,11.453269696463265,0.6116383501079349,1.1219521064313827,0.4468307693580764,0.7214221791239454,0.4495806994853374
HD18599,44.262492,-56.19258,106,81,1772.9880621442571,1.497969,30.982233346714278,1.2991778868207353,0.41041387584253886,22.40306120862225,3.382471243207341e-06,25.21705319175949,19.362791165517176,2.846801641207864,0.24437694309220234,14.136298326860594,0.04120379413754627,19.362791165517176,16.831412440804304,1.858672882004673,0.2527051575728333,12.698513593635077,0.02723675686605942,16.831412440804304,14.550119313782876
HD186194,296.360659,-50.86983,25,18,2194.0271465508267,1.0317500000000002,1269.5326286273655,123.25995205341717,0.9881360529712387,1811.63307137421,7.255462897148846e-11,873.7320360159165,95.16842001157261,1.0233335571599,0.8457307278006654,230.06595881259918,0.004549935222607604,95.1684200115726,37.37942138472894,9.90978837647166,0.665238498456014,64.27068420407285,0.6442226241454735,37.379421384728936,21.627201570764843
HD187085,297.391605,-37.78095,33,28,2740.646596199833,0.993001,1.9424327738225897,3.8191842198994324,0.5695028125497995,2.0131608902203775,0.1556464524633655,1.8737987870029935,1.2294421906155235,24.49192668632558,0.45527260683878484,1.469266434181763,0.9207248972929709,1.2294421906155235,0.9073977968071164,2.210377124122778,0.5395957778989963,0.8903011731876744,0.3066942217384533,0.9073977968071164,0.6156974703493601
HD188228,300.148187,-72.91003,883,30,4770.081824505702,5.9833794291956774,1835.73491607159,364.12838355005346,0.8750524109550747,4258.778363945381,2.4407823318028932e-08,2476.8965186904165,875.5315548131289,29.62783741929006,0.5366166234574669,1196.350666591384,0.27254125625329273,875.5315548131289,595.9941925104652,7.063648488828225,0.338760314545489,906.246203126967,0.9999999999984204,595.9941925104652,484.6424854305013
HD188622,299.763063,-56.63388,21,21,1273.598551299423,3.529273,11209.025377373951,29.756975497650057,0.8214144435887919,14862.248184266233,0.0005561998868836016,10445.800638730778,4414.331038495555,15.25267726107093,0.6936284034527642,5458.333788356989,0.05320607121838428,4414.331038495555,2443.3695003108273,1.6414467731659013,0.6556582388859754,3469.625170792022,0.13722649431992118,2443.3695003108273,1433.7848812820928
HD188748,300.46762,-69.188535,20,20,2133.217281999998,0.956332,1.868375883495435,1.0587737155052606,0.6451882941521508,2.4634908403229563,0.41470036685255796,1.7421523276426725,1.0377317283200067,6.6476076098473005,0.5761724865449007,1.35554194415834,0.8915098392165789,1.0377317283200067,0.6755844868088483,2.324272479843102,0.7122919167495808,0.8600108742264954,0.09525734997927826,0.6755844868088483,0.36237289052634153
HD188815,299.744371,-46.088,51,41,6191.97724220017,1.3301260000000001,2.9003117556597195,1.7327971238037079,0.38464368809577987,1.6271542119896443,0.628790267340511,1.9374155740986114,1.5197988667950797,6.95337141179132,0.36074865230604536,1.440175211588995,0.8601926705758156,1.5197988667950797,1.2151277597760557,26.360056373776796,0.3573844259977332,1.390275165643341,0.884960517062723,1.2151277597760557,0.9740865927838754
HD189625,300.38858,-16.86897,59,21,1757.2890635849908,0.816141,7.972244731610061,1.033760258594618,0.6854013133365232,9.25030568935792,0.09018959871629073,8.322420539954903,4.667970577459449,1.1425063803296218,0.736600059884704,6.101840546419728,0.020667254908901533,4.667970577459449,2.395719379695794,3.5637579873960488,0.6518343398614116,3.125711377134014,0.20049285284716534,2.395719379695794,1.4136077354557872
HD190125,302.01142,-67.74617,26,20,2212.936543900054,1.307577042516852,12.732732751584951,40.529973331502774,0.7613038236260572,16.182895419802644,0.023039854384426683,8.263337364900114,4.03718094734854,1.3023402447622712,0.730306959535182,5.607201648061169,0.06002832304061334,4.03718094734854,2.096587947649353,1.7856342644235061,0.6194959460333547,2.8493339822847403,0.6217327649857085,2.0965879476493527,1.293280498924729
HD190622,302.115236,-54.31823,101,97,802.8947785999626,1.6043270000000003,16.78458013593659,308.8056840769088,0.9641216420752787,21.886579433663083,0.0,14.894367563209359,2.82122904425028,1.068958565570447,0.413235085477393,2.6439280888387553,1.3729286041375133e-08,2.82122904425028,2.1610778642452915,85.41433814893222,0.13743573775814255,1.1917612073733266,0.5635468980694607,2.1610778642452915,2.0070867558343877
HD190647,301.832075,-35.5394,66,57,6171.020146500319,1.157005,15.621472260204936,869.1577671127211,0.9326849841525248,27.60849150198843,0.0,9.433493639681283,2.44753289328999,3428.344525833511,0.45025407281171786,18.321106044882406,0.0010820881927349202,2.4475328932899902,1.8147196733648352,27.101537753624594,0.4687150437806183,1.7209171138101391,0.00044535254676714153,1.8147196733648354,1.322736405589455
HD190954,302.451005,-51.71947,21,21,2640.7843154002912,0.9827820000000002,3.243187633738376,5.701175119603389,0.6428212987519519,1.5769105038893096,0.341599676238608,1.3831321174255884,0.8266210167875311,2.158032455177159,0.7651513957545512,1.1797787905288188,0.011767535018915476,0.8266210167875311,0.400590305285557,2.4339025948389765,0.5951747101905064,0.509026083838209,0.7023375033768113,0.40059030528555695,0.2548791161696683
HD190984,302.88112,-64.62026,58,58,3383.746143399738,1.5170089999999998,33.67826250450366,2602.881648769029,0.9048360892338725,37.87354149554323,0.0,24.647767526849833,7.603503141026484,1127.9153811332462,0.655736472364117,12.87525236636977,1.0601921562880534e-09,7.6035031410264855,4.461277489363947,1.0302478819266043,0.3933921469032565,4.252689134055426,0.004642698090806974,4.461277489363947,3.474667492026571
HD191760B,303.36142,-46.20103,42,29,2310.719199737534,0.9724976382813814,440.4940243308106,183.39041267758196,0.7185180956293283,673.5558897963634,0.00030312431826973185,338.74346903371935,179.71990115957092,1.0058850773713794,0.6551486868525951,329.27496378411655,0.0038293197340123486,179.71990115957092,105.53879062081215,36.332062888954916,0.7990788716367105,144.96129612620126,4.480997579436874e-06,105.53879062081212,47.306946580602656
HD191797,303.45693,-47.615575,44,44,6263.761372799985,2.028855,930.3243442133859,2159.917714758615,0.6424839361618742,1274.2259220147878,1.2190524102839717e-05,784.1795196605403,468.8816922411854,1692.9084791351306,0.648950238618976,731.5153073498702,8.539826522713234e-06,468.8816922411854,277.80983521943455,2609.900571999993,0.6872750743699041,468.3600036585418,8.962523111444298e-07,277.80983521943455,155.35629871035866
HD192031,303.34396,-15.43182,22,19,3375.864282200113,1.056715,1.5440192211527632,1.9986171820496799,0.5755852671266187,2.192264163202097,0.9957376088455282,1.4112122441301342,0.919364143140907,1.4173584189269102,0.6239810141894869,1.1777020647636025,0.8892194179491852,0.919364143140907,0.5637576502427223,1.1995395949970205,0.6787489474819087,0.7081760886186216,0.49109836686855546,0.5637576502427222,0.31953227229399545
HD192263,303.4987585,-0.864925,64,25,2916.042704833206,0.7813818235583857,43.65654624020401,24.340924080410723,0.9293361342532116,56.99915335712904,9.049342386546755e-09,37.031777100272045,9.84403728291809,7.239430746855026,0.6479996682040742,10.992048250504498,0.08160585349879612,9.844037282918089,5.840429504772597,6.630383594436572,0.6225212885649112,8.363712203139297,0.1573709563192527,5.840429504772597,3.588318781404674
HD19230,45.990034,-45.4345,69,66,6269.803932300303,1.9646475,215.31917742102922,6269.803932300302,0.9261525427788219,319.0422979278557,0.0,169.77672139825518,46.13663496460244,3918.627457687689,0.7756727916908194,110.92612970550535,0.0,46.13663496460244,21.851783617538633,2726.0017096957836,0.4493134511635035,22.25820596445967,7.847903643032339e-05,21.851783617538636,16.215827865815523
HD192865,305.400354,-67.31335,39,36,5547.737755899783,2.199254,10.408003637392394,2.0072862565669656,0.4773694130248717,9.126578876056044,0.21157572769304722,8.124032167790535,5.873122319341094,1.0396225391937821,0.37973658484995243,6.076524411506747,0.9660004626763877,5.873122319341094,4.625483423819063,1.1013972118125432,0.46728843409293847,5.114860902015387,0.2735969992035734,4.6254834238190625,3.376005861365388
HD193193,304.939825,-25.22887,66,54,5635.327591900248,0.8838625,2.5960922616009756,1.04423666603051,0.5678713946664592,3.262866428104016,6.658208825616185e-06,2.468522995533018,1.6227203601363518,3756.885061266833,0.2758391975626111,8.352992259929408,0.8743593571820762,1.6227203601363518,1.3808967007956643,1.140823854060014,0.3263988222343655,1.2050547863727434,0.29682272421768807,1.3808967007956643,1.1333462472128348
HD194490,306.998505,-51.66503,27,20,2614.9970912002027,1.227083,16.579377879089776,2614.9970912002027,0.8610309239893468,8.667541506106428,0.0009749077881157087,5.857188807640927,2.183475427484585,1.0587890076930129,0.5725189196972037,3.591869781075187,0.9884615408178854,2.1834754274845847,1.4276007183416617,4.574072225293341,0.6761899155823218,1.8890115340763987,0.4260890728810318,1.427600718341662,0.8123663819308657
HD195019,307.076955,18.766905,49,17,1165.8381832130253,0.7798524267865438,187.00405583218466,18.18780317025,0.9868436097810301,284.9792276299399,6.928899676239553e-10,158.96638939464498,18.233652907074124,125.35894443150806,0.751385853848714,21.58400552211061,0.12816029921196948,18.233652907074124,9.091522158680712,4.202733176687184,0.732504281188947,12.128507787302508,0.1980629869375521,9.09152215868071,4.702134195327783
HD195145,308.25319,-62.49674,43,41,4376.929233499803,1.70356,3.8499663782214104,30.910517185733042,0.42174599707193633,2.7100479470302616,0.20441114534584803,3.194487384307846,2.42918449960571,1.0556738220254693,0.4365102475284136,2.7991269328113955,0.13372816135127685,2.42918449960571,1.8234905308092666,11.988302474663923,0.4693756674985218,1.910078665362427,0.04750218211229029,1.8234905308092666,1.3283028150605212
HD19518,47.183285,15.33194,35,35,4345.04945140006,0.913751,13.431146916180452,1498.2929142758828,0.6394625866623519,4.879172884630854,0.00098159357433103,2.935909054684907,1.7628597730475555,1.1185896023581663,0.5709142492516509,2.042865872968953,0.013278602781932047,1.7628597730475555,1.1547549003974162,5.00581734032265,0.47979390956959345,1.276630600615475,0.21351218355160118,1.1547549003974162,0.8328705966339391
HD196050,309.462794,-60.63541,55,53,6242.785512799863,0.994526,30.773386008177376,1114.7831272856895,0.9522440745571591,53.12290011100419,0.0,30.143934652763384,6.587392975954734,709.4074446363479,0.6645319999077046,12.724717599938156,2.5759002597602887e-08,6.587392975954735,3.815391626140086,650.2901575833189,0.46441938111837977,8.351536219540717,0.0019349908134235205,3.815391626140086,2.7922323125813984
HD196067,310.4354615,-75.349055,24,21,1220.8511919002049,1.148135,8.25728622898928,1.3215535742587186,0.6392631645049305,4.442657192339922,0.18950431901237985,3.567317653018848,2.1425799105536036,2.23927217883383,0.6570226481079678,3.045582913775006,0.12785073280986692,2.142579910553604,1.254786246789156,15.572081529339338,0.5498548583748285,1.2718145259071802,0.748543022845334,1.254786246789156,0.8418719380698079
HD196378,310.012775,-60.55019,66,22,2158.072941391263,0.8163459171987264,3.73447844458487,10.169995011268902,0.7427036199765978,5.180265606517166,0.010603313077907628,3.6016861309152453,1.8269333407104023,2.3048947360795267,0.7513451647659034,2.7106183405048094,0.00780768268532539,1.826933340710402,0.9110058290525951,2.19026990905436,0.656592396103305,1.0905455720804125,0.1334794865552439,0.911005829052595,0.5338584355994757
HD196385,309.46762111756,-25.10921599495,57,17,1889.997446198482,1.5147714549356428,31.628048385128466,1.2470291938496199,0.912508023768195,20.666452602963385,0.00025058094793728447,15.987182004613604,4.72885537876296,5.308981590445179,0.7326509271302731,7.810025058207664,0.2999935623190758,4.72885537876296,2.445092949987036,1.4117100733481356,0.7253485801389677,3.2733528698014243,0.3461988049496024,2.445092949987036,1.2814046562238584
HD196390,309.759158,-49.33257,54,54,2773.311951099895,0.919683,9.065947897835748,1.0394722455396916,0.4992592105098978,9.820750476110224,0.00012115230564124779,7.683097523144811,5.436793409076211,1.0002928588277356,0.4577203412548028,6.597876459578868,0.0008533478893333335,5.436793409076211,4.003635097167949,5.111153614264462,0.40122696731843,3.946656688257744,0.009630878852681435,4.00363509716795,3.098029893457659
HD19641,47.11085,-37.851545,79,78,6298.767123773694,1.901271,70.99784099157151,6298.767123773693,0.7156566762483089,13.707671553195828,0.0,6.088453429104761,3.2465979215425578,670.0816089120948,0.34923273574440333,2.575551900081234,0.0009750080156049057,3.2465979215425578,2.6190353209493673,1.3794934568054513,0.271355543066774,1.9227158647875848,0.05860802527288589,2.6190353209493678,2.23562618747363
HD19668,47.426551,-9.57967,39,35,5397.014236399904,1.4884440000000003,40.53251310484408,2.7075775028344484,0.5376659851818664,40.617208926736645,0.04959221356310284,38.316321550922275,26.05323953852639,2.669278518423219,0.5307868784681443,31.58300232801473,0.06150571280983563,26.053239538526388,17.84624318858247,1.13954820134708,0.5019278271711648,20.722681390259464,0.1439307991909039,17.84624318858247,12.594848445215233
HD196800,310.0939065,-24.11939,40,40,4638.1061573000625,0.762332,2.7310763073655067,141.40567552744093,0.5756567040527173,3.610318513680321,0.0014157691958348595,2.6930175781028316,1.7542757533548725,57.97632696625078,0.5232398221189805,2.2878914806144537,0.010817746493009928,1.7542757533548725,1.2112892066543735,14.813497787607993,0.4437343671223432,1.1731588196007492,0.14929824842434058,1.2112892066543735,0.9034184632355967
HD196892,310.206245,-18.79387,35,21,4315.12968533719,1.0727419653310484,1.9272920015138137,21.18374906891107,0.6276842580740899,2.3162857963920533,0.7967194128807038,1.6887758354662021,1.0304518555040116,1.832093442592105,0.6618293682147001,1.412128153914948,0.5218968627997214,1.0304518555040119,0.5992329005483897,2.9827398115277424,0.5896267025921673,0.6709565511299532,0.9689247679633579,0.5992329005483897,0.3838709053371108
HD197027,310.478346,-27.21485,82,73,3651.9387551001273,1.207747,2.5433012120664347,306.8856096722796,0.3453569806190607,1.880419398038034,0.002023553451201865,2.334367466980215,1.888737019579926,1.0450233946947083,0.2954447756917105,1.619853945297627,0.0243318312518237,1.888737019579926,1.5853640740152255,15.3571856816658,0.25206781189568633,1.2064191534246302,0.17123071211817043,1.5853640740152255,1.3710715662799053
HD197083,310.61602,-33.32836,45,38,3638.984134600032,1.265568,5.550345319716516,26.91556312573987,0.38277205084384497,1.4395718505056434,0.6308373773169884,1.5997872883954023,1.2568545837954916,1.7618786359058924,0.36702851969890654,1.1929475794845164,0.7832972668348457,1.2568545837954916,0.9999472828669211,2.2686933507481486,0.3996389366295044,0.9239548852637837,0.4632152040247266,0.999947282866921,0.7747888527735582
HD197197,310.654053,-13.09493,157,95,5447.085883968044,1.0702965779903668,2.226973546210536,70.92559744750055,0.42182025544759477,1.9677858553518277,1.0688240881240318e-07,2.1487097474605887,1.6338387438248978,4.453144117043854,0.17708291643601,1.0063747818439652,0.5706751379050103,1.6338387438248978,1.482133179269952,3.8171589936706667,0.1661479966918307,0.9145815245863537,0.7838084451548462,1.4821331792699524,1.3534172821485013
HD197286,311.04597,-39.22508,21,18,1008.3410791000351,4.7996479999999995,129.1478736620595,4.880644138915954,0.6775072266647402,161.25260832568685,0.3061446090122635,99.2004125164212,56.33437386655158,1.6560043999015208,0.37000349208111494,61.09121094045811,1.0,56.33437386655158,44.71389912635551,5.377819088533525,0.4654257026110076,54.941525672183126,0.9999967782120258,44.71389912635551,32.69238310988169
HD197481,311.292538,-31.34362,96,73,693.1243137666024,2.179421692735091,132.42803487820925,2.4277559151194494,0.4920878219338504,122.11040136935695,4.8963972432147784e-08,133.67250563259725,95.26566464109564,4.820057814788615,0.5135337413067042,96.55556248347953,1.1053223225587772e-08,95.26566464109564,66.44506999308757,1.624002609574983,0.23121466061858845,46.68484065443061,0.07643928943807243,66.44506999308756,58.259306368027595
HD197536,311.155085,-10.49559,28,16,4333.199336156715,1.0209144229550615,1.9738898465727581,2.1583977566032657,0.5282161270902959,1.7332168603782554,1.0,1.652580746792292,1.1351002892494633,3.7604784658133443,0.6162943421383281,1.5710325404579335,0.9999999998087439,1.135100289249463,0.7031262887916028,2.7468775506540197,0.44944356500430893,0.7343826419134675,1.0,0.7031262887916027,0.521716121901953
HD197823,311.818835,-35.153345,22,17,600.3468993999995,0.933774,4.501327041873452,11.959101581673291,0.7614663716151135,2.724184024317751,0.05249049885577339,1.6977674061656842,0.829187981907296,6.070241652173905,0.2923241985773368,0.7010298466125198,1.0,0.8291879819072961,0.6975416938081956,1.0178821624279404,0.3955261147615438,1.3752863111162594,0.9999999999136148,0.6975416938081955,0.5423241485147898
HD1979,5.98686,-14.34549,31,30,5850.880878400058,1.700211,5.224464793741175,2.5741919479079853,0.5766911148173014,3.5806668282246035,0.11838322321190686,3.107793531532633,2.0219985999354275,24.812896006785664,0.5337798614993521,2.1470787016650243,0.3437769064537147,2.021998599935427,1.3806270086855734,1.2303656639609832,0.5404123315674069,1.7697833933552518,0.29684303168380266,1.3806270086855734,0.9359670254892076
HD198075,312.062608,-12.45364,22,22,2887.038256399799,1.0035525,1.778984481440149,2.0488526409763668,0.5674281736648205,2.1744182520137176,0.7836505511091333,1.6918730225883734,1.1127481492656903,7.226628927158446,0.5877271662120749,1.3511118135710545,0.6296077510947529,1.1127481492656903,0.7144786238067984,2.3992672287873336,0.509051584698222,0.7428636600153026,0.991654820061447,0.7144786238067984,0.500618818694588
HD19827,47.59427948509,-31.12660754535,74,74,1605.8224320998415,1.841642,17645.352514535898,12.64427111889638,0.9046403802625124,26364.74794023531,0.0,18001.219318128737,5558.8400582461245,6.32213555944819,0.8379743578790254,6726.937000395669,0.0,5558.840058246125,2237.567029536116,12.674210198104502,0.44119645511845446,2326.300050167512,2.2881829240262164e-06,2237.567029536116,1672.6521393523158
HD19916,47.516922,-50.83255,32,21,368.0691698631272,2.106596,8.48520059366975,30.93018234143926,0.4764707803064511,10.427990914413574,0.7772248967431175,6.439255233685974,4.659143669739639,3.062139516332173,0.5848655105218568,5.595375444514863,0.18831138874454922,4.659143669739639,3.0019296521350634,4.994154272226964,0.5022485575848781,2.903788994749475,0.623523904440978,3.0019296521350634,2.1179064563480865
HD19918,45.16052,-81.90017,31,15,1535.9957810416818,1.455565826900458,10.78474530255439,17.655123920019346,0.8604703884830213,19.451191503214687,0.029866334047886745,9.916240844813629,3.7040791552225087,3.337670102220085,0.6596448424357725,5.179325004631673,0.9833494791569767,3.7040791552225083,2.16095850166757,1.0089967687326302,0.5902654110840329,7.9303022252176945,0.9999886715013014,2.1609585016675696,1.3832406420873777
HD199190,315.02769,-69.57933,78,29,779.8752530072816,0.9243,1.4899420716977485,20.52303297387582,0.553167245868469,2.0134180351394177,0.03244186866383636,1.5631477331423242,1.0448946979506046,1.8302634428708782,0.5372475932244316,1.2669065018895997,0.04980269951970817,1.0448946979506046,0.7107990989144807,4.019975530965367,0.5435494561027348,0.7290488372019059,0.04212571926152009,0.7107990989144807,0.480223858636258
HD199254,313.90992,12.56705,47,15,2143.1430910034105,4.248270691858468,2446.2103912134603,351.3349329513787,0.9591080808696696,4121.922585066267,4.952622255449679e-05,2280.1495285167143,461.08614756676604,1.9669081231675933,0.84745479143901,792.2484195407667,0.06677568239221554,461.0861475667661,180.0865841441739,2.5042569420465175,0.8111222903157561,294.67047659042146,0.2005234370878871,180.08658414417386,78.26574335420831
HD199289,314.53703,-48.2055,83,66,5407.13767679967,1.3989729695742295,1.9753159291185869,1.0108310919015306,0.2928980659534706,1.1891922251173732,0.12951502056191777,1.6457460001871225,1.3838971687109567,1.564836973085509,0.21996021230669496,0.9599820658977583,0.9373686146691388,1.3838971687109567,1.222256058159484,4.3574322482066785,0.21097249260060677,0.7821021206432719,0.9803491716276517,1.222256058159484,1.0856960819419306
HD199604,314.773399,-25.38123,112,74,5445.042639405001,1.2198945052917263,2.676202825402604,1.0180313800630072,0.2777669777421543,1.628724030876462,0.06992669009495811,2.1041063772673523,1.788159949259628,1.2098750448627933,0.2773146135077773,1.3879531110642813,0.07139784710864272,1.788159949259628,1.5201309447572946,18.259700333350104,0.22061680599611252,1.1984572797084838,0.6332801145484535,1.5201309447572948,1.3420123678540086
HD199796,315.25936548309,-45.11597192651,33,33,1272.7620411999524,3.1524390000000007,18289.651423294028,25.557470706826347,0.9867076443795779,24827.131896371102,0.0,17129.54340728472,1974.9075165459783,12.804447094566921,0.6672357216588942,2511.521378336473,0.00014973879038293614,1974.9075165459785,1139.2397043896365,1.0392439301052925,0.37159519119163503,931.527358908951,0.7791962893250926,1139.2397043896365,903.0979621631784
HD199847,315.6623855,-61.8827,179,99,5445.064026813488,1.245589771866861,3.092176398018722,1.0207453559563378,0.3426545692806905,2.2122256127917885,1.486676136519538e-05,2.6022315388163832,2.1098071530742044,324.11095397699336,0.2032846062866686,1.520780114177969,0.11757014405817845,2.1098071530742044,1.8831909769905217,13.388404295090945,0.16063305463005353,1.097312034906125,0.7657002755210938,1.8831909769905217,1.7253225393276421
HD199960,315.14476,-4.72932,77,30,1863.964897948783,0.5623473586908045,3.301636074713215,433.4802088252986,0.5403073146633052,3.622867034567543,0.07342153618673897,2.586729632282948,1.7538192589127914,1.6848638687054005,0.291518144405662,1.5961458967359226,0.9999999993971067,1.7538192589127914,1.4762135963345586,1.1396214832164249,0.3556494797019725,1.4118144574894853,0.9978851962253439,1.4762135963345586,1.1849780145399074
HD20003,46.90302,-72.32121,203,198,5010.2644108003005,0.9678035000000001,5.202752931621745,1.0888565242752857,0.38418943883944684,3.7875468300633113,0.0,4.485093387065623,3.5196141626271644,33.94488083198035,0.25168006914013835,2.5905404887047645,3.5414544630185674e-09,3.5196141626271644,3.0446593774963433,3340.176273866867,0.23909117343808495,2.8750751867662965,1.7716170086501393e-08,3.0446593774963433,2.655859056581895
HD200083,315.47439,-22.581405,25,25,3039.7141483002342,1.595111,4.085140119471381,2.410176140422005,0.5898767031960294,5.520938186068965,0.2304921681106108,3.6445441808517858,2.333997783111452,1.1668320403440302,0.5865221184936238,2.978565570652341,0.24828808076864006,2.333997783111452,1.5008129918110271,2.065023198573528,0.5317241822982679,1.7702280300502133,0.65162054756856,1.5008129918110273,1.027016559039428
HD20010,48.02207,-28.98481,194,26,1401.0955877155066,0.46963673165197206,12.005667070827196,359.2552789014119,0.6065822362076556,5.184417279207945,0.047747283510720995,2.2380709007155337,1.4037857300316936,3.220169128282019,0.4526792127216902,1.3397110151619434,0.8426988823133963,1.4037857300316936,1.0385365720555964,1.918257924035469,0.40292653851996985,1.4522298538103908,0.9919452090316891,1.0385365720555961,0.8024827005609696
HD200143,315.670849,-34.8124,31,30,4381.971362800337,1.624633,17.963811535471496,8.988659205744272,0.535287530955751,20.108100465928597,0.261369881975142,17.82125025624635,12.148714654911958,17.871008820556007,0.4955581748208711,12.018526824247704,0.5703482906967093,12.148714654911958,8.628511371739284,1.2440653444625194,0.5242541229406419,8.802205310303618,0.33384269133920974,8.628511371739284,5.95145826448669
HD200349,316.38418,-59.13811,33,32,1839.0304263997823,1.6336045000000001,5.420801193521735,1.2060797654772966,0.48919730255184657,4.672628288364332,0.14043088295832096,5.065049576217955,3.620014345417985,8.428187105406883,0.4974031569728967,4.005169570075227,0.11363347412957092,3.620014345417985,2.566375317371907,1.401059291787126,0.433423113407512,2.32742830131591,0.4757162517507022,2.566375317371907,1.9317441089588492
HD200538,316.272135,-32.824695,48,47,4582.256977400277,2.110524,4.208211563606165,3.018018163340761,0.407587537616432,3.36854869704399,0.0740445237280336,3.561563386237809,2.7412760454921155,1.4629048869521686,0.2837433535366392,2.2148962366618856,0.9841706495087695,2.7412760454921155,2.3199952918358866,2.8913787086069394,0.31429402703383813,2.0288836729927406,0.8097493750566862,2.3199952918358866,1.9211269736970862
HD200633,316.183428,-4.82911,53,53,5600.7501409999095,1.135946,5.251930648354322,2667.023876666623,0.7277100566628083,7.135427961859668,1.5480117188104714e-10,4.516468503863896,2.3567568972275987,16.84436132631551,0.35805956760448965,2.5067862413145514,0.12566348235126934,2.3567568972275987,1.8882615592508105,6.889839022019816,0.34390188411837663,1.5181274208881146,0.20282887297147967,1.8882615592508103,1.5294896668774187
HD202206,318.74008,-20.78877,86,74,6254.848862600047,0.9936185,234.66581408758498,256.3462648606575,0.7866448443778175,353.387543588294,0.0,226.66270529761698,104.6963735239363,128.17313243032876,0.70640361372831,150.8541141429542,0.0,104.6963735239363,56.729243441302174,1.0118494989323223,0.3549455805254802,55.17585014883926,0.0016859781184327405,56.729243441302174,45.5622506868233
HD202871,320.02257,-42.67843,56,56,2624.8868685998023,2.3807295,6.101698254657313,610.4388066511165,0.3227317870413039,5.040987038912052,0.09913877681780092,6.121356105447159,5.03765000705774,1.606614560288775,0.3158088274318852,4.1215808950622455,0.12716207089884723,5.03765000705774,4.166934988340733,1.5101178625013236,0.2652684979598515,3.394042611703261,0.5800653954663091,4.166934988340733,3.5717500141767964
HD202917,320.2085,-53.03611,50,31,5214.844341700431,2.6620552898403305,113.25310004114232,1.4668216532685738,0.6348258004075786,117.45619575957495,0.010649594568524878,100.50085204522665,60.73230812137679,3.7411897135378687,0.45766694266111807,61.30764497914991,0.8397476328387499,60.732308121376796,44.72525499684625,2.348077059615667,0.3340262681883274,38.00609369634644,0.9999999999968925,44.72525499684625,36.49903439708706
HD203384,320.4763465,-4.175255,60,34,6195.017509593163,0.8470933713116766,2.109585920223111,1.8168805201610596,0.5668332599871042,2.5991939959016856,0.03282792221226105,2.1196011492592346,1.3950240590436076,3.177257928809706,0.5625965613358997,1.566488891592443,0.03770893856744373,1.3950240590436076,0.9226198499319733,1.0296884365389876,0.4331008051077442,0.8729248826556554,0.8082271581273508,0.9226198499319732,0.6946654739333692
HD203432,320.84382,-41.55176,74,38,1405.19860490039,0.899084,7.375676018375899,36.9789106552734,0.5335858761353945,4.261303059638343,0.003279474267270266,3.8595460969600266,2.6358584179757667,1.0788472974283219,0.49119011815998187,3.1395124846201483,0.014312574907740516,2.6358584179757663,1.8801818136989918,8.938922423030466,0.37382062774207175,1.6817452995104865,0.3881737398724239,1.8801818136989918,1.4878160042274722
HD204313,322.051741,-21.72631,121,119,5582.731709100306,0.936561,33.196371797087224,2067.6784107778917,0.9641617699446076,65.90316843951857,0.0,31.87462219447867,6.034180851308094,946.2257134068319,0.5034821664390071,6.5439144250654175,0.0,6.034180851308095,4.2519264965498085,1595.066202600088,0.5052569440542959,5.093525124899438,0.0,4.2519264965498085,2.990718945491278
HD204385,322.701841,-62.16967,23,21,3281.0652796002105,0.858656,3.396808050428642,1367.1105331667538,0.8469964494275959,5.480879259531394,0.0003852592060432647,3.3649904427258686,1.316238499545594,1.2542298469419757,0.599388736695384,1.6650908887375435,0.7478079157247448,1.316238499545594,0.8330981445154761,1.8563311341443893,0.606012542053471,1.023159169887464,0.6974505090977383,0.8330981445154761,0.5229225443586456
HD204941,323.09749,-20.9571,96,96,4312.174076100346,0.9208350000000001,3.8810768632945494,1540.0621700358383,0.8944894211112461,5.411924542526598,0.0,3.769148966114055,1.2243097415673974,2.225982901146164,0.20349713584007847,0.8135213159815445,0.12855297769761143,1.2243097415673971,1.0926598270593746,4.668876219251136,0.16951861654427125,0.6888816450797038,0.6017824925281525,1.0926598270593746,0.9957491096790934
HD204961,323.391393,-49.01357,183,180,5864.021685400046,1.0116545000000001,9.937401917879427,3665.0135533750286,0.7910888778516035,17.165020804620262,0.0,4.1988826100289485,1.9191747184450076,35.156005308153745,0.17566539004738943,1.1591128821918883,0.00026737517530428523,1.9191747184450072,1.7424738977326362,1.00518044591862,0.13955462117177717,0.9374896205870925,0.011322421579764375,1.7424738977326362,1.6163221864458535
HD205294,323.80855,-34.328975,52,50,5450.10869179992,2.5336109999999996,4.6573086296290525,1.0693197087976622,0.43839993406208083,4.007020404602478,0.012465655113154228,4.258492947364082,3.191313778876625,7.794777877288222,0.36446927044987354,3.1083490376913607,0.18349649929439737,3.1913137788766255,2.544121128210779,5.909258041634961,0.35095545997474575,2.4863403276596894,0.2778138068288726,2.544121128210779,2.0496279515952875
HD205536,325.11802,-74.07219,94,75,6531.991806199774,0.941366,1.686129735246417,155.52361443332802,0.4121500197372193,1.4271488077815964,5.486418076317001e-05,1.607671426083908,1.232623793965999,20.45722457312802,0.28730549106852704,0.94962993141343,0.045347734775115556,1.232623793965999,1.0405962422108959,23.58971399855463,0.24257395423577927,0.7980044019943642,0.3234478496134918,1.040596242210896,0.9056332744964188
HD205591,324.42989,-45.58643,24,23,5898.710316899698,3.023121,17.525307898742913,1.0646338513698332,0.712570426103705,16.738965143466867,0.07593344723300499,11.558714062667804,6.1969108146022425,5.173853448732303,0.5145508302577821,9.140986414346257,0.9998547333028611,6.1969108146022425,4.317646946084226,1.1253859232852617,0.4879630213657028,7.449497850053052,0.9999993755063439,4.317646946084225,3.0895682278984817
HD205739,324.535306,-31.737615,99,32,1206.7871407214552,1.085389864860414,22.906713584966006,287.3302716003465,0.9437209408057926,33.730425661381865,0.0,22.25705780939651,5.2800880912743855,141.97495773193592,0.6904302361316299,7.086517731709383,8.950336087643063e-05,5.2800880912743855,2.937787889349743,21.20891284220484,0.4843976770044046,3.14378029360928,0.10698637282140089,2.937787889349743,2.10949193266875
HD206172,325.116794,-2.01824,21,21,2915.9546300997026,0.9637550000000001,1.5013949339271175,15.085124832383348,0.613964457317278,2.271626547302569,0.5907181081224302,1.5139002247290583,0.940612833074617,1.8189474331605646,0.6405668434061523,1.1961358778208904,0.38545382417832763,0.940612833074617,0.5639232079830233,1.6762213325475404,0.5770625008570036,0.63109710272176,0.8564976678619728,0.5639232079830233,0.3667398175417132
HD206428,326.0000355,-57.28411,22,19,408.023572599981,1.3646950000000002,10.832634240550068,127.5073664374941,0.7349661209549435,5.231544767799081,0.019063049513182717,3.662525770215017,1.8855210516862353,2.524898345296913,0.46024115348792344,2.22361955238023,0.981881072185774,1.885521051686235,1.3852599241727885,5.312806934895589,0.5047539796320384,1.4002921774784058,0.8773371880157369,1.3852599241727888,0.9748589143950611
HD206429,325.993927,-57.32678,23,20,408.04451170004904,1.2977315,2.151631600966513,1.8547477804547687,0.5596314568639665,3.185508192799403,0.4378646509459897,2.137985757030855,1.4187731206152603,1.331303463947958,0.648752753224969,1.6018910891551796,0.08999748650648676,1.4187731206152603,0.8408517188187259,12.402568744682346,0.5803624122727763,1.0616442571443325,0.3239985332825953,0.8408517188187259,0.5446990366712389
HD206683,326.29873,-50.44718,35,32,4065.8193552200682,1.0268975,3.5307108150363433,1.011901283031377,0.7357571372701077,5.200881700974865,6.398370432980638e-05,3.026997353443608,1.5560146234431647,1.07170102673311,0.5179067378654026,1.828873117578804,0.19301241742835928,1.5560146234431647,1.080386639788013,1.8610424109580594,0.4464593380759694,1.2043088484136848,0.7498215306704492,1.080386639788013,0.8038110448598234
HD206893,326.342308,-12.78319,126,34,1813.127733706031,3.79527193142971,98.88555060314886,1.001894089465674,0.5462762718136108,98.91323011072275,0.01280151377924299,65.15526328665628,43.887945400637115,1.1366146775990662,0.2184284200168622,30.253611670162744,1.0,43.887945400637115,38.79981272636828,2.982117983069129,0.1976642001814395,25.533279185643362,1.0,38.79981272636828,34.754233505726205
HD206998,326.9338,-55.65657,131,88,5445.064502422698,1.2469845,2.3142851220509177,10.113418466609762,0.2410237087463239,1.53959098119836,0.05659798474462552,2.0509289819961807,1.7867538520369401,403.33811129057,0.2616506562447865,2.0338664037553715,0.01839761253457628,1.7867538520369401,1.535308568368119,1.0619957291353361,0.1932747069885141,0.9443780776124563,0.5195011808069372,1.535308568368119,1.3789817240231217
HD2071,6.17745,-53.98544,89,86,5103.9127620002255,0.7989185,3.1137718636854195,1379.4358816216825,0.3233131630508265,2.9228092465293223,0.0006892398588556059,2.8238842921630325,2.3229548136605236,24.20062950213478,0.3786692833711495,2.2472503846253735,2.1746367582675674e-05,2.3229548136605236,1.8310583077871179,7.9786036610914906,0.2575163320453992,1.3624519992836592,0.02912298522371415,1.831058307787118,1.5777770210821378
HD207190,326.9168785,-19.57733,39,26,5804.112883999944,1.0849955,2.9624019509470667,20.810731029042458,0.5540670867904693,3.2454884817545993,0.7003480324890643,1.8552013033991934,1.2388701947129712,1.5657592284658182,0.5157772168483322,1.2931145354837386,0.9428729043021556,1.2388701947129712,0.8620816767571421,2.781479313748954,0.45055261307203576,0.8693279990811841,0.9999795316106787,0.8620816767571421,0.6390156147325462
HD207575,328.04103,-62.05346,40,17,2390.711010284722,3.664544986382886,26.469409902249602,1.5830426501686683,0.86828806689418,34.519946495844465,0.01239906178446748,18.439671246352596,6.6921510650399325,2.8416866876081337,0.6533261356549802,10.720389439097428,0.9842655568778869,6.6921510650399325,3.9402727628192453,12.52993191973125,0.6175095353729279,8.20745289793051,0.9994439155408952,3.940272762819246,2.4368937439113094
HD207700,328.69084,-73.43658,38,24,5114.109352300409,0.8907780000000001,10.226100126347356,4.079863863023862,0.7620622474028182,1.8653710041071774,0.0060780355599653335,1.460319987636461,0.7123274937028933,48.01980612488648,0.5235406905431843,1.0322233029564025,0.988530489116779,0.7123274937028936,0.4916914037970781,2.404037677948766,0.5536012487355666,0.628959441233989,0.9097542846053909,0.4916914037970781,0.32851416557572455
HD20781,50.014678,-28.783135,237,227,5014.217738999985,0.9369,3.394709087302833,29.152428715116184,0.3303173690815117,2.7448701308622323,0.0,3.2959265589623796,2.697193122264139,85.71312374358946,0.4684618936288942,2.4678585373459474,0.0,2.697193122264139,1.9664334175918705,13.889799831024884,0.3463891718088655,1.6417727383015288,0.0,1.9664334175918705,1.5897867213172847
HD20782,50.0170075,-28.85358,86,76,5108.947360000107,0.9250499999999999,11.38991183997045,594.0636465116403,0.5234815114034036,12.137438844784919,1.90576538994236e-08,11.767562236795868,8.123185703469352,295.3148763005842,0.33376704617373154,6.755438066138812,0.002794871315742742,8.123185703469353,6.6303955344505745,197.25665482625894,0.3023950970981127,5.514618763818533,0.014232203261726806,6.6303955344505745,5.5378883931091245
HD207832,328.155409,-26.027605,126,62,6522.102345100138,1.674413,14.162227815667507,159.85544963480723,0.7247769102001597,22.15657822903635,7.239764343580646e-13,13.773188436869985,7.225650020437232,1105.441075440701,0.3343898904664296,11.210804265757561,0.057967910523997634,7.225650020437233,5.895041640627881,1.5189227380936061,0.2793056957143291,4.589305404273051,0.43772605505762796,5.895041640627883,5.0045199173963155
HD207869,328.792497,-69.02302,115,79,5034.221619499847,1.14137,1.9737641838705464,1.0268473094888113,0.2310275247237307,1.193396303987347,0.2609446729787046,1.4947947909402266,1.3108016312749335,1.6831232428953016,0.21232322296186182,0.9021957122352369,0.5208728622208052,1.3108016312749335,1.1633516064432858,1.1508633654527232,0.20453048113522582,0.7688277057349309,0.6532525336679673,1.1633516064432856,1.037582803464858
HD20794,49.997531,-43.06757,6824,547,6629.817624626681,0.29320512136765,1.424524600235248,18.30430045451871,0.15784056586525763,0.7296525938273237,0.0,1.3586820681405098,1.2468522768792765,72.61574616239514,0.10231717968323759,0.590241484676516,1.3114533903291203e-09,1.2468522768792765,1.1813442168604649,52.492617772182705,0.06392490702427246,0.443736165747062,0.0001113288330426565,1.1813442168604649,1.1429620336515127
HD208,1.727046,-3.626235,42,38,4337.135487711057,1.3122465,3.1241426062803,2.7688556484365763,0.2894089457422443,1.2295031678799702,0.9999998095533869,1.5684169149408593,1.3221215536567859,1.0317423906822687,0.34438846347277574,1.7170177871212895,0.9833000780131005,1.3221215536567859,1.0705197373116162,5.510272503761978,0.3173430949231496,0.8978010875903324,0.9996567333215044,1.0705197373116162,0.8844961005293416
HD208272,328.92382,-29.706035,29,29,402.97176159964874,0.964717,12.548921710787704,8.684736241371734,0.6924726852219483,16.16117724367575,0.00015945188853028203,12.487055849543928,6.924714973675867,18.151881153137317,0.7496140858584734,8.683061114957574,1.2210656875510928e-05,6.924714973675866,3.465028801767801,3.1384093582527135,0.3222111305574397,2.8854866088312114,0.9559473531858844,3.465028801767801,2.852686620450466
HD208487,329.333182,-37.76428,126,55,5489.791031700093,0.9530793345598685,10.45547045352243,129.47620357783234,0.83457273100928,17.56712478494118,0.0,10.964038574216676,4.459376130396372,64.8911469468096,0.47493161056572986,5.6890333700078575,0.000555578817554303,4.459376130396372,3.231335423274349,91.49651719500153,0.46759798384214324,3.6698926086043606,0.0007857621932504388,3.2313354232743494,2.3577724419105386
HD20852,50.18659,-26.28717,49,47,5371.232103799935,3.635256,24.336371672150182,2.720575446386029,0.3998226066471925,23.10566241191295,0.11178434974568474,20.050301320617255,15.533192348837282,7.520627420610387,0.41295254518206537,17.461675263330644,0.07178848149829786,15.533192348837282,11.901380079185126,1.2566343269775024,0.33394427823794387,10.540865515281846,0.6522326281681695,11.901380079185126,9.712982508814948
HD20868,50.180685,-33.729965,78,50,1764.1220144000836,1.3888345000000002,70.41714535180667,392.02711431112994,0.5801280758779903,78.2547563019401,3.784106429871592e-06,69.47930837035403,45.020872184805555,50.547908722065486,0.6585348063375035,53.216127965878215,3.2602045063612195e-08,45.02087218480553,26.307957106830955,1.0190168752311028,0.4339542622829575,28.569248003645882,0.0036397444893300213,26.307957106830955,19.793057549515847
HD208704,329.601202,-12.6637,73,72,4845.8545646001585,0.8779524999999999,3.39954773771691,23.977508978724195,0.339374993250168,2.9040460155698815,0.004495632603195965,3.2807817381414393,2.6665813872664916,20.950516924341375,0.35664255081359375,2.6653982358877877,0.0018536438548590883,2.666581387266492,2.138853360090406,1.0137558972825171,0.33857786970269504,2.2455452641563567,0.004680528458597566,2.138853360090406,1.739483730678247
HD209449,331.095834,-38.8763,34,24,5195.7039726004,1.3588405,456.5503509861839,1.038455413946876,0.3725295216286089,307.225693737219,1.0,203.10362001369552,160.88453992025055,1.5905053946185461,0.4746544534869545,197.82710747289994,0.9999897541803153,160.88453992025055,116.61028060167634,1.1503318734032377,0.46445290287270385,137.15066039700537,0.9999989790553991,116.61028060167632,85.33666672491346
HD209625,331.19588,-0.90772,1761,15,318.114128397312,0.1101890507524062,5437.227140861456,7.835323359539701,0.999184833959175,7195.41535212558,0.0,4783.727097503259,136.58073175101046,6.599878182516843,0.46640182736954194,146.2666785775424,0.9999621508332345,136.58073175101038,99.7692257652178,6.153077918710093,0.6560273716110936,136.78731985894407,0.5921238476908216,99.76922576521783,58.51383253993934
HD210277,332.374143,-7.55035,67,47,6253.8587699001655,0.7584802437076896,24.562639304983062,443.53608297164277,0.874214255894225,31.47968665322514,0.0,22.179362434063467,7.8661961089198025,224.15264408244315,0.7584354465202113,11.399441629275755,6.914234740307279e-10,7.8661961089198025,3.866173797692573,128.94554164742604,0.2891225205499966,4.257023316734591,0.9920121465972082,3.866173797692573,3.2597083965535707
HD210752,333.182921,-6.46832,54,43,6560.93875099998,1.017328,1.67178387794934,1.742937266158378,0.3243096560363175,1.1412109772937762,0.9781043702466206,1.3118020699495103,1.078306363472131,1.259224756923782,0.34280966167945875,0.8838839468579947,0.8951033334639961,1.0783063634721308,0.8741536054898342,11.343255102005502,0.3544584402447371,0.793265627974877,0.7991366162054024,0.8741536054898342,0.702343967848043
HD210797,333.579677,-53.30125,42,42,5794.085302399937,1.8826355000000001,43.441685454897076,5794.085302399937,0.7092226626728639,11.983499601839254,6.898801832022627e-07,6.5936419502997445,3.5555405658381267,2.6278222606013606,0.42578636576996604,3.348523901578166,0.1830645613179035,3.5555405658381263,2.694277895647151,3.8214518549003693,0.4291309700527836,2.7691262221968236,0.16596733732196156,2.694277895647151,2.035685248324907
HD210975,333.646016,-32.30804,26,26,3660.0102679999545,1.0253079999999999,2.4899110334742445,1.109026806860176,0.5911125223465835,2.604059981866806,0.17752822286595393,2.2508921344749298,1.4393174432728497,1.225682417869446,0.6423318435610296,1.5346743667482756,0.04384781921152325,1.4393174432728497,0.8607890362023407,1.0165565681590805,0.46285554795673506,0.9383732547387419,0.9803927813516337,0.8607890362023407,0.6308734838253178
HD211188,333.937299,-18.14533,29,28,6604.940707900096,1.6921175000000002,484.2683978605792,338.7149080974409,0.6541411480742644,447.01761082252835,0.03236050152429748,306.9917762407901,180.54114373990782,15.381790190731483,0.6260699742513969,262.50710882516603,0.07753278197379321,180.54114373990782,110.40058104987409,2.3292099685792214,0.5951189652449912,121.81108910145863,0.1824196493999526,110.40058104987408,70.24817988128373
HD211317,334.705629,-68.31528,21,21,5809.109379800037,1.613892,6.53821310561539,4.884067075668438,0.757627614632707,7.293351601831018,0.06682959283477996,4.319098109985077,2.1263494436417023,1.6645489497693458,0.6555895048947091,3.533042756831429,0.6833550598529667,2.1263494436417023,1.247880006235112,2.1931098534430835,0.6778583941091312,1.833592130958572,0.490155367432517,1.2478800062351125,0.70826574209416
HD21132,50.3509405,-61.48918,117,91,3994.0131214000285,1.4527870000000003,3.248374144347985,1.5854291526675237,0.21800784474406545,1.5564686504100367,0.08632789161437393,2.3241083587053515,2.0552164662466392,1.1444819535216992,0.21497544037714322,1.4043983081191287,0.1013288605834638,2.0552164662466392,1.8209549131827283,1.0702645161584292,0.17053092848130372,1.156841851416258,0.6904571550116461,1.8209549131827283,1.6584381951820342
HD211583,334.694391,-29.75158,25,19,3954.235329499934,1.5424200000000001,85.23658331728683,3954.235329499934,0.8566367781981885,8.968674924016796,0.0018613478033324693,4.455147097109959,1.6868673175964994,1.9297424867014477,0.7185264273698796,2.2579869508228767,0.25442082893323625,1.6868673175964992,0.8949519872801001,1.5469799027815563,0.5494101081345887,1.2630744001481045,0.9999554910085001,0.8949519872800983,0.6007454071855021
HD21161,51.104322,-15.653835,27,27,6499.165015100036,1.678196,3.143028967705449,1.189538951442278,0.6913840211262042,4.061818852508852,0.01559483625503355,3.1737350444842325,1.7631118784299098,2.1049245417476454,0.5572470600483725,2.0528926288509983,0.5652112161090106,1.7631118784299098,1.1731690529130476,1.0835734198802964,0.5958899800683786,1.6045093589156008,0.2628727696737634,1.1731690529130476,0.7457794422636705
HD212036,335.55680787999,-39.82015563279,53,53,5234.768100799993,1.849843,1555.2118187616725,2617.3840503999977,0.5714336073058263,1718.7658364621127,7.713328601055558e-06,1269.907886275302,831.3449748583059,1308.6920251999989,0.6358782176243267,922.2566264575249,1.544287818733281e-07,831.3449748583059,501.65437710261205,872.4613501333328,0.7814446774467458,591.1457827922721,5.810907310888069e-13,501.65437710261216,234.52292369304357
HD21209A,50.82317,-49.99181,64,63,4720.115615800023,0.806922,3.3361780956528335,11.800289039500056,0.32069538514812157,2.3237203004098625,0.06165785218035369,3.047305637185086,2.5115874110035965,21.261782053153254,0.33362223028654425,2.152215217011473,0.035798378268398046,2.5115874110035965,2.0502581543515044,513.0560451956546,0.2876692703643102,2.2247424618726277,0.22286305544358098,2.0502581543515044,1.7304114808352313
HD212301B,336.873193198841,-77.7177952530064,37,23,1230.8238698998466,2.9801541111347514,43.904678146055026,2.241121394573646,0.9839548156159135,53.61092498349143,0.0,41.8466794346113,5.300701619972041,6.454241583114034,0.41717567477117995,4.888881033584432,0.9993290920740254,5.300701619972043,4.046711028473075,2.1115523587233596,0.4840483203451867,7.563091279049608,0.8988345681817275,4.046711028473075,2.9067434886225296
HD212708,336.85288,-49.36641,25,25,1010.252753100358,0.9177160000000001,8.159838702928306,12.596667744393486,0.5955540421093365,2.6966887515231237,0.07241166526103526,1.860062650443194,1.1829266661355495,1.3961480833338276,0.48010846748168073,1.336263530544871,0.6501449208524928,1.1829266661355495,0.8529315790525172,2.1702529604733782,0.36247570563482095,0.7944793019789638,0.9998736976568019,0.852931579052517,0.6810242297548044
HD212729,337.500436,-75.64432,56,38,120.77564019989222,1.7977099464439728,5.273523184564905,1.0261311826668837,0.36751130028755874,4.526432368495764,0.04845522411568359,4.930902609965864,3.9215053353429843,1.1203677198505773,0.5982199646639041,4.226505019468697,2.2176416506480834e-05,3.9215053353429843,2.4856901227332115,2.8619819952581094,0.3200408455014767,2.1590184445769323,0.15638860260324405,2.4856901227332115,2.049691023621047
HD212918,337.202455,-49.58597,32,32,4800.7933690999635,1.459737,4.7852854499804955,1.081138018038501,0.5892588154381228,4.535871677417412,0.028712829212190538,4.246813734009868,2.7217444043777106,23.54484241834215,0.5001523297627567,2.94517262059949,0.3380806159668529,2.7217444043777106,1.9242707342869787,4.275352541722295,0.4129754196351635,2.4644310286482947,0.9731120223542176,1.9242707342869787,1.4743286945487384
HD2134,6.110929,-78.24965,84,22,609.0390746309422,0.6779646709653424,1.2435177330825,1.0848576320465664,0.7648839569977247,1.603449819521582,0.0013339962137138839,1.2631790552628481,0.6124999366272313,2.5568391042440908,0.48998503359137985,0.682230805225535,0.7585775659984144,0.6124999366272315,0.43741886409919284,6.976392607456385,0.6829546515754688,0.6196796685387307,0.019486634799213864,0.43741886409919284,0.2462964778857714
HD213575,338.141444,-6.46688,24,21,3323.9666253998876,0.786226,2.2382257872654696,1.015478760089172,0.6933948863745868,3.0313814593670765,0.13385093965500827,1.9980511334383646,1.1063595658963863,2.904549655190394,0.5890125123105517,1.4103853249486507,0.823511162737879,1.1063595658963863,0.7092683742082566,2.385336652601282,0.6567594775701436,1.0420226659654717,0.3127690183419217,0.7092683742082566,0.4155371650750692
HD214094,339.18003,-43.47062,34,34,4905.640159799717,2.0181319999999996,5.06849676792993,2.553557940658849,0.5145256141957054,4.904702161196776,0.1289406946810332,3.594475209241633,2.504486258474743,1.4417752122850012,0.4693624108377339,3.5127368307531275,0.3943267179236467,2.504486258474743,1.8243898978881354,4.179637181391937,0.45244458401557325,2.514758027737433,0.5463357169676435,1.8243898978881354,1.3499935647797703
HD214385,339.546494,-27.44269,23,23,3266.0107820997946,0.893224,3.00827739386086,1.6299085647768212,0.46187744748409854,2.6829461187695305,0.9998855344443225,2.5571231134180343,1.8758246324392533,2.6940615211579595,0.45097587388197696,1.8127753288437845,0.9999830166886869,1.8758246324392536,1.3899140632361335,2.01530962736011,0.5777737195595488,1.9060136865223305,0.595436849650449,1.3899140632361335,0.9031514422863549
HD215257,340.96484,3.88774,37,32,1099.9868338997476,1.098268,10.943677812544164,8.052612254024512,0.43035861678626064,3.6519165048406115,0.34055268088740775,3.6043738722709273,2.7203864252139884,2.0996122044278454,0.3474891909459757,2.4497714300585973,0.9386313626344805,2.7203864252139884,2.197477586888524,1.4200707899557814,0.2895301336178166,1.7265899094505759,0.9999002988223856,2.1974775868885237,1.8522401140850069
HD215497,341.655435,-56.59987,118,107,5057.1331458999775,1.319852,6.992560475345269,568.217207404492,0.63849248106939,9.86112648208565,0.0,6.037301501588609,3.629957432711269,284.10860370224606,0.32449984599054643,3.7980758483720622,1.0344547097584922e-05,3.629957432711269,2.9834190495178556,3.9333694842498086,0.4787838802295004,2.905349197501881,1.85241821881732e-11,2.9834190495178556,2.153888303198901
HD215641,341.7906965,-32.674705,105,42,1639.3611546275206,0.818398976208116,16.4921273111535,372.5820805971636,0.5115489628200128,16.128383989589064,0.002863916455001947,15.419991377349582,10.776919750408405,1.2059446481002793,0.43246268769579904,10.34413326921835,0.045012538898341115,10.776919750408405,8.11880028889144,1.3735744906807874,0.42076164769919866,7.525456413374988,0.06497638200374878,8.11880028889144,6.179032979903063
HD215906,342.519548,-66.05224,68,43,4437.920686700381,1.3343591355815339,2.6864405174090575,1.233406710958668,0.3549879512075764,1.994607141533884,0.6566000988613965,2.2547715774184214,1.8108666281456947,1.010570576500144,0.313396084677594,2.0126745191723603,0.9699489527390611,1.8108666281456947,1.5005124498207703,2.9786701702801412,0.24079986669044987,1.167453601966994,0.9999999999497609,1.5005124498207703,1.3074278776568429
HD216435,343.4092585,-48.597765,196,52,6182.9591334532015,0.9377188671128829,13.8885616554223,1344.1215507506963,0.8911478958056367,17.379734861619962,0.0,10.600537934826894,3.497408159186526,48.041640508571895,0.45659838725615576,4.499124631313887,0.003678441091619855,3.497408159186526,2.578141682114368,4.41261713777705,0.3700208832577375,2.416781579736309,0.1121298887355866,2.5781416821143686,2.046302604383641
HD216437,343.663795,-70.072605,116,60,5056.105072467588,0.820204,14.296858880491605,1264.0262681168977,0.9077512493651152,25.71396297189673,0.0,7.619555210702296,2.3142478385550924,1.0051299271350798,0.26042667440686407,3.1403460447227896,0.7166730174373575,2.3142478385550924,1.9902172504743456,1.5188515943607772,0.2901645480604143,1.6701728556784348,0.3349733161851566,1.9902172504743454,1.676792524742861
HD216770,343.975216,-26.65902,134,63,5794.061867943965,0.8360564895263973,18.132458506033814,116.11346428745426,0.8774241219905927,19.96575800502618,0.0,14.733346467066536,5.1582680690972875,3049.506246286298,0.5833208972339949,6.878582529309861,5.4595259202372404e-08,5.1582680690972875,3.3296974101729466,1.0122400188581355,0.36937800411672866,2.9039469538239286,0.009000082337115689,3.3296974101729466,2.644169708417191
HD21693,51.803771,-58.32426,221,219,5060.081852899864,0.894734,4.732008444629571,53.716367865179,0.23753303956264957,3.0742607288319697,1.2637391133552e-09,4.2968925566760925,3.7520188278256095,4216.734877416553,0.3563779645002537,5.772758540647446,0.0,3.7520188278256095,3.0100967946167496,22.69095001300386,0.27367822018275195,2.415402098319384,6.7399419378944e-12,3.0100967946167496,2.5653403662005574
HD217786,345.78598,-0.42973,28,27,4801.78840119997,2.040044,123.19516651921366,1263.628526631571,0.9480859573971107,196.41352427290963,3.5176972446038235e-11,123.91678957358717,28.23401088557434,631.8142633157856,0.8637845643188459,47.43859849657057,1.4381155211129482e-06,28.234010885574342,10.420432379970165,298.24772678260683,0.5574615766133076,13.052434019364549,0.4577665793996383,10.420432379970164,6.9320427422457795
HD217987,346.513588,-35.8461,123,98,939.605496419128,1.2651115000000002,4.5771175271523745,1.0261062535973868,0.3804432573046,3.4003925555654986,1.5859580693167175e-07,4.102858969314505,3.2294393502125707,51.34456264585394,0.20735444730132077,2.202150643157775,0.016808271743232628,3.2294393502125707,2.8751906430909404,1.045516297339632,0.19600971261554465,1.93673651098342,0.032517506656993156,2.8751906430909404,2.57805422376913
HD218249,346.6344525,-0.197,23,22,3315.8917511999607,1.099338,2.211175296273535,21.147268821428323,0.7557306316340648,2.3565757929631883,0.010210626416336965,1.7775963290073133,0.8785523594237692,10.094038816438237,0.506312643491054,1.1223483987859573,0.996910301948042,0.8785523594237691,0.6172962687800001,1.246013734856441,0.4853415384745924,0.6359064875907677,0.9997768697828245,0.6172962687800003,0.4428464938540411
HD218340,347.053422,-63.62897,61,53,5389.139428100083,3.807972,6979.363888882594,180.84360496980136,0.6774995357888907,8268.586175820905,8.633211812103525e-09,5641.126355260856,3203.5462594720393,1.0088809607615703,0.39603823432765783,3605.0479299895965,0.02945690724759842,3203.5462594720393,2489.6352403773935,31.38695065870751,0.3107398743164631,2567.971998222737,0.5094829731279813,2489.635240377393,2066.937288339445
HD218379,347.15238,-63.8722,29,23,5410.132692300249,1.914249,3.0060013215431334,3.576474312355555,0.7474525499453718,2.6846781121649608,0.022351843516474235,2.114386783591123,1.0625660346517063,13.720853898808643,0.5135824415964465,1.808463788831483,0.999739165326793,1.0625660346517063,0.741072250082134,2.166045839092064,0.5379170578237186,1.1070213238774533,0.9944708571002043,0.741072250082134,0.5037563337257331
HD218396,346.8674445,21.131035,169,16,3860.4166159792803,3.075750321390881,578.08803449995,47.425265552571034,0.8624207361513596,930.8538757284708,0.06812917186127898,485.7528398521493,180.17388326421377,1.412674869535361,0.5609294845750987,313.2401332863066,1.0,180.17388326421377,119.38753245949128,1.9933990581324388,0.5030598772697124,716.2773889248432,1.0,119.3875324594913,84.16102335076648
HD218504,347.18179,-18.75088,70,61,3959.1331386012025,1.062385,1.9470313627680407,1.0178243453651095,0.30779097618182055,2.0535937083685205,0.10481715410443859,1.7996266573850346,1.497273181883628,1.2995250898054236,0.28480214016101746,1.1380569965889653,0.244943689682517,1.497273181883628,1.2662345198560458,1.0730230475651688,0.23450587095940698,0.8700717156884845,0.857663466418481,1.2662345198560458,1.1078605075287913
HD218544,347.319124,-40.99147,25,25,1197.8256544996984,1.089064,1.5317708917355304,7.277191096595979,0.5151172749456536,1.77606768512574,0.5768767089483189,1.5540641638344492,1.0821495962900887,1.8115935488501183,0.5548806896142792,1.087165305760575,0.30612984338394955,1.0821495962900887,0.7219805859410067,3.418452210330189,0.47213912663162994,0.7689094637587701,0.8662500967160532,0.7219805859410067,0.5245480242478938
HD218566,347.297675,-2.25938,46,15,1195.7629263382405,0.7825139201026349,5.251717743903858,1195.7629263382405,0.8876025628441084,9.459314491651423,0.00715914521476968,5.153841622198608,1.7278628727933076,2.119771186559547,0.5905157305636614,3.2204731832977367,0.9998543380106353,1.7278628727933079,1.1056760039504199,1.3166295158976444,0.5987014957366388,1.5482481503012036,0.9996301915586154,1.10567600395042,0.7004250258618314
HD218860,347.967711,-45.13686,24,15,1909.7502065999433,1.229649,30.641682865782858,24.235408713197273,0.8675006389244297,41.805265837168,0.07498921490376287,28.274330965673013,10.291987009265481,17.267180891500406,0.7506701285027082,38.97148285577637,0.8411830660730713,10.291987009265483,5.139091922372182,1.002388309153866,0.8361090233856271,9.131404499867154,0.20204545305680532,5.139091922372181,2.0804817362809116
HD219057,348.2904285,-30.44931,54,52,2198.996766500175,1.230525,5.551863740063965,13.786813583073203,0.4638415458246364,5.27159729152833,0.0009554098130681865,4.899642200723413,3.587657250898527,7.13728259169158,0.44916825552274986,3.40594002941717,0.0018012013531488735,3.587657250898527,2.6626888894807608,29.796704153118913,0.6203792556615424,4.898641675993402,2.862406361936465e-07,2.6626888894807608,1.6405723748373435
HD219077,348.531319,-62.702985,47,29,6636.989892579615,0.7304052842860916,137.30497313237305,1070.4822407386478,0.9790022926488268,203.40187032320873,0.0,132.0358885493093,19.132773566002545,326.9453149053998,0.8639738717005024,38.3331328132742,2.6629796401334005e-07,19.132773566002545,7.05649600814434,592.5883832660372,0.8750562242178693,18.97692031523879,9.60449162423771e-08,7.056496008144342,2.494286942750552
HD219249,348.790585,-56.72939,21,21,2901.147575000301,0.951438,1.953265134929459,1.0532775105287187,0.7214382119825546,2.6682822988016377,0.05398280802419275,2.1241490122345676,1.12110360866181,1.7234881334285648,0.5830087140325765,1.4499589853102377,0.8195786460034128,1.1211036086618098,0.7239511133015117,5.541829178606117,0.6857623409664917,1.0426916438613407,0.1432147470509576,0.7239511133015117,0.4058245873202196
HD21938,52.71153,-37.37135,23,23,3340.950270200148,0.887492,1.0882961232563364,1.5010109938899032,0.7632266554719089,1.573713028106528,0.00379376376285967,1.1308459944772125,0.550262438386527,1.124369075250773,0.7166120132679726,0.7062967112562553,0.020740315253739317,0.550262438386527,0.29292779753393966,1.8481773912707566,0.5853895239394675,0.35732032007562314,0.540994787296053,0.29292779753393966,0.18861695173904383
HD219828,349.69563,18.64449,94,93,3750.809775199741,0.9592670000000001,101.92719206661867,3750.8097751997407,0.5856518586867563,228.71818272312777,0.0,98.07059933331625,63.12792681603856,694.5944028147663,0.4647654865763341,85.28810420018551,4.265110598034028e-09,63.127926816038546,46.18421667382485,1339.5749197141924,0.6244972968519934,54.72115718214359,0.0,46.18421667382486,28.30089146769111
HD220096,350.31457898901,-26.98676818337,48,16,1401.134341930505,0.9598624437730094,56.31896961442885,1.148282529036638,0.8351970394563536,97.40878741037872,0.027661544852830122,54.00106411752769,21.922234687119964,1.5730710025042167,0.7940891477209976,27.530920497595925,0.10122385479713536,21.922234687119964,9.947740346775605,1.021979826353396,0.6244703938263202,15.520837996685351,0.9803991878225885,9.947740346775605,6.096022086053322
HD220367,351.07877,-72.16502,27,24,3267.0984779000282,0.9284805,1.572743577601934,1.1577655047663022,0.4647614134272745,1.5362442469582234,0.9981788032348263,1.6075900123066604,1.1761128822164184,4.085916055402736,0.5558022684033905,1.4399375933200709,0.6235188752743215,1.1761128822164184,0.7838576029915908,1.5816704482474961,0.5919423334645576,0.8092269828274136,0.34169043976193614,0.7838576029915907,0.5007234673913858
HD22049,53.22956,-9.45695,761,94,5899.78316094866,0.7449975190447744,5.352334910031896,3.7614173802669204,0.591359244539893,6.934794606733827,0.0,5.760464907431433,3.682378061474716,12.454682628137355,0.43387897529744124,4.610088738949248,5.959604820748865e-08,3.682378061474716,2.7706586072876798,3.7418552425627354,0.2354035754484817,3.1629098303643874,0.03760084558323373,2.77065860728768,2.4226972589291687
HD220507,351.174749,-52.70367,210,205,5109.108257400338,0.887479,1.6292713724572232,75.57852451775642,0.11796494380538927,0.7115272290640111,0.01790308503120497,1.5266541559719702,1.433783530683802,1.0047608128774084,0.12280842628383923,0.7077526267907405,0.010362035852455986,1.4337835306838023,1.3428602334168251,3.9833995457666735,0.09578615751276563,0.594844689947467,0.1946376872845853,1.3428602334168251,1.276927937184025
HD220689,351.470951,-20.61578,43,34,1881.791004399769,0.9855270186929164,2.414470251316885,11.666404243023992,0.49916303320983385,1.6347438507862475,0.07979823061360836,1.559467466596941,1.103632566426566,1.254276480970319,0.45477903796997765,1.0696946214748777,0.24789172647435898,1.103632566426566,0.814912124991055,2.483229089997057,0.36644647104593836,0.7804851028428176,0.9191042564568217,0.814912124991055,0.6486380730500644
HD220740,352.5579645,-20.39102,35,19,3193.0646061999723,4.887632928856598,17590.414673061816,172.59808682162011,0.9868273009618103,19471.862729706827,2.1971757746541698e-10,8682.329028485796,996.4915600058158,59.68345058317704,0.9764693969105109,4359.314215403844,1.2749643896192708e-08,996.491560005817,152.85869721493012,14.350852162696503,0.801208918678945,379.40482721521073,0.038403257152159864,152.85869721492992,68.1535687489815
HD220894,351.9056275,-33.627515,32,29,4414.913803800009,2.287223,11.211084240311884,2.4426877303308694,0.6658003276779598,19.471301379647304,0.00853170620453092,15.270642039949736,8.827958986141264,1.6935493512601225,0.742591544735475,12.897728086109767,0.00037343507372256113,8.827958986141262,4.478903556944421,2.4602473133463434,0.5882818780316765,6.304503201032366,0.09942287462082244,4.478903556944421,2.873900332063736
HD220928,351.989117,-26.455545,31,26,649.22051559994,1.3662204999999998,7.554930164572089,1.0191844828884453,0.6333527316921159,3.05699761606862,0.010379628159763454,2.194576538143055,1.328846934341713,1.350573154982192,0.42039693285573076,1.1725728526275183,0.8000083670516999,1.328846934341713,1.0116733187200468,2.893139552584402,0.49099100907973114,0.9531297403899102,0.31976498472873127,1.0116733187200468,0.7217769738932961
HD221146,352.37503,-1.03424,69,17,821.7249255361967,0.774646,9.09577897947381,10.783791673703362,0.8388815523133754,2.483833924560599,0.005746182841139036,1.9154209776165547,0.7688416002791886,2.4318583176566917,0.6941697771108369,1.1055891721296722,0.3102694328393776,0.7688416002791884,0.4251841578922273,747.0226595783606,0.7264123210017959,0.46019741382152485,0.16475992374609127,0.4251841578922265,0.22239516547868923
HD221287,352.834855,-58.21018,32,29,2549.0865087001584,2.908714,43.88909298307919,447.2081594210803,0.901824996188884,69.84443654499498,6.401683627643706e-10,30.25009740873556,9.478229950423387,1.2363403379087001,0.6842439641388177,11.448524239809727,0.0014053676641599955,9.478229950423385,5.326023414035713,45.196569303194295,0.5652011689072133,10.50494678447648,0.07383482320587176,5.3260234140357126,3.511941356141
HD221503,353.208491,-16.84515,50,49,5366.100029999856,1.777434,15.637536179685473,11.772926788064623,0.5794601346057386,16.123874172550646,2.840072496335111e-05,15.678819735690166,10.167564886003712,3.9567173204541035,0.42090948615600027,10.072941168702467,0.0318414789989695,10.167564886003714,7.737313215853543,1.7529972983567523,0.3844746224267418,6.223906390004489,0.11651234006409483,7.737313215853543,6.070341998512457
HD221575,353.35018,-12.66448,29,19,3183.188590749167,1.086953,11.513355800758115,1.2472820777983495,0.6595363022691109,15.027811117232313,0.8150767412152404,10.236900930367318,5.973156676542232,1.7896152194013426,0.7730241367236492,8.081011492597778,0.09403931441356128,5.973156676542232,2.8457303428120175,1.1158511553087138,0.702019447612628,4.077194078678867,0.48513834664275823,2.845730342812018,1.5534157536480395
HD221580,353.41699,-53.65843,54,48,1449.0031258002855,1.8643255,21.105592981873738,1.0052748201750286,0.31905714149850933,15.273580893487901,0.2654491179817533,18.99438426312023,15.674025696829723,2.4901239487889435,0.26188023341502237,11.48392113042584,0.8378114653472655,15.674025696829723,13.466166263914412,8.099514397989303,0.28269867313732516,10.86453489128423,0.6205597467263986,13.466166263914412,11.404986863906046
HD221638,353.64406913541,-70.96312136734,60,45,4452.86234110035,2.8388570000000004,66.25580175775605,1.2012037607500263,0.45133123058140384,60.238247367189814,0.026843950282251505,53.889259637884145,39.91694882898282,1.1366591808807525,0.4077723376141956,36.79361902309078,0.11786061196717135,39.91694882898282,30.718618597036144,1.6408218516841138,0.37489368089705216,30.11906866858395,0.3089302168501953,30.718618597036144,24.287265831434652
HD221760,353.7697,-42.61569,57,19,1283.797110157553,4.038688268411246,3936.48952570401,115.65739731149124,0.9179885072425803,1837.1104892009234,9.166076560207514e-06,1210.130471715734,346.55291424935854,1.7571819191863571,0.6476451307097572,413.52010998902745,0.4016192223696061,346.5529142493586,205.7120320080642,1.342182028392632,0.8026166709707703,313.8919160556994,0.006629962477480267,205.71203200806417,91.39341990022265
HD222259A,354.914084,-69.196525,109,62,120.72156310034916,3.7117911669572585,146.32119277586528,2.840507367067041,0.40166846265898976,128.20241548700085,4.068181618877009e-05,134.8109238731908,104.27880178704386,2.9881575024838916,0.4876626020750077,119.80223476942295,4.5208462418067086e-07,104.27880178704386,74.64041774084387,3.2715870758902232,0.382824599757903,74.52622427074806,9.998209519235246e-05,74.64041774084387,58.63789413236403
HD222480,355.285274,-32.07266,35,33,1094.0631166002713,0.708438,3.4719162598151305,12.978210161331807,0.7060440264265095,4.743864502279566,2.131614877032284e-05,3.387510969260865,1.836630766649726,163.29300247765246,0.5720827532119668,3.722960167976285,0.004923419035313348,1.8366307666497257,1.2014390692311099,1.3391225417383985,0.47397041686545066,1.2019645016906793,0.0937736765550683,1.2014390692311099,0.8713784896922296
HD222582,355.462975,-5.98394,55,28,3418.6815231000073,0.9295125000000002,22.600775464109372,1553.9461468636391,0.9956724655066289,147.71239561229117,0.0,22.013587109409656,1.4481417871909723,18.26218762339746,0.40200108080644803,1.3281797379865194,0.9992186757791665,1.448141787190972,1.1198536893908309,1.5787759873926315,0.5516155537744387,1.3732062447036286,0.20204689416695842,1.1198536893908302,0.7498709938155662
HD222595,355.553095,-53.42373,34,28,1687.3396666999906,0.9422265000000001,6.550531345540871,1687.3396666999906,0.6241212507955916,9.818272349662312,0.013322956515167905,5.005041549312805,3.068538478885255,1.076246757685923,0.5051914479583955,3.1474641389798834,0.30460044782461404,3.0685384788852557,2.158490652198211,1.135032736916447,0.4565620428114578,2.177954388490283,0.6734345641142643,2.158490652198211,1.5912014166105548
HD222669,355.991665,-82.505065,72,67,4677.050615199842,0.9520380000000002,4.259168692561257,1948.7710896666003,0.2623555425631411,3.9676095643817137,0.3121889335415614,3.9129003554236257,3.3606426150478357,21.020452203145354,0.2448030556928341,2.439975996880344,0.5396874142213897,3.3606426150478357,2.9204679345034563,1.5761443065309164,0.26222499762285784,2.103220545346358,0.31360348621790013,2.9204679345034568,2.508501761490117
HD223121,356.734395,-31.98119,27,27,3241.1460385001265,1.062834,4.576669676183537,2315.1043132143755,0.6965399084611827,8.064115974890527,0.003580537362996461,3.750735067616853,2.0661753746670906,2.377252485330882,0.5807984793140804,2.38253600908798,0.1370318177226385,2.0661753746670906,1.337761231498781,1.0259388574639543,0.4094796954960607,1.5349670777676634,0.9994947472084339,1.3377612314987812,1.028006885064371
HD223171,356.83623,-48.27603,267,144,5492.982624899596,0.741055,3.337664062202836,50.11845460674815,0.18970050346094786,1.778120655972217,0.00245502613548898,2.8343264016246534,2.5513653128501597,39.91993186700289,0.1484423671468253,1.5110500012705506,0.07462256486590824,2.5513653128501597,2.3543968595292144,1.0534862440113533,0.14687979718713268,1.3013563431990403,0.08432344098528721,2.3543968595292144,2.174627036155207
HD223238,356.968982,4.17518,45,43,2201.945264299866,0.869297,1.987898580236014,48.18260972209771,0.4083386890826673,1.8071825330647917,0.097694205385359,1.7936154859227667,1.379640486794836,5.726775719895619,0.3069033031573486,1.1332852782376681,0.8749649650342894,1.3796404867948358,1.148584219568643,16.886083315183015,0.3719791097550904,1.0241099540936562,0.27331074967479496,1.148584219568643,0.9102273698886678
HD223272,357.0652965,-19.070455,20,20,6132.017910799943,1.4524884999999998,7.971422699223167,2044.0059702666485,0.8485199098020022,11.524159445845017,0.004357628113551892,7.297471985414211,2.840208442020729,2.4044300320746372,0.687348786775285,3.618998044594143,0.6325590573270764,2.840208442020729,1.5881088762673268,4.457056193342017,0.7081773048813049,2.0389530519274546,0.4495175952083097,1.5881088762673268,0.8579061975039401
HD223282,357.088514,-27.8971,25,23,3270.0697167003527,0.996203,2.8740599841198224,13.064601345187175,0.7275058741747001,3.316400247364713,0.014035984544416902,2.600526400939329,1.3575000037217615,3.89850943812631,0.5576914138132804,2.0307324985757296,0.7556033585188856,1.3575000037217615,0.9028228129291275,1.832177116035606,0.5775819954461634,1.0686501310369942,0.5974647855367539,0.9028228129291275,0.5867778816344992
HD223854,358.2782505,2.33119,24,15,4334.13102384191,1.075536318466194,3.4754200295503423,1.3748670929583533,0.76639348049227,2.665979609245954,0.9509838847421936,1.816728352388124,0.8780767409604219,1.0971094858478454,0.6995619460526132,1.933448400749274,0.9999755659932691,0.878076740960422,0.4812934412674067,1.2689966105996116,0.7022594961019574,1.2655566730271055,0.9999609520874021,0.48129344126740675,0.2626206687786103
HD224063,358.72202,-0.28615,25,25,6180.038210200146,1.723129,1121.639995262924,6180.038210200146,0.8952053133508391,1495.314228425094,9.869849464383407e-07,987.5140863022915,319.6781336102198,3862.523881375091,0.9556164573837769,860.1014759114398,1.831638174465411e-10,319.6781336102198,67.3478774479576,2.179215843365473,0.5926836925712122,78.23726752665216,0.540087111550047,67.34787744795759,42.982315921898966
HD224230,359.0381295,-72.00277,22,22,5837.15328360023,1.632946,9.350552412489769,1191.2557721633127,0.9084108186801784,11.580209724355777,8.745735305848434e-06,8.096731161639552,2.450370797111435,21.611082131063434,0.697841020311978,3.4912338167904537,0.1998144769385083,2.4503707971114355,1.346944064007876,4.402076382805606,0.6301651723942648,1.6447788867279678,0.7112878839548771,1.346944064007876,0.8191311921214149
HD224286,359.163326,-44.72102,25,22,6210.922594199888,1.5257595,7876.178073680504,33.9209316996171,0.9354590446034855,11793.006209161524,4.749912284607305e-07,6081.482926132503,1544.9953859450954,16.965098591095035,0.7951669370219946,2723.8804119885726,0.008671526943628827,1544.9953859450952,699.2415332059577,1.1216518148194772,0.5068955128158047,931.6261002837922,0.9999997645040762,699.2415332059577,491.0171866955613
HD224383,359.391135,-9.647385,48,46,2200.895342002623,0.902277,2.1881148788653855,1.0042871740828767,0.4693246718519257,1.9339719689869483,0.005015159786510348,1.8807144085588101,1.3700527866337286,36.318404983541654,0.3141921046614002,1.70226150495714,0.6191031590053326,1.3700527866337286,1.1345889267704405,1.9196644936786953,0.32761910264174016,1.3411005857267435,0.474560135306206,1.1345889267704405,0.9303497042142256
HD224393,359.399433,-65.77699,25,22,3350.9144572997466,1.068523,2.946049572332334,1.2935895835777285,0.6423977027092173,2.478049635610754,0.2741214462194448,2.1605551781104255,1.292008920541131,1.149108212098264,0.7687833133507634,1.7520764793252943,0.0063071277190761554,1.292008920541131,0.6212624412323935,5.364037869857127,0.6336434128253563,0.7562894384882317,0.32852921575965444,0.6212624412323936,0.3760339885307856
HD224538,359.7153755,-61.587775,25,20,2196.0323189003393,1.101996,78.91804052424484,1.0009719307627238,0.8501782151996394,83.68955423517926,0.0005570745472098793,55.72013629187973,21.56749237781577,1.093968476088642,0.6770195723570491,24.80587155125846,0.22890065747449895,21.567492377815775,12.257100745177135,1.051840367324619,0.6989656014670864,19.909764003568917,0.13760311343460407,12.257100745177137,6.725054652299328
HD224619,359.870735,-20.034695,33,31,4804.955338800326,0.701714,1.167482335186111,924.0298728462163,0.6432322985591211,2.3419233046785406,0.00726147058166815,1.268326871561933,0.7575720772172515,2.848562567465215,0.594826288366086,0.8566941046359633,0.03738392372258148,0.7575720772172514,0.48221930066695196,1.233336414897796,0.5583131701093788,0.5090935700763458,0.11039113859252159,0.4822193006669519,0.3204806507292864
HD224685,359.979819,-64.37275,68,55,5002.127659500111,1.286068,2.2081253076753273,4.387446416542503,0.26049258417425597,1.0325454704576047,0.929132135059599,1.400887154901642,1.2046875438886735,2.709418080110556,0.23836588837110564,0.8711339096148715,0.9960461308199683,1.2046875438886735,1.0513507122412804,1.0958283478651627,0.27955135414700677,0.9343884066578222,0.7478792974153782,1.0513507122412806,0.8923785609635411
HD224693,359.975349,-22.42752,83,28,1194.883641007822,0.9258667077778562,24.72261339884278,26.671509843924582,0.9390447290935278,38.632692191936854,3.180899987853536e-12,22.850260841235148,5.641528609392622,3.243440936503315,0.6606832387919409,6.68246899297283,0.0027771036991626197,5.641528609392622,3.286241315312099,2.6032323333503733,0.7012960903757816,4.449534278024795,0.0006021321044619166,3.2862413153120995,1.7960561292803527
HD224789,0.16967,-69.67619,38,38,4766.045234899968,0.98722,15.861500786507536,1.0618820566584157,0.6512792939955598,19.175231213992358,0.0001345601063277302,14.758987422460976,8.715562674452224,3.7982509044468977,0.37396202636365167,8.475666948993203,0.8774549989276805,8.715562674452222,6.895976435990583,1.0703238866581255,0.4159473037369156,7.198377066282358,0.48708987796605396,6.895976435990582,5.2701355476600344
HD224817,0.24544,-11.82314,125,102,4266.248572883662,1.1340351983698738,1.9288449383855317,1.1086060267868052,0.18436713895281906,1.0952987784779926,0.19546630214582084,1.6970197180244153,1.5326191434715106,25.27398443651459,0.16896894834979662,0.9696631665362779,0.4165346180740528,1.5326191434715106,1.3971494743374988,3.0663757441843327,0.16256779390261616,0.8054060377527731,0.5423705977254903,1.3971494743374986,1.2785499547921668
HD225297,1.2620075,-36.013735,20,15,5810.171618199907,2.739271,4.872816993402515,3.290576891997454,0.9124161563697769,8.125872732565613,0.029494777954890528,5.137164766158365,1.520321703431901,1.8090642395615733,0.8229110646748798,3.1783810797434557,0.636443761626705,1.520321703431901,0.6397808091007254,4.58540890079702,0.7965074830028428,1.625540278129353,0.8683148225744083,0.6397808091007255,0.2886060498142843
HD23079,54.92794,-52.917,35,31,6307.8628382002935,0.964575,6.323015955198051,1.0129370414465815,0.8081233575119227,5.168577436252478,3.013671016849351e-06,4.655686511403936,2.0393641701927985,1.2089818568663724,0.5367613374780387,2.4165726635832465,0.24820119060673318,2.0393641701927985,1.388024667646833,1.1058083968585624,0.5687208203787806,1.4578920819573757,0.10652327548886653,1.3880246676468335,0.9115414686149007
HD23127,54.8469565,-60.078395,25,25,122.69700060039759,1.009913,4.391887449859749,1.0706544555008508,0.4021380489834059,2.123177973311388,0.422949346472025,1.8638596807308798,1.4411648835590798,1.7017614507683425,0.4022271113440856,1.3912143331063729,0.42245208863343997,1.4411648835590798,1.1142477822764576,4.647613659105966,0.31782950954198025,0.9729364710516215,0.89050069136746,1.1142477822764574,0.9202975008883316
HD231701,293.015709,16.47188,74,25,1166.7657451527193,1.5015722276001733,27.368853584235396,1.0043606311033135,0.9810011649043484,38.38842037025956,0.0,29.072955754893854,4.007307545941936,4.539944533668169,0.5842717315645585,4.7196970950674375,0.10944173629773246,4.007307545941936,2.5837914239600845,22.83298914193189,0.5583632007215813,3.0664789985767844,0.19642264685944444,2.583791423960085,1.717078218971096
HD23456,55.77034,-50.64228,29,26,3429.728416699916,0.933403,1.842156058799811,33.29833414271762,0.6099330696697893,1.9470032858174544,0.1033236909165216,1.7423475455189046,1.0881890568608201,1.2166471857750674,0.5661589266665633,1.138886657813106,0.29629055739316146,1.0881890568608201,0.7167532769863978,1.5816132887710008,0.5828313048078793,0.8586589870592766,0.20414251548907458,0.7167532769863977,0.46294089049210024
HD23472,55.457481,-62.768665,45,37,6468.290539500304,1.33976,2.8313687014903057,1.0428857906744753,0.4542359138277171,3.0814357702422,0.33014262452649223,2.3160897394516256,1.7110309266317807,1.0234636929589078,0.46496359379140495,2.915472449009368,0.25296877138598184,1.7110309266317807,1.2515538099380286,1.0890478060915745,0.48061302296149533,1.2856500928562327,0.16587814148365576,1.2515538099380288,0.9019761511556438
HD23901,57.1588565,-4.420925,52,49,6603.981028300244,1.540283,3.943684792245614,1.4461166768783245,0.2997948976326473,2.847415962470695,0.9256387041447076,3.274773868256457,2.7402737579418623,1.1735820707101658,0.3541222781652955,2.4523818700050897,0.3557047372790604,2.7402737579418623,2.2022626034468993,2.222290617592706,0.28499400189393553,1.8646069899915996,0.9837224806724221,2.2022626034468997,1.8621898134940083
HD24062,56.192031,-70.027595,60,53,6554.931266800035,1.78391,6.688619458536065,1337.741074857149,0.3941137719970527,6.357460770141907,0.03849381703730337,5.889542786053482,4.584343185874543,2.1961775946661404,0.36551637229220313,4.67762681134141,0.11196055735308663,4.584343185874543,3.651634752794309,65.09365706852064,0.40300927454280194,3.7049543310204203,0.02714935636003113,3.6516347527943096,2.821441978988383
HD24085,56.254764,-70.02409,26,22,5791.1705873999745,1.3309045,5.397485601610552,8.25305769901664,0.9042648467674452,8.209887510757424,1.2641264721668932e-05,5.651432134583907,1.7486151431181862,4.419728754788961,0.6531209161802549,2.1732480358552606,0.5107441010325054,1.7486151431181862,1.029872097273362,1.9571377449814042,0.5462105594781693,1.8656822171500058,0.9991043582894029,1.029872097273362,0.6937619623713844
HD24112,57.19768,-40.39863,41,40,2597.8795078000985,1.916,3.476414935117896,5.551024589316448,0.591087607341219,3.4909251204422413,0.0002652930168995926,3.311010320603644,2.117267205698619,8.89684762945239,0.371004377640881,1.9100152033992277,0.4603336257499866,2.117267205698619,1.6791886195939707,1.4273278983572866,0.36923805168208473,1.5784139870900304,0.4772966718045525,1.6791886195939707,1.3336203848482773
HD24331,57.6496015,-42.56377,30,30,5582.850361699704,0.865678,4.254180588618927,22.694513665445957,0.748118451203571,5.254363305614791,0.0001826791765472402,3.12015052702602,1.565934974338018,26.944258502411703,0.6256122122972991,2.027834396404216,0.025567265035517206,1.565934974338018,0.9581523319046337,4.126275211899264,0.5092284485821383,0.9720092201567049,0.533957041939952,0.9581523319046334,0.6712344701944832
HD24558,57.634385,-64.068405,27,25,2516.08288110001,1.93838,3.675098036017978,1.470189833528112,0.5468999632748277,3.063704227872748,0.46070316319200866,2.9071564223062496,1.9568856506858954,1.3224444870703305,0.43683821071882967,2.393050257463725,0.997673313648219,1.9568856506858952,1.4685273484836316,4.352331570835514,0.5047193982713352,1.582063580769342,0.7924907755924417,1.4685273484836319,1.03349337768932
HD24633,58.74204,-1.26343,62,61,6602.946056999732,1.655109,89.79311095253912,22.612828962327843,0.2844826772229468,20.18649798766313,0.4294273248544592,27.748067481633356,23.471606642903946,3668.303364999851,0.2853314166024708,29.49410870360219,0.41886540369902736,23.47160664290395,19.842444023883324,1.258638999828393,0.25537501074004176,15.373300786532376,0.8198331091373626,19.84244402388332,17.12237353654855
HD24712,58.81683,-12.09846,153,22,1547.890479102265,1.5032076921008684,105.66662417071518,12.472928921049672,0.8624570943319291,170.16093467916184,2.7250344821205807e-05,64.20939488294005,23.81319533605295,6.226429923983365,0.6229135803496357,47.03328859838726,0.21216850661488684,23.81319533605295,14.62305523638105,1.6694245891957125,0.5523427915547883,25.71063393256144,0.6727803379640609,14.623055236381052,9.783875364032077
HD24916,59.368735,-1.15887,42,29,2971.8502473696135,0.99993,57.02080583190759,8.390316903923239,0.29256983303090983,10.917820051851097,1.0,9.198908054450508,7.7370974293793235,2.794142767365185,0.20509728414015166,8.239317816797158,1.0,7.7370974293793235,6.898188474733486,1.0140064990342605,0.12421232267653594,15.064442055770806,1.0,6.898188474733486,6.455568165251166
HD25061,59.10943,-52.9307,22,22,6213.962464799639,1.5415610000000002,5.102926681004171,1294.5755134999245,0.8306848480472775,6.178576751734027,0.0017251785371739103,4.507400401510624,1.854701620397152,1.0305933269424725,0.6294507794158857,2.2207718717916887,0.7393063684256458,1.854701620397152,1.1290079588867703,1.151821621308947,0.7034138011224812,1.5455175122559888,0.1833742216052554,1.1290079588867703,0.614854665002332
HD25171,58.95757,-65.18732,62,62,6264.817677999847,2.0152050000000004,7.913689242090798,1740.2271327777348,0.7923944771507547,11.97979167683096,0.0,5.4383736648590935,2.477926929655868,1.2700585233239088,0.2799052673654935,1.9281733323527674,0.41730060010198167,2.477926929655868,2.102729040005557,2.836941392926616,0.2575212540426155,1.6371076062898855,0.7253731219593753,2.1027290400055576,1.8118628720588825
HD25490,60.79081,5.98998,39,20,1991.3762842663564,5.085245309753096,1970.6780404256476,368.77338597525136,0.9817708456788407,4113.572448681664,2.430644574502594e-11,1965.249402286133,265.33890564957153,1.4400002055581442,0.6801244075343005,345.1670549984536,0.19600968911087602,265.3389056495715,150.06917161194977,1.1575750068397126,0.5320465682323474,200.78048446525239,0.9897639025598738,150.06917161194977,102.65800106560009
HD25587,60.678668,-27.48275,25,23,6296.80756880017,2.882216,18.437988804960415,1.860978711668096,0.5545084874597055,9.343534194334177,0.987127629542767,5.939636275908837,3.9644191760216123,3.2869486708775746,0.5885632724760093,5.551315028735729,0.8808548772437045,3.964419176021612,2.5429106266260906,3.3029834078893043,0.4508348752017581,3.2017823350242565,0.9999999999996447,2.54291062662609,1.8844411156122265
HD2567,7.3178655,-5.910525,29,28,6577.017361399718,1.9209710000000002,5.95450107126297,1.1065713307422624,0.5076342782363059,6.122253144327941,0.8508112248253961,3.578777942518261,2.511184701852924,5.1775307891047095,0.4813212418906503,3.356109961372246,0.968653381888437,2.511184701852924,1.8085390402278827,1.1535793597010755,0.5432464642214123,2.2635782259819703,0.5516979724370297,1.8085390402278827,1.2222747698369747
HD25673,61.084285,-4.65496,23,23,3427.7633972996846,1.158286,58.53770525817071,2.070155451926371,0.7237615536927784,4.138224571690354,0.016727017872918637,3.3109746291031508,1.7401949911932704,1.337194116134698,0.629456672863761,2.3111780457281563,0.24020251903291479,1.7401949911932697,1.0592961960268554,1.1546344855659665,0.6029184365068023,1.2594425306228911,0.4113886877689369,1.059296196026856,0.6675092284582502
HD25912,60.907662,-51.93275,34,34,6538.166617199779,2.0005685,12.593486421190596,1.5784666273628791,0.5592615316800102,4.563183589066865,0.044280534906997016,4.744790995190438,3.1499783284076606,1.2596652699598838,0.5252859039760422,3.162262540796792,0.12448230392667436,3.1499783284076606,2.1703192863280747,2.7142837168713805,0.48957587971793853,2.819317138751443,0.3165075935983912,2.1703192863280747,1.550562313631825
HD2638,7.49823,-5.76503,39,35,3680.923306899611,1.390842,45.485432377492785,3.4436554466270097,0.9933171454151578,67.73957020941589,0.0,46.91863606503528,3.835538833376177,1.0387524852973278,0.3906419749600192,4.081278977932213,0.8180395142838945,3.8355388333761766,2.9940748393133956,3.5407111455363705,0.5543492367739083,3.324549426765076,0.013254390884190448,2.994074839313395,1.9987569138035632
HD26887,63.717477,-5.39669,39,28,3657.003920051735,1.122704742201264,4.139634288212466,51.65259774084367,0.57158119040237,7.5160573540611,0.13044819395149643,3.5176417136896494,2.302426990860882,11.747523032610767,0.48121600044315943,2.783055894662048,0.7508551798273497,2.302426990860882,1.6583612996062098,1.6190029750538923,0.4996762949697314,1.7847651308720653,0.593287169897545,1.65836129960621,1.1730180480568646
HD26923,63.86996,6.18633,60,38,4061.885203302838,0.9317850000000001,14.657940571766318,5.7233834060910755,0.5325497230385337,7.523332422198923,0.014325747735125516,6.984778851215223,4.775516731043437,1.2128650950441435,0.47028610500429047,5.059490757835404,0.10736682816986143,4.775516731043437,3.4756901532779114,1.000809442493184,0.3961152560237325,5.26329108243283,0.627382453620518,3.4756901532779114,2.7009595644883837
HD269434,80.446249,-69.98808,23,23,528.7766130999662,2.868673,10.544689664549898,1.224586876099968,0.6205273166900658,13.127452150123727,0.051660276520517856,9.766428822827987,6.016252406184698,1.1229063773624257,0.5031627971467526,6.3723675255967995,0.4967155308965092,6.016252406184698,4.240656569155765,1.2400952464820971,0.46558890381909873,4.425994119799453,0.746733096170905,4.240656569155764,3.1000652567737403
HD26965,63.81335,-7.66054,603,86,4535.682201491203,0.3328584549581256,2.1313094877967433,42.34997387013264,0.33047523354829844,1.4590963785717186,0.000398108756547666,1.6529974644855594,1.3525567956067992,34.86304536119297,0.26763096541868575,1.0598305884074821,0.014956687048856332,1.3525567956067992,1.1574986615889231,1.227186742827707,0.2262148890056766,0.8817795378245638,0.13051363276480588,1.1574986615889233,1.0181943480248952
HD27063,64.12515,-0.57386,45,41,1575.807293899823,0.958996,5.683072053615744,1.1190223646497812,0.4505038818732594,5.386267199524888,0.02406005828103286,5.248198133556624,3.890384594146122,118.48175142103925,0.4100005565004605,3.6935583517392336,0.08678185787823922,3.890384594146122,2.9882596989922208,8.106004598250111,0.37513019208636017,2.6809027336716817,0.23098468388507565,2.9882596989922208,2.362180654034904
HD272695,75.136619,-46.18982,24,20,1029.156276600901,5.089156,1393.458451371069,1.0701427436839972,0.5958195839538623,1424.7625068956643,0.5192817602644266,1191.3025895900562,757.3728264764957,7.761359552042989,0.5415820976371248,820.8756896214951,0.8656114768618084,757.3728264764957,512.7911295027124,4.561862928195479,0.6946286767270493,596.4749683519008,0.0748005586214937,512.7911295027124,283.3704954088305
HD27536,65.16454,-6.24739,117,40,913.6177961002104,0.8969010000000001,23.76190276176176,1.0005670749098783,0.8218779782218124,35.26166613352047,2.9686475500056986e-11,20.13387971792998,8.497404213672112,1.0456882180384683,0.5735172645934979,13.32274189229147,0.00019882158206141476,8.497404213672112,5.549284684928405,1.0025433952597496,0.441541917724663,10.749181576045538,0.025153409419301886,5.549284684928405,4.146983386714372
HD27631,64.938455,-41.96039,25,25,1981.6662825997919,0.9625650000000001,3.82837236152391,1.0465625997358279,0.5964075285158894,4.632618977661277,0.2031735338845435,3.7537802579752135,2.384736363753803,9.5964468891031,0.6122431598597179,3.1536674468026913,0.14118153889396645,2.384736363753803,1.4849783019949239,2.5543520012887213,0.4223332923078748,1.5124423960463373,0.9997287318326432,1.4849783019949239,1.1286486784056995
HD2768,7.700297,-56.595905,28,28,5930.686304400209,1.6731470000000002,5.72605829429259,1.0124598911518532,0.6654947230398636,6.42825704317289,0.01992041245525289,4.9458516823929,2.8605041036327954,5.053413688139239,0.5260502840714225,3.186302895553027,0.669315538652399,2.8605041036327945,1.969285616105238,1.121982312264744,0.5556121547519642,2.321769787970055,0.4099841992138138,1.969285616105238,1.3127734795715962
HD27894,65.1968395,-59.41099,99,54,5607.745340388268,1.08007512591748,57.51797231125667,1.0554762545432472,0.6606383860677957,56.921061753169724,1.7780196981398433e-08,49.07836992750374,28.59048272798661,1274.4875773609708,0.6170688753874233,30.78344615258764,3.428968079477457e-07,28.59048272798661,17.692199249385904,1.0724316963832996,0.43924855216367253,18.221930749648084,0.00391499163860376,17.692199249385904,13.248509561896844
HD28109,65.240579,-68.10548,38,36,877.3358801999129,1.579673,179.15637493119857,3.6208661997520113,0.24453689554026803,132.02106668237357,0.9999508291699485,164.07494801083186,142.60964697883892,1.1373293754211984,0.2961204025248728,114.57359413658115,0.9587148342228202,142.6096469788389,119.64597504907077,2.953992862625968,0.32049568390366384,106.19430463566016,0.836685852156517,119.64597504907077,98.62663210511201
HD28185,66.6102,-10.550955,53,38,6020.666159899905,1.282498,39.37381937039422,385.9401384551222,0.9915538371828451,191.75270031529487,0.0,28.492916445210092,2.618584718430798,4013.77743993327,0.5116775048839364,276.4787311748273,0.04302448602960174,2.6185847184307987,1.829868978134588,1.3463931301070973,0.44123754502922385,1.9262748898777686,0.33388006416046934,1.8298689781345905,1.3678346560137173
HD28254,66.212499,-50.623095,70,67,6014.6240446004085,1.5644030000000002,13.314017331335604,1279.707243532001,0.43419398167037715,10.730904240369583,0.00012936026320320426,11.18561744892897,8.413830206276153,639.8536217660005,0.33371562645787384,7.7961487196176655,0.020329717428950844,8.413830206276153,6.867893587255881,426.56908117733366,0.20880682331541875,4.257272521542575,0.9854057972682854,6.867893587255881,6.108925433359172
HD285968,70.7338755,18.95315,117,106,5162.845444099978,1.1317154999999999,5.116521079177504,8.775871909059967,0.40812087491558285,4.402250646866152,1.623922385451948e-08,4.989406445950129,3.8385340320159504,106.4504215278346,0.38134976310096974,3.625510912087867,1.5162930877554714e-07,3.8385340320159504,3.019172917553172,56.610147413376964,0.3151056017687566,2.768210081806851,2.5810004380621976e-05,3.019172917553172,2.498617596749126
HD28701,66.44441,-69.992625,24,24,3223.2121381000616,0.98263,2.674655258544593,1.9485020784065172,0.6190302883433446,1.865428788269028,0.18740728614412283,1.2305035844500114,0.7595005763020537,1.6354841374569011,0.6403596086610291,0.787973722411954,0.11009389106656164,0.7595005763020538,0.45547268650842887,1.9218962125693522,0.5809560442953947,0.5311770753502958,0.41608673506829297,0.455472686508429,0.29484388766298025
HD28821,68.09007,-5.039225,26,25,3664.9673015996814,0.77872,1.4315280166784012,1.2735751821245023,0.5706544210088561,1.53714991923952,0.4001232859087901,1.4272866634469903,0.9352219802687078,1.945931454603207,0.5907132375971613,1.3105333544835414,0.2659729947993833,0.9352219802687077,0.5983131589912241,1.0316586352145476,0.583267595832106,0.7247545140028644,0.3117835100855162,0.5983131589912241,0.38623994838500464
HD290038,77.903218,-1.85594,29,28,6601.930532100145,1.395102,5.156964082381387,1.303441368627866,0.6877095382127785,5.359826601460912,0.010111689688576564,4.43927461792023,2.480797821211229,2.002344645931316,0.574745616323667,2.831821121970566,0.298166643939195,2.4807978212112296,1.6177662518809701,1.3573606094206467,0.4962517269399692,1.6465400623971271,0.9165859884142021,1.6177662518809701,1.148213256177405
HD290327,80.840775,-2.277775,49,48,6350.644431999885,1.686579,33.626423478356394,2761.1497530434276,0.8755571871369308,38.94912409531556,0.0,26.659827345716,9.404641434658009,1.028178031926931,0.21632708051580218,6.994705481161153,0.9999999999999977,9.404641434658009,8.32548728555671,1.0280448784277985,0.2500622149064905,6.457153655961946,0.9999978899575273,8.325487285556708,7.209784431991405
HD290498,82.2906705,-0.34317,85,80,1001.1709668003023,2.0441545000000003,67.56820260178831,1.0607872078833456,0.13568855127810417,38.924678948796334,0.9803516959553209,64.50723354474619,59.97131199739386,14.98758932335781,0.17690333036541023,45.3915644435405,0.4581605912280208,59.971311997393855,54.40877804327754,1.054086088439989,0.13037291514805946,29.51541371330217,0.9930106812816687,54.40877804327754,50.73825199168095
HD29137,67.54781,-67.87681,26,24,5756.1394993001595,1.7682485,3.7675126152731813,3.856709882278167,0.5750096165015848,4.145481790491894,0.8167937674847542,3.48038033477425,2.2689047152391297,1.0004761531094943,0.649636372614742,2.9387861618903837,0.23739513532698964,2.2689047152391297,1.3429992332033285,1.3251696708566807,0.6379002727361214,1.757317541795016,0.309697258659409,1.3429992332033283,0.8081460667703169
HD29488,69.818845,15.916405,52,25,1373.1223423117772,5.105103573464763,1955.855696164965,371.11414657075045,0.9095169930034841,2773.660027501791,1.5182338164443365e-08,1523.1200728321296,458.16051058764293,1.9383432274305146,0.5267086249655356,702.9075050451578,0.4128651512062096,458.16051058764293,315.1969084969963,1.564098806597308,0.39939613436631843,334.0235642858375,0.9985117422888963,315.1969084969963,244.27330629138197
HD297396,139.202343,-49.30149,108,105,6536.053958400153,1.375263,6.168159912279056,4.268304028211427,0.46362418940315137,5.657809097944308,1.9444224008680067e-10,5.640164315860149,4.1307256218280815,200.4924527116613,0.43399343528120365,4.197951946685051,2.860042203067792e-09,4.1307256218280815,3.1076856516159452,100.55467628307935,0.269620614670629,2.3220634246224137,0.000982782634896484,3.107685651615945,2.655897658664289
HD298936,153.311225,-52.515705,24,24,1474.9288310003467,2.3094855,154.59175932540256,1.3448790289052124,0.6951335041734387,169.36507588550677,0.010170646735039646,143.51260662864692,79.24007940225033,1.2481415173058699,0.58066463042181,83.68463578035752,0.2194920650370794,79.24007940225033,51.31279244907586,1.8788902305736899,0.5686269415435832,52.30927597293353,0.2802756268857297,51.31279244907586,33.70172716929507
HD299896,137.79205,-55.03161,31,31,457.74867600016296,1.676009,14.553962760792764,6.2025565853680575,0.585881601173876,16.07244622007143,0.003091302128256368,14.605665022797739,9.399042190463241,1.085484173583502,0.4397971421473357,9.237189386440761,0.16720683901679356,9.399042190463241,7.0348729609294285,143.04646125005087,0.4492455223113025,9.0517153456087,0.13534369314535244,7.0348729609294285,5.220778614684398
HD30053,70.334271,-52.62702,41,38,6619.960845900234,1.478343,138.2627083643377,5.969844752367426,0.5812700676400036,151.81592338667048,0.003818269789744533,129.0691579544037,83.51980664438287,1.4751015744686122,0.3559561927204593,72.48759622987127,0.990498636389082,83.51980664438287,67.02659918007188,2.021176944371581,0.4309823214611183,62.0748087187471,0.45288044200647715,67.02659918007188,50.56034914453894
HD30177,70.476026,-58.021955,54,52,6486.123554300051,1.1423735000000002,42.30157545806473,2494.662905500019,0.9308622699429986,122.96961859383582,0.0,24.92075920176538,6.552677999319796,1013.4568053593828,0.6126760779368273,15.900762319165024,1.354138215448053e-06,6.552677999319795,4.078082314151734,6486.12355430005,0.4697602689665851,25.096934990798083,0.002170417510107492,4.078082314151734,2.96956011043723
HD30278,70.80934,-54.59326,29,22,1513.937631000299,0.7284703067548711,1.3023842138854607,16.858993663700428,0.627230090138182,1.5103472497962234,0.18964663876399235,1.2169215477131856,0.742990063094919,3.9580068784321525,0.5751209172341207,0.7799900331459222,0.49480182885519697,0.742990063094919,0.48430135136605235,1.2710415842501035,0.48636663740684444,0.580375690903874,0.9769256683370998,0.48430135136605235,0.34709015347069583
HD30306,69.98914,-71.50513,35,35,5127.93766289996,0.836269,1.4391783149584132,1.0618387060029324,0.5741569884040553,1.7379854588015806,0.013981201529930543,1.4615664303089304,0.953769261399185,1.6361755090456465,0.3609731826285974,0.7281321802629819,0.9979853663829171,0.953769261399185,0.762435068661519,74.42580062264093,0.4693125751480985,0.739128178658099,0.31773891109582153,0.762435068661519,0.5554209565905717
HD304043,168.98968,-57.54392,58,56,6318.714205699973,1.3884815000000001,3.932884728389124,1.0544018899160599,0.43421669575971555,3.8368202382420877,0.003107861259224909,3.9158603938477317,2.9454541314734612,8.24144281426891,0.4212096298034096,2.8764050760883277,0.005541739375434895,2.9454541314734612,2.240850650592548,1.065658280045194,0.26304566163376647,1.7215431590271024,0.9281084328457031,2.240850650592548,1.923681650319553
HD304864,150.264337,-60.29475,29,29,3158.2993912003003,2.674726,71.4638513523195,1.0257216041051933,0.7207613558588726,79.99556878064014,0.0007093397758789477,70.81170059500577,37.41905234929885,1.0353043306891434,0.6385948738042487,54.76804177099315,0.015553757440233129,37.41905234929885,22.495204149640895,9.234793541521347,0.5315073235854031,24.085078012489266,0.29741443601296647,22.49520414964089,15.397185498307012
HD30669,72.12028,-28.41876,78,76,6620.92601329973,1.6056295,6.898369894905364,1789.43946305398,0.7181835575646491,8.559578573616921,0.0,6.6491257624985165,3.5297805965951876,150.13437671881465,0.3851317504744234,3.170459405801403,0.00021016925932682007,3.5297805965951876,2.767825748950364,1.3059025667257842,0.2507117578872342,2.0449643495152063,0.20935551834007726,2.767825748950364,2.39586974916637
HD308353,169.56368106544,-62.70741648045,22,21,3198.071929000318,4.748883000000001,22.980884612099956,1.4577108933863516,0.7610905931064853,28.945481755255273,0.016448635965565672,21.031441008830402,10.279823433352176,1.040903505077567,0.7127524662777122,12.704725113039384,0.07634754537802102,10.279823433352176,5.509520577210097,1.954333860303298,0.676075480485914,6.723661515710165,0.19793185608501873,5.509520577210098,3.1357087731022073
HD308357,169.37314246505,-62.75104068855,34,34,3662.9371345001273,3.6674620000000004,13.884556164699466,19.89645374524785,0.5236988638566203,18.399372289092952,0.0525137524202145,12.85445966002209,8.871450515570036,14.716501143029845,0.5045561626520446,9.115748515052255,0.09282113817235083,8.871450515570036,6.244416315580737,1.1220858762713297,0.41168907277943656,7.6357705125010815,0.7225167432246709,6.244416315580737,4.789556572209842
HD31103,72.921358,-31.566635,84,80,6620.903931700159,2.2002385,16.292262916220544,1.5749807154717537,0.3574581487925912,15.383229998440475,0.00041406142436828386,16.621992768708456,13.32397469254183,406.19042525767844,0.25331193008387937,9.674707890043742,0.10931511522397541,13.323974692541832,11.513395019833975,3.933288143349468,0.22614781602693185,7.753094179800997,0.3573283029111147,11.513395019833975,10.12820333432224
HD31128,73.0427655,-27.06363,261,198,4169.713524699677,2.201135436258606,4.2874889548290795,1.0023349818989613,0.11563277549962317,1.625766161886726,0.0273750362222569,3.0077630372855912,2.8285244512313072,4.09719320497168,0.09568456424628458,1.2224048489511496,0.21460826488179752,2.8285244512313072,2.6897995048020324,1.4370394005719875,0.07283042614476755,1.078888316683094,0.9341306240543902,2.6897995048020324,2.589998394963217
HD31527,73.912139,-23.24037,268,256,5053.1485568000935,0.928383,3.212834450816999,51.24897116430117,0.38353346062591,2.749030336973173,0.0,3.1249016190258647,2.4535284797443815,16.55684323984304,0.5715074804057094,2.5672574332046665,0.0,2.4535284797443815,1.6060635500563405,268.78449770213274,0.16418110933040186,0.8984016142448659,8.483023354877162e-07,1.6060635500563405,1.4683135854940312
HD31532,72.837163,-68.06981,48,46,6620.902681100182,2.049205,10.298906820860031,16.55225670275047,0.45107121873622286,9.270268134843414,0.029810910022978643,10.107548936575435,7.488655526515186,5.033758595833793,0.3964175223909089,7.931739316982868,0.19088659514241224,7.488655526515187,5.817979216653003,1.6251203164134869,0.3683980244553633,4.901285110020966,0.4154908263350746,5.817979216653003,4.623745326310954
HD3167,8.7396565,4.38134,52,23,4358.012309475802,0.7879267979559496,3.1883908088309814,30.39060187918967,0.6254955383166977,4.978155454822605,0.4681745053852022,2.947036029366902,1.8034908506749785,2.0019350036638337,0.508480767677291,4.270403382318088,0.9993255186984112,1.8034908506749794,1.2643991673911628,1.1535541728144734,0.421151463876884,1.4660545002096979,0.9999999999999861,1.2643991673911628,0.9619813908473915
HD31746,73.72314,-58.54777,38,18,1959.3757637413219,1.2575682231909653,15.382136524116524,2.680771328145196,0.8870300024210751,21.347291461928453,0.0004597494924828416,15.410769305748826,5.179715171532154,1.40992715243673,0.7489040641533691,6.592692824842821,0.11595329790062736,5.179715171532154,2.595528013236263,1.0770535200864797,0.7063555692640445,5.77686732478734,0.3083667480195488,2.5955280132362635,1.4064898576894032
HD31822,74.64929,-9.33349,90,86,4522.716026199982,1.0390709999999999,3.0834707251787314,1.0028195180044304,0.2922929057440948,2.953371299004057,0.0037458982853120215,3.2063367282913937,2.6973413145250538,6.760412595216712,0.27995508813631365,2.0518110588492275,0.007528792462147438,2.6973413145250538,2.288841384483921,1.0947175355085397,0.24152308428190014,1.7550512898003432,0.06019484043941736,2.288841384483921,1.9933652411675757
HD3220,8.76404,-48.93439,61,61,2575.061649200041,2.347182,5.820228299276868,1839.3297494286007,0.4219003069056518,5.053223675227082,0.0004242232817940339,5.121325771981369,3.8938908353116926,1.5699680826728692,0.28915293359191485,2.9741485897796425,0.142339898940662,3.8938908353116926,3.283007385135041,2.5794467086046686,0.2452079894061182,2.2753944982941134,0.5720322718058538,3.2830073851350408,2.8522363273196216
HD323684,262.190814,-41.664925,24,23,6146.29691530019,1.716172,81.42257548983581,1.2438371545109053,0.7241293652114558,7.7356997959356075,0.05528362905409545,5.783539318324049,3.0377108288403596,3.2206544305702094,0.6060651895808656,3.721957502510696,0.7544174382683035,3.03771082884036,1.9065956991659003,3.0577070371126753,0.5284466231526626,2.6060450879197115,0.9991654860864653,1.9065956991659005,1.3092543896047653
HD32564,76.027343,-0.649175,205,193,2300.8787372000515,1.020777,4.786879100484712,2.5568160208912682,0.3872317660723715,4.080735431864736,0.0,4.806713906403331,3.7626722936431727,11.061917005769482,0.41561079950205393,3.420516570311211,0.0,3.7626722936431727,2.876388119484155,23.598756278974893,0.5054672080016207,2.942254807380876,0.0,2.876388119484155,2.022763151670003
HD32724,76.198829,-11.69937,34,33,5117.963015700225,0.773133,1.7803729234268832,2.2000442830676294,0.5510411337504565,2.243037720825497,0.06682956814914587,1.9485966742779295,1.3056453707837328,1.9243356202813302,0.46221922281178857,1.3289543106685815,0.5793689780113924,1.3056453707837328,0.9574759420601419,1.3592805204770597,0.4694725106133426,0.8987560867212843,0.5113248589627963,0.9574759420601419,0.6973997967163017
HD32977,76.9511,20.41628,38,18,1996.613001532387,4.096342541094778,1006.7245011401277,246.49543228794897,0.815087552672991,1274.3709872726645,0.014643294680360186,807.3632667846545,347.17789000279646,1.902623405310069,0.8032214696419885,483.0463476219357,0.02254128052493587,347.17789000279646,154.00716122935688,1.4851331460371813,0.7112129069621227,230.3531010843845,0.2841708924164674,154.00716122935688,82.76177664941771
HD330075,237.4065,-49.96417,48,37,4078.958304999862,1.251425,77.81883241639329,3.388120529113601,0.998952514327059,104.89464620754092,0.0,72.54245572189096,2.347828121168328,1.336925042608936,0.44942394344350883,2.2515855486847927,0.19405645278847294,2.3478281211683276,1.742107540340746,1.0440663215418922,0.443887908281516,1.759145752551359,0.22466910395777762,1.742107540340746,1.2991405232137976
HD33142,76.8972035,-13.9862,100,37,1144.9818900767714,0.7748694308904861,20.560813214790862,1.0004210485598704,0.7328942862553713,37.51016779443612,3.9688113395719427e-07,19.96601827575312,10.318891672943451,40.31626373509759,0.4182193920638271,10.182985033543833,0.13954575687416315,10.318891672943451,7.8706875808705075,1.0424088584092968,0.4968891820500107,9.141411445239894,0.01357923982892073,7.870687580870507,5.582702712650524
HD33473,77.125388,-41.212555,56,52,6623.921159399673,1.5387100000000002,183.05952709293922,6021.746508545157,0.9246061539577495,225.91228329900892,0.0,118.04830961242197,32.413633839073974,3154.2481711427,0.9393380826432511,58.03470243443192,0.0,32.413633839073974,7.983361371793025,1351.8206447754428,0.35727771651356116,7.170190373094918,0.18452752299869868,7.983361371793024,6.400257791921824
HD33512,77.260716,-36.46475,40,38,584.6083021000959,5.576007499999999,150.59876391762506,2.2203125791876026,0.31551807780257307,108.03308877856291,0.6047124086140778,127.76998989035035,105.70848574386035,1.0204369036482732,0.27918173877062086,77.47493837294243,0.8933977064206837,105.70848574386035,89.74757899015525,1.0818066286086154,0.27010640982798995,68.14118733244321,0.9373692866884509,89.74757899015525,76.67477616499902
HD34449,72.640755,-85.372775,22,20,3612.1063337000087,0.9753499999999999,2.4002222977828445,1.0465323290453457,0.6990984901400027,2.4799643083929697,0.215484080501823,1.7392461186107162,0.9540545918186711,1.29216081194105,0.6942280937949977,1.1836315672146456,0.24115219245125308,0.954054591818671,0.5275601904570261,21.655313751199103,0.601538226011268,0.6450763908475544,0.8992855455487636,0.5275601904570261,0.3330161905004268
HD34688,79.68036,-14.01743,22,22,3382.756807100028,0.88636,1.25669966971001,1.4256392477663637,0.5688541203539011,1.3969873536982738,0.8247016139766461,1.0732559546175806,0.7047181010917749,7.909181218377433,0.5162043339702261,0.759873266769597,0.9926547131957136,0.7047181010917749,0.4901696456156582,2.570679236340168,0.7000583996095671,0.7036245617198031,0.06428667750546901,0.49016964561565823,0.268450839034756
HD34816,79.8938502021,-13.1767891086,27,27,383.9686883999966,4.672245000000001,175.09852574902195,1.120422201342272,0.46714404930412373,150.46724514620357,0.24039013399031095,157.961858326875,115.30739066610539,4.480381428238,0.3572178705209659,102.7019786686466,0.9077498584490107,115.3073906661054,92.44619516138965,12.547996352941066,0.35329832942330197,77.11076884174058,0.9224170652859497,92.44619516138967,74.34316270067168
HD35650,81.124985,-38.969985,44,41,4823.852693675086,1.7981150000000001,21.582618660443813,1.2707056250131932,0.495727343722023,20.185936599053637,0.02121435759863688,17.962059300053387,12.755245905110927,1.4125897372324474,0.322664486432661,11.949184204165647,0.9870251590439978,12.755245905110925,10.497617854699216,19.119511271007074,0.3893530721305252,11.394921596913829,0.48945877060828413,10.497617854699216,8.203248113974203
HD36051,81.676352,-45.049785,20,18,6215.019427699968,1.0282719999999999,209.36993609075782,3.736110266125619,0.7982863101345439,330.8816593437293,0.17138525658903514,185.42680854383306,83.27990297333514,1.1286491533250949,0.700062436935592,160.10970972901305,0.9161164701374396,83.27990297333514,45.60953451632307,1.6444025473475241,0.8234396424798974,65.93278396190072,0.07605303476373293,45.609534516323066,19.164709453678032
HD361,2.069849,-14.82353,28,25,6635.915618400089,0.943331,16.090056150643388,1.000032493693218,0.7721397293195034,21.633824296599656,0.0025002133644205227,8.802472709743666,4.201834974626696,7.785891843717103,0.6145458972886868,5.248377631995074,0.3814461670304772,4.201834974626696,2.6087071466727263,2.7174101631449985,0.5554815763502692,2.746224393454204,0.8645197500277932,2.6087071466727263,1.7392828342677678
HD36108,82.0881785,-22.434355,30,24,3467.647452699952,0.6704715,1.6402325044417745,1.0968708333965818,0.6007932456954949,1.952559797496599,0.299788646999275,1.567571055730405,0.990435449674439,1.3368985475749686,0.6058984901561573,1.0726560253481647,0.26899260889084164,0.990435449674439,0.6217706611860716,3.2483816887119,0.43291014475009904,0.5977226133896857,0.9999935055955661,0.6217706611860716,0.4682266887667797
HD36152,82.2451905,-17.42882,64,64,2865.0165683999658,0.9116580000000001,3.1914446534807692,24.466409636208084,0.5580648395546806,3.174843491971211,9.886670016001631e-08,3.0648458737414046,2.0374544916199433,14.433332838286987,0.3802167490704566,1.8605170798157753,0.0021261124853233504,2.0374544916199433,1.604012819830053,1.0134118242722105,0.29958495328279733,1.3977923234907497,0.07551391616650538,1.604012819830053,1.3424112052884856
HD36379,82.750419,-10.08124,168,137,4874.670202500187,0.793818,1.5883754703344373,1.0030598383678728,0.15670035470335383,0.8663027541091376,0.061510178050873665,1.550575166319161,1.4239140751081403,1.0553061574515474,0.15075002335217072,0.7998604789930078,0.09604150941651857,1.4239140751081403,1.312204596647413,5.999594095384847,0.14857439564566532,0.716966600517935,0.1126774874800186,1.3122045966474132,1.2108069577091427
HD37226,83.4360155,-54.902855,39,38,6521.068540500011,1.6556140000000001,6.048432190783019,1.2248898419362133,0.47281271053832213,3.21150493692797,0.15509321411646826,3.1516152780431916,2.2883142367343594,1.5599896034878744,0.4202621814393156,2.143377695446465,0.5544048263059957,2.28831423673436,1.7423342687290169,1.2318313008613875,0.5035228388527387,1.7849551716003755,0.060682685980314344,1.7423342687290166,1.2276685094412494
HD37572,84.237759,-47.96607,36,16,2826.066742878873,1.1327191987275946,70.69195673131688,1.821975851253222,0.7453360306116619,86.8413237295665,0.782903920806113,58.426429680488205,29.48445471740527,7.079325508213608,0.781727030549678,49.792280526763335,0.48003098062774996,29.48445471740527,13.775046664287967,3.083542545421574,0.8120736887745629,21.55424264410697,0.24953309067972074,13.775046664287967,5.971547255008284
HD37990,85.17865,-36.58437,55,53,6624.900629000273,2.111054,9.479089190369121,419.29750816457414,0.44004186470903944,8.855049459927004,0.005964156630767992,7.815950713441849,5.848703312188835,6.950897732662125,0.43789840597151497,6.23774251743166,0.006535015885314022,5.848703312188835,4.384973770032108,20.612634191040044,0.34304321834138013,3.4316602837690655,0.24171654630614203,4.384973770032108,3.554147111391127
HD3821,10.198042,-7.23227,35,34,2195.901541400235,0.9159275,23.587089124437924,3.4861113532310477,0.5258938948983674,23.72260346100269,0.04286818822360672,22.724423653264584,15.646984457462768,5.26974211999097,0.4141813480014459,14.906887119834932,0.610172394078158,15.646984457462768,11.976012723698853,1.3881418176877407,0.37358910913769167,10.343430162432687,0.9170527189963412,11.976012723698853,9.478549853143855
HD38277,86.073792,-10.01716,24,21,2597.8687444999814,0.81812,4.397102641393751,1.8211487868909793,0.6912698745420208,2.1250052745918824,0.11227081924117843,1.5177566932528639,0.8433185656627262,4.68675580822656,0.6685322721139313,1.185866885713288,0.19577401926308258,0.8433185656627262,0.4855257716202004,1.174284113592181,0.5921980576785807,0.647992262562531,0.7188068499670182,0.48552577162020033,0.31005370988270126
HD38283,84.258172,-73.69954,71,25,938.7296372707933,0.821858762250234,3.1570920308434602,1.176352928910768,0.7477616918617817,3.2431210396816312,0.0004908777927966623,3.0600844447820994,1.5368763714216074,2.9017917689978145,0.5198460267609079,1.654630842539996,0.3451237363123365,1.5368763714216074,1.064949948988493,3.0647392663101303,0.6267503239113664,1.1509061528618247,0.029617797627313647,1.0649499489884928,0.6506222584738902
HD38382,86.119047,-20.12676,31,23,3288.8988632000983,0.7037725401409011,2.7900669992213563,6.993193415267058,0.5729816825794415,2.750019650426522,0.6373842511536671,2.5372410348777676,1.6580017290591837,2.803596337226235,0.6043887541092026,1.8795535444678297,0.387922474729381,1.6580017290591837,1.0428438719343514,1.000882186001247,0.5336578857691426,1.416513956017506,0.9039515270609191,1.0428438719343514,0.7121502188069193
HD38385,85.8757655,-39.40665,27,25,6224.928400899749,2.065632,10.640340364840084,1.4156573275947752,0.7787336945344216,14.315580593307361,0.0017491836280373319,10.022382334487073,4.714423670030839,2.037419697214593,0.5534531099594591,6.946887410215197,0.859488268562948,4.714423670030838,3.150374206804759,1.846392715459378,0.5942455865486135,3.7587666806077507,0.5289883431277012,3.1503742068047584,2.0067522996332805
HD38459,85.861888,-47.8229,47,34,3738.4231142001227,0.9698145,18.480838084621315,4.567407592180965,0.5972666566516487,18.61973053085685,0.006979190759322518,16.460197674960664,10.445851324001715,1.0660193088483048,0.5835607122972031,11.924333243643037,0.011313616117859415,10.445851324001715,6.740927987542537,2.021424848167038,0.3840478594216675,8.335970116271993,0.9638624913862792,6.740927987542537,5.29045679550876
HD38510,86.289774,-26.990805,29,18,4064.9242680636235,1.1368296137598626,1.575769319966293,1.9607004958825127,0.6756215233767886,1.8028278601911505,0.7847581928006759,1.3301432041731587,0.7575728726813035,5.304612120662438,0.49022128112828306,0.8167256418323245,0.9999999999999999,0.7575728726813035,0.5408978631452771,2.8511778551333564,0.6044641586914452,0.6075397534020557,0.9978875161138784,0.5408978631452771,0.34017953822598124
HD38677,86.775601,-10.63003,148,27,762.945942661725,0.5279733444628584,3.1047310226399345,19.663555223240337,0.6836824936362953,5.620908711643273,0.0013583770999406886,3.065375873723197,1.7240321052320529,1.6731270672406253,0.534337500529797,1.9304084036004951,0.10959439438638652,1.7240321052320529,1.1764703368295006,1.2435956685602692,0.42279635541144883,1.1018378042665262,0.7465764036331937,1.1764703368295009,0.8938106267936625
HD38858,87.146184,-4.09584,20,20,301.1006443002261,1.236346,3.7346612259418985,19.94044001988253,0.5559191550113869,1.6499361981331522,0.3650733798447334,1.4581705833333127,0.9717159983399946,1.6690723076509213,0.7013116904622488,1.2712783808017374,0.018832315021530488,0.9717159983399948,0.5310659604433019,3.038351607469487,0.44404249966045034,0.5087265694087825,0.9361755331186657,0.5310659604433019,0.39597636294880834
HD38973,86.6181585,-53.21979,45,28,3350.8222149000503,0.8123585,2.8984262959485743,1.033152102765717,0.7293752303611473,3.883450943544565,0.0005167936817384033,2.6952706629181966,1.402123138308945,1.1769660045311028,0.4157215858106627,1.757626090196067,0.9950403068465639,1.402123138308945,1.0717563793398124,2.6486619357363446,0.5151327933418082,1.4366395421905063,0.4319954803742573,1.0717563793398124,0.7462897611979726
HD39014,86.19678,-65.7351,32,15,665.1523502455093,3.833766255702094,316.43928785180094,1.2669568576104941,0.8409345777337357,402.57100352821794,0.02661125935162789,255.82290695425107,102.02986713099438,2.1149518290795215,0.8331374291493038,170.52856049082794,0.034484269777025456,102.02986713099438,41.67799193982518,20.916740573758158,0.8707615802538203,60.911308409687244,0.008570822448656035,41.67799193982517,14.983132008063794
HD39091,84.294074,-80.462055,553,210,6183.883375557605,0.8220899491527834,103.71857345955608,2208.5297769848585,0.9254724785452103,260.13212508664805,0.0,107.72825025952186,29.409520595808804,1.0017955183316491,0.44987358430814084,27.965301642619483,0.0,29.4095205958088,21.813190628605543,381.7211960220743,0.19785452821329605,17.167215608766565,9.487057804902221e-07,21.813190628605543,19.53645506713958
HD39427,87.615433,-43.69918,31,31,6234.90560559975,1.957131,6.7927612810542355,2.3326370629652233,0.503998707148864,6.5951878850845915,0.49620371464111845,6.138865527999709,4.323440878195427,1.2260403519093375,0.5480443656880283,5.152884061402966,0.18506776622237564,4.323440878195426,2.9065475145692,1.7742034049285031,0.5041549130043195,3.022749369231018,0.4947902502196182,2.9065475145692,2.046682302388116
HD39474,87.40172238998,-54.91070984765,42,36,436.6980940848589,3.0357600000000002,27.678076141095197,9.431924278290683,0.4875609450901891,17.684182076145497,0.00980012273125308,16.593017550977383,11.878086491958987,1.1519337749534653,0.35463777407809394,10.658095008005134,0.3260407271345188,11.878086491958987,9.542194273045853,1.095579764387503,0.23885391006243203,8.198408610352582,0.9961646001273953,9.542194273045851,8.324962092441634
HD3964,10.541895,-3.05586,67,65,6590.03298600018,1.8311420000000003,7.903736745796793,1098.3388310000294,0.8261656921968383,11.763030268137562,0.0,7.87757181831063,3.2844308108353824,3.9912985197748028,0.2980227393563948,2.696249454432239,0.14924223286285176,3.2844308108353824,2.7518302449343697,9.981873653438619,0.25805499211840904,2.0369889288107825,0.5730704270167635,2.7518302449343697,2.370322822615423
HD3980,10.444655,-56.50184,51,16,1532.9629116714932,7.7952491260029095,533.9023950079409,1.9757222730654624,0.9439133900270087,899.7985030479124,4.768427825285748e-05,557.7055245169615,132.07923417891303,1.483273257543776,0.734374181265261,178.40163315109626,0.41619080441480705,132.07923417891303,68.07218411299584,2.1077449631121854,0.6251706522183795,113.8676487917038,0.985797909141764,68.07218411299584,41.67604313490688
HD41248,90.1385,-56.16282,231,163,5174.8386650998145,1.080742,3.265980423128169,25.60533728401691,0.38209780329505455,2.900232866703952,0.0,3.273985491949304,2.573573761760422,18.357001295139472,0.22006575690652372,1.7580367706222353,1.535986458378602e-05,2.573573761760422,2.272822993793479,12.484532364535145,0.18529290666621856,1.4015648372075264,0.00048175178443155,2.2728229937934787,2.051475634562375
HD41323,90.563925,-44.00857,20,20,5174.860232499894,0.9039005,3.2853573577378925,401.15195600774393,0.5415031274854148,6.7829792177802535,0.9999996763966501,2.0235056261454036,1.3701641655305272,5.711135892837321,0.5038612630352534,1.5628651648127239,0.9999999999981898,1.3701641655305274,0.9651041283902951,2.0326250962331187,0.371514216220755,2.4891599008540077,1.0,0.9651041283902952,0.7651065192507216
HD41742,91.168915,-45.07815,32,17,707.8952403361909,2.59704,623.3435919510696,228.35330333425512,0.9830057170195629,1136.764041648661,2.219539885217614e-09,516.6786219751574,67.35532180576234,62.645596489928394,0.6723830504212461,119.86562294759398,0.3937219123504988,67.35532180576234,38.55272643105859,16.088528189458884,0.6699817977860647,52.173739734797216,0.40829788138114265,38.55272643105859,22.147466000124798
HD42581,92.643157,-21.86719,200,197,4674.126138299704,0.7430010000000001,2.7009024722520856,631.6386673377981,0.3212904541515784,1.9125119819333887,5.188072194073357e-13,2.5223039016739754,2.077970560430919,1.0393182883729584,0.2473549207455459,1.486440380875669,6.641393324180456e-09,2.077970560430919,1.8027458467989936,40.36378357771767,0.17474786772761874,1.1523059285919508,4.5910709054797216e-05,1.8027458467989936,1.637675422063882
HD42618,93.002576,6.78141,95,45,2199.9095617993735,0.577669738475169,2.695250562984299,19.74784166785795,0.49468908656575905,2.500036268089669,0.002587121958869676,2.3358638647108503,1.660454070953256,1.0030592567022503,0.4231804519563414,2.2372528670212115,0.035899940609089076,1.660454070953256,1.2610922368309476,8.0849303998507,0.4239531261817402,1.2417337532008668,0.0349670876878907,1.2610922368309478,0.9571406567131187
HD42659,92.840985,-15.794455,48,16,1534.7572455387563,5.252519428731027,7169.473169019991,93.01559063871252,0.967490652775525,12990.477050419731,1.8104624687209636e-06,5746.142487528386,1036.0495241193987,1.6529426446297864,0.8330788513714922,2109.396673089226,0.03263092000497381,1036.0495241193987,423.288235415225,1.6541897451376986,0.8830802439832733,695.8432450858016,0.003910370086565806,423.288235415225,144.7371938605409
HD42936,91.622494,-72.51531,100,34,3559.096870283596,0.7839054603076111,370.9632362243161,508.44241004051383,0.950796084274784,603.6258935805998,0.0,280.3547671566445,62.188170163621045,129.8940463607152,0.6128697877285878,299.4584621882253,0.003752472426885367,62.188170163621045,38.69334815630463,68.31279981350472,0.5557126509778794,95.7446932257603,0.027310884666810864,38.69334815630463,25.79100612367678
HD4308,11.16408,-65.65104,359,143,6505.121902800165,0.678717,3.277611073108798,15.618539982713484,0.5937599603229377,3.614259539131788,0.0,3.2566068722449346,2.0756623030008705,879.0705274054277,0.2506811634612686,1.6500460239749228,1.462793083972791e-05,2.0756623030008705,1.7967598031262615,55.26866527442792,0.23528060762668804,1.2989521549684362,5.954145267683675e-05,1.7967598031262615,1.5712347472610544
HD43197,93.40127,-29.8962,51,51,6304.746447499841,1.349884,13.134505591344146,310.5786427339825,0.6392383271241456,12.384829256645093,4.1272881379228465e-07,12.62756944928391,7.584552498848416,6304.746447499841,0.539041401714822,26.22832718495028,0.0001158229321366333,7.584552498848416,5.149450905142303,156.05808038365956,0.35007366948361657,5.032313878958996,0.2687168941657364,5.149450905142303,4.151384771815929
HD43629,94.165304,-13.98703,46,46,563.3860597996973,1.4642594999999998,8.592671324832326,6.38759704988319,0.6580391034899271,9.50139167655833,9.193341898861007e-08,8.262576441958453,4.831741751566196,1.0637954301353805,0.5411776418324712,5.483428037726553,4.4105682757256126e-05,4.831741751566196,3.272849238190644,1.1297093639456537,0.26644001307838616,2.3889971375526495,0.5684244021442233,3.2728492381906444,2.803133730199521
HD43834B,92.55735040883,-74.75333413662,217,51,1308.6159390900284,0.5224771964517175,2.569799334453979,1.4031910133926961,0.3413141436726649,2.576017157986921,0.06917585976138263,2.399973078737744,1.9478052818639098,1.6822418551099476,0.24203903052189377,1.2842855406648785,0.8567428973274485,1.94780528186391,1.6957778585402787,7.1314220113898,0.28153477231970975,1.5084580856799272,0.42432205657768096,1.6957778585402787,1.437380793465419
HD44219,95.06222,-10.72478,65,64,6352.723530900199,1.789911,13.77588523093187,438.11886420001395,0.539299468596394,14.385735274769182,7.477250204557251e-07,13.05428146793851,8.86058363090836,1.0006652801291964,0.33822865401830016,8.088018099315363,0.032114935250807664,8.86058363090836,7.2080254014036305,1.0005391981636091,0.3607628872200658,8.091143523882407,0.011678055713736257,7.208025401403631,5.762982476956723
HD44420,95.43159,-0.539775,22,22,3374.8358614002354,0.8663925,1.260784421809162,1.0026548208206525,0.6556215632110405,1.5338744328822504,0.2053527487531931,1.2377850832742099,0.726378899164097,1.1712080032622711,0.6000664386997675,0.8900773160872726,0.5865488074754572,0.7263788991640969,0.4593641989957431,1.3964067615856648,0.5671129119000836,0.554339831260842,0.8349301785407903,0.45936419899574304,0.3022347947756127
HD44447,93.77655,-71.70292,40,33,3675.993543600198,0.8760550000000001,1.5946368878031352,1.8638105478883513,0.4673297070227262,1.430919200669869,0.32774366544158395,1.4027524391774744,1.023788556825264,1.5331332291780437,0.5399742833629245,1.264049733026718,0.04627444914013601,1.023788556825264,0.6943865918638252,4.090800738482301,0.49762496000214834,0.7852687831278949,0.1562405689455003,0.6943865918638251,0.49217024396967823
HD4457,11.428945,-67.87538,76,68,5710.240477500018,1.7021055,371.9028317946554,5710.240477500018,0.9109717866842104,905.5539299155461,0.0,366.7479966360003,109.42878545749385,3568.9002984375115,0.9115903687424473,301.18076104153783,0.0,109.42878545749383,32.53728928922304,2039.3715991071497,0.586119492937718,51.45767515206069,4.876830606015403e-09,32.53728928922305,20.93239179423231
HD44573,95.38683,-22.21465,27,27,2353.7059149001725,0.9447380000000001,8.390391925336342,1.1379905791713836,0.6700893771896105,8.992977971003919,0.006786514320440307,8.11062590101964,4.6585688671141074,1.1582058433718003,0.6384788798875257,5.68708434732094,0.01931423104154628,4.6585688671141074,2.8010402974834254,2.0884701995564976,0.46052959398887333,3.1703070753489593,0.8573035742997546,2.801040297483425,2.057326260262579
HD44594,95.0289,-48.740735,44,25,3351.8845655997284,0.658516,2.9748638313708975,1.0524961740822454,0.5743360238325482,2.7571205466592077,0.34750483779022423,2.469501041484245,1.611174806550193,3.258052649299891,0.501016264074974,1.8230483529339852,0.8962426316750598,1.611174806550193,1.13811424055881,1.0960318375514115,0.5787951784928191,1.345700718947802,0.31767902655240365,1.13811424055881,0.7386394928751975
HD44627,94.8035365,-58.05553,30,28,4891.84607148217,2.514208,153.11613582764426,5.4847472491110745,0.54062282434838,206.6288004195614,0.47129168736637705,142.57467103539392,96.6333609685265,1.2016325402805619,0.565308886036111,154.97393539931582,0.28655888184935474,96.63336096852652,63.711446591092866,6.482700863347691,0.5476282413665557,76.24298367183934,0.41378830848377635,63.71144659109287,42.85141902372667
HD44665,95.195502,-44.78951,39,39,1825.9754597996362,0.894928,1.468289574565191,9.166543472889737,0.46731144133818414,1.4758172261757054,0.04003583809419253,1.2819683093213379,0.9356511891129047,1.4946185313903866,0.3722146089534005,0.8744256242489209,0.4867406598365581,0.9356511891129047,0.7413436576677338,3.307926557608036,0.29851030543467383,0.5555280564980575,0.9878061125010009,0.7413436576677337,0.6209122441936197
HD44804,95.48771,-40.881075,33,31,976.1590587003157,1.826633,14.029762932192888,14.085989303034848,0.5387697342305486,14.004238154315237,0.02791339833184081,13.030819583030606,8.849742428548463,4.675091277300361,0.49209457964925774,10.472237617799829,0.09879788926068345,8.849742428548462,6.306988724925901,6.797765032732,0.7387960071029236,8.539061887720067,1.3130273244676971e-05,6.306988724925901,3.22338336537691
HD45021,94.807482,-68.83254,27,26,1961.692885086406,1.081664,3045.7588085944135,31.640207823974315,0.9372564761549553,4094.7790050069134,4.6429082800614196e-10,2663.690791259256,667.2187809837319,1.0819551514458152,0.9184033625808727,1039.6703310611274,7.32743621334464e-09,667.2187809837319,190.59187960216343,8.139804502433227,0.6946716390167881,254.31183081665364,0.007599576725636492,190.59187960216343,105.31445054482968
HD45081,94.617465,-72.04388,22,21,4019.993963640183,2.979233,245.91406576601244,1.598216500473178,0.6659105542456027,251.92915973569623,0.4640940110002306,171.88678971619444,99.35137418096316,4.188366288435284,0.7129438555177106,174.17653419203586,0.16913670489557342,99.35137418096316,53.23010246417922,1.9143740004953498,0.5644927300311259,93.20037754799135,0.9945064021006937,53.23010246417922,35.12812800827665
HD45184,96.183471,-28.78059,355,209,6532.037601399701,0.6573406272983242,4.6665904761498815,5.885248762410758,0.3918521958778041,4.23310439098914,0.0,4.780669471202725,3.728149245095356,2041.2617504374064,0.29695550623543393,3.310049781510887,1.4501733147653795e-12,3.728149245095356,3.1259692047611582,13.13764602051428,0.27279919854111906,2.3149946837067428,5.075606601678828e-11,3.1259692047611582,2.6657036688957394
HD45289,96.100652,-42.84527,112,63,4868.733380870428,0.593323,1.4901209665102968,2318.444467081156,0.28885205103407535,1.5918752474524478,0.2195162371610514,1.3000655304028674,1.0963399114856556,1.192148232338498,0.3084107800347082,0.9587836350021133,0.10451454258931281,1.0963399114856556,0.9117364804653303,1.5033450814766953,0.2183698446035827,0.630883222530545,0.978544729954071,0.9117364804653303,0.8060648536139333
HD45346,96.181316,-43.406095,40,39,2845.107513200026,0.93325,3.314930773327452,11.929171963102826,0.670447467472541,3.7422234378849257,1.814095026830831e-05,3.315624133381187,1.9033892790015505,1.2971811941822935,0.44942635051131247,1.7341535398091177,0.10563284810995999,1.9033892790015505,1.4123272216141511,38.13817041823089,0.5674545805066108,2.055748137388172,0.0018453687977125766,1.4123272216141511,0.9288619838633358
HD45364,96.410445,-31.481025,123,114,5030.196350499988,0.888376,13.96118062721083,342.19022792516927,0.7915441303837049,19.155919671481968,0.0,11.48167061714957,5.2421826408185055,227.61069459275967,0.8052585022204236,6.495950354464717,0.0,5.242182640818506,2.3133502996609083,1.0027702391204651,0.4140953871222628,2.17516516534174,1.117242853787559e-09,2.313350299660908,1.7707402514172357
HD457,2.248922,-39.7374,103,96,6578.995408500079,1.831957,15.676732174793512,3462.6291623684624,0.27966685537298086,3.587378587288896,0.0021646440611239326,3.4472547186118354,2.925769268800024,5.188073029335286,0.24675011390731252,2.0632136838627444,0.016414465072832507,2.925769268800024,2.5392742653258917,1.0010948915822266,0.2034875241037224,1.5253218842950749,0.18946962109666687,2.5392742653258913,2.266240009468913
HD47186,99.03854,-27.62349,171,147,5029.183664800134,0.874356,8.909718585657114,4.084450308454589,0.7215830415343375,8.651142505860756,0.0,6.903130192608022,3.6424525806533032,2793.990924888964,0.7081587452115355,4.605697293954988,0.0,3.6424525806533032,1.9677378911842256,1359.2388283243608,0.22924730240680652,1.624325632455776,4.702864755823377e-05,1.9677378911842254,1.7275267273869606
HD48115,99.505099,-59.77371,61,58,6151.147870700341,2.2279295,6.708460175820891,1366.9217490445203,0.4268975723117393,5.72312104135821,0.002407207872295758,6.121736106226284,4.634370257898679,17.400701190099976,0.2949879914550581,3.5221223456025728,0.44210999442054666,4.634370257898679,3.8912486725482545,16.2814925111179,0.2602152220884889,2.7496173982197707,0.8763739022409928,3.891248672548254,3.346891865310344
HD48265,100.00768,-48.54284,76,72,5107.047097799834,1.137291,19.601165126076914,785.6995535076668,0.556202536374438,27.107758321538086,7.740744711881575e-09,18.925216418493612,12.607624412210452,5107.047097799834,0.6531952795742471,36.09533004421471,2.2675195054944197e-12,12.607624412210452,7.424646184511425,395.8951238604522,0.6530976240972143,10.800237122429563,2.2675195054944197e-12,7.424646184511425,4.372999217970379
HD49035,100.59848,-61.22527,39,39,6407.320679499768,1.64267,12.116980152700881,1.0503287837483024,0.6244181217996172,13.286986815102143,0.00037714128599319885,10.930290378047458,6.6985995257410655,2.3318850964442146,0.4484741721962813,6.496969007404438,0.2281474386229727,6.698599525741064,4.9747005300509075,2.750985650895096,0.4559859500400808,4.7719607894625895,0.1854420453329595,4.9747005300509075,3.66920519775521
HD49050,101.43426,-21.06128,29,29,5330.201364200097,1.701209,917.8142476345331,4441.834470166747,0.9133345916015867,4396.684908183279,9.567142633670755e-10,316.1772921793397,93.07939883664726,987.0743267037216,0.7505918779484103,136.72160068099325,0.0003086896723105692,93.0793988366473,46.484575128519396,463.4957708000082,0.6463861300379254,59.69352603671101,0.020165004643490025,46.484575128519374,27.642257699920172
HD49091,101.490128,-20.77437,27,27,5366.314187599812,1.465967,2837.057450690047,909.5447775592903,0.8024351149161765,3654.895970894795,9.602415196263703e-05,2325.2925790057243,1033.5523616937353,506.25605543394465,0.7338216542429273,1883.0894193131976,0.0025464813700074584,1033.552361693735,533.2352419097664,323.27193901203697,0.559588030575881,1044.3681683094323,0.4772959058696029,533.2352419097664,353.8737932199204
HD49105,101.5202685,-20.605975,38,38,4325.183433200233,1.806091,21.021827243419445,1.0037557282896796,0.5649497918319771,23.04435308797986,0.0046857192615651355,19.40734413658365,12.800761246801887,5.306322455159159,0.5973958702123162,15.194186110560848,0.0013064796855765115,12.800761246801889,8.122223019177705,1.0746598338261808,0.5228355040751541,10.211415685253982,0.021342466961126405,8.122223019177703,5.61059565607817
HD4915,12.797415,-5.03945,251,95,6624.878394166008,0.7627761936161567,4.301598760817399,1035.137249088438,0.32781750683425803,6.304844559976991,0.0001142894834992303,3.947470729493908,3.236402418119176,20.303029096432738,0.26691233095935035,2.574494055060583,0.0056479937298247185,3.2364024181191753,2.7710251930368264,1.1163706577298083,0.28557733080776965,2.1217990416220434,0.0017729936527541845,2.771025193036827,2.342168239578284
HD49798,102.0227,-44.31614,32,20,4773.828599400353,3.9836643088567834,11924.230980836648,1.0435282312283551,0.7200731511521795,29059.802249783115,0.2883099035419975,8531.279985698273,4513.7393139271635,6.989500145534929,0.6930045951994922,7707.779975137809,0.4932119250104372,4513.7393139271635,2500.9350361804595,1.9215990819950715,0.6573645249698447,4316.541955572142,0.7875659978917835,2500.935036180459,1463.9241446348576
HD49933A,102.70866,-0.54226,1233,26,2589.8309190561995,1.044539476695304,52.07245813676777,1.130979920108389,0.7609875132699019,106.7865085496848,0.00037639450964321863,76.45558268156664,37.37829588073325,4.0046867466463585,0.7509236316051109,47.250122985365465,0.0005924171883094909,37.378295880733255,18.654592219797518,8.629893099154282,0.5544707046049292,21.565871024324995,0.2991355439980061,18.654592219797518,12.451563651166646
HD50169,102.99708,-1.64476,23,20,1535.850819699932,1.7497194999999999,809.4580722370837,102.39005464666207,0.9803229597639271,1146.874929460798,3.442024443245373e-11,628.0372863589306,88.09785111939341,1.0674526130802968,0.8491354998313146,126.34794351594434,0.0004117739644956542,88.09785111939343,34.21833267216758,4.772687444685926,0.6588177490922023,41.679825082039144,0.24559606277616242,34.21833267216758,19.98720464906483
HD50445,102.926305,-36.229965,36,16,1398.14319714671,3.919284457906131,1172.4474422174185,367.9324203017657,0.9371653616424811,2373.6773046800804,8.598121020020333e-05,755.9268650185992,189.48696510414337,6.867108040995627,0.7025783849698912,297.4440713992369,0.6199359296727469,189.48696510414337,103.33932103283732,1.4867537187863777,0.6944756694049167,132.90848877537798,0.679151643859494,103.33932103283732,57.120040193357774
HD50499,103.0080305,-33.91539,49,36,2354.755744899623,1.0266505000000001,3.468691143091525,1023.8068456085315,0.6578538062264537,23.376565685451713,0.00014190635867650236,2.8511743836909904,1.6677449604184174,9.392723354206707,0.4575655600290269,1.6571032568487438,0.16434164608248236,1.6677449604184176,1.2282966428647881,3.066487491730202,0.3566312870961599,0.9980520096164838,0.920337732088965,1.2282966428647883,0.9852200318798406
HD50590,103.2521665,-23.10632,22,22,3074.6909914002754,0.9703930000000001,2.8619018217870207,1.082942727317651,0.7412377397455687,3.4638546135882993,0.015859521250589204,2.787649789291393,1.4180406500467784,8.832780785407284,0.6524634270414361,1.7827688734339961,0.20334686406902158,1.4180406500467784,0.8359666225125755,1.41900082674925,0.5561325732796275,0.917463937962397,0.8720648629395248,0.8359666225125754,0.556949188608196
HD50652,103.10703,-37.85069,29,29,3375.017104399856,1.071762,8.474594915878294,1298.0835016922529,0.8450999975854022,11.72814224748167,6.438164481537001e-07,8.201465165796233,3.2278783346842332,21.107048808004116,0.6546664440773208,6.508875021755901,0.00965840217613434,3.2278783346842337,1.8968655415807352,1.4149235334758137,0.5560580107786295,2.2579641769967176,0.1794085879407855,1.8968655415807352,1.2638620076770428
HD51754,104.6637,-0.48131,55,53,3686.924460500013,1.235257,1.8064709333950206,1.029579575677189,0.33101394588114114,1.6260972160818434,0.17688419350460038,1.8409578320984559,1.505748270774229,1.1826921346314283,0.34060089031068214,1.2768603982585822,0.12774558268028624,1.505748270774229,1.2227186916361223,2.0909229629104598,0.30535746420775145,1.0474503304056524,0.3870487960420421,1.2227186916361226,1.0190775586125627
HD52265,105.074195,-5.36617,130,56,6435.212043700274,0.905978719857549,30.584563391194408,119.170593401857,0.960090173810237,39.08033762868988,0.0,29.895218239820245,5.972300431107095,59.420240477380226,0.6341368744377064,8.719540098283387,4.711070200613676e-08,5.972300431107095,3.6124426949655684,1.0224684679685214,0.4754367807062356,4.064333255813211,0.0004605103245478581,3.6124426949655684,2.616374359788868
HD53116,105.95033,-1.09983,22,17,1534.7541174269281,5.618693,1505.7754932234373,8.081906884817949,0.8624771510036289,1723.064856660897,0.0038400984064795862,837.4718658640555,310.56868030809477,1.261614564263813,0.5272408502144879,367.56040536423154,0.9999926349966678,310.56868030809477,213.5392082311799,1.9182028714247323,0.6036607042584266,419.037058124372,0.9764163826950895,213.5392082311799,134.43464187872763
HD5388,13.80094,-47.40585,89,79,5730.15889529977,2.65893,25.51697333734631,774.3457966621306,0.8670339260376813,34.18460377928685,0.0,25.242189908042775,9.204441728822546,397.9277010624838,0.5805853493079046,12.300488069015218,6.233369376218434e-11,9.204441728822548,5.9610017740519625,275.4884084278734,0.359138612964461,5.8543145848147224,0.00040576089818566974,5.9610017740519625,4.772009546165637
HD54351,107.2682815,15.41857,34,33,4449.80879099993,0.894108,3.665447891484178,1.0141089794662446,0.6888570929177863,3.151013948212106,0.00035449048532731897,2.794404186245233,1.5587238325948507,1.5029583514033622,0.4639566348851103,1.5932835742158253,0.5130415456262127,1.5587238325948507,1.1412193799145414,5.6765005625716745,0.47709918411539665,1.309310490344582,0.3984954223095303,1.1412193799145411,0.8252372019333528
HD54810,107.561,-4.23816,47,15,5072.007821257692,1.485785,8.95752766803751,1.7989032882630591,0.9212834568345636,14.552398326068035,0.01520899867142178,5.192571675410837,1.4568522435299776,1.0119526388654845,0.8594622057142033,8.453299083415676,0.24271596918631266,1.456852243529978,0.5461501701641575,2.136301836937787,0.6725841395998523,1.8362776329534383,0.9999999950138118,0.5461501701641575,0.3125085688404772
HD55693,108.261241,-24.22602,49,46,5642.7441091001965,0.7466895,3.4533959819631765,2257.0976436400783,0.5537976165615753,4.536013512124304,0.00036875131350067036,3.1345902301356294,2.093855555255169,1.5973797902619096,0.3633035862500276,2.1814309654872455,0.4169991102803413,2.0938555552551685,1.6707555804793268,3.811634767022558,0.34617399023382933,1.5242422546553953,0.605393729104169,1.6707555804793268,1.3509647488545085
HD56380,108.504527,-51.46881,98,86,6559.030106800143,1.7888995,146.84652624320714,3279.5150534000713,0.7780602577365772,208.7163093592282,0.0,135.84465930030385,63.99707244642395,1639.7575267000357,0.673157789009605,79.85984140621608,0.0,63.99707244642395,36.58720025450498,3123.34766990483,0.2607283722490499,31.654261152985057,0.031364232782332246,36.587200254504985,31.458006431043035
HD564,2.47112,-50.26815,106,106,5894.877032000106,2.0434900000000003,7.750137687090737,487.1799200000087,0.8375775792812632,8.955911228583878,0.0,7.178269079283188,2.892961961953521,2.2523601681186403,0.2107564699402044,2.0278171967855347,0.03726770933580237,2.892961961953521,2.570089448096222,2.6000692625265107,0.21666854921294673,1.7246060925472686,0.025645900195360505,2.5700894480962218,2.274683725848149
HD56537,109.52324549807,16.54038599479,40,18,1823.9819824397564,4.586713544844813,3508.1576790317463,379.99624634161563,0.9916544227367592,7178.484845208894,5.059508367821763e-12,2948.0570512419145,269.31719025587614,1.7145910720433868,0.8592012568475713,346.94573281981656,0.0019976545230938614,269.31719025587614,101.05631638826385,3.943744826896767,0.5849223862263555,164.74702901951085,0.9792192951145438,101.05631638826387,65.10706521009338
HD5737,14.6514970954,-29.3574513094,105,30,1535.9881587713026,4.110823811270573,228.28250800426008,1.0738172250917948,0.6656771655397549,305.8790299465614,0.001000049510554879,222.4694118256208,128.63327493526884,2.9715383222505385,0.5762805429647325,135.50858699263893,0.021546716286391154,128.63327493526884,83.7322054228642,9.865049189282615,0.49537351940943974,97.25892600129934,0.19039831710930633,83.7322054228642,59.48090238392774
HD58489,111.01876,-40.045685,29,28,6551.069293399807,1.2558295,5.303030991660326,19.508842446098285,0.7357623149814619,6.4299077491510594,0.001475232601922949,4.870864804274969,2.503822013382619,1.841325901793188,0.7154559372482642,3.234185594272737,0.003453107305547709,2.503822013382619,1.3356055573398533,1.1036353869505557,0.6028910795879918,1.4941866028537172,0.14772676500095405,1.3356055573398535,0.8416529284964078
HD59711A,112.6669135,-15.994865,69,68,5143.9332656003535,0.7636959999999999,2.0786449901107336,1.0230982269780726,0.38514397051558225,2.1939175958988684,0.0011410993680414094,2.026835310686674,1.5892974256961618,1.0911340529029452,0.25274544622863604,1.1856038050689899,0.41226808108655877,1.5892974256961618,1.3738504649773364,1.3956083524880227,0.19965880174845005,0.8425390750131309,0.9901397684844782,1.3738504649773364,1.2290712265090353
HD5976,15.2192645,-24.42406,82,74,218.6379261999391,1.6335285,4.489991439948157,3.363660403075988,0.5021450289345788,4.243267475723474,5.448262618834576e-09,4.268966204113582,3.0121329757821633,10.264691370889166,0.5777109212485381,3.2071520826228483,1.712829877931199e-11,3.0121329757821633,1.9573976633898291,22.53999239174631,0.2588026814587311,1.4129634756416607,0.00608170536247743,1.957397663389829,1.6851787935745397
HD60435,112.74022,-57.991505,60,28,1535.8343542814255,4.392731009165174,498.9816789914369,3.8395858857035625,0.8071249153922231,691.4659148328604,4.067845604360798e-06,520.3885131240148,228.5418645826332,7.683013278046147,0.5418261524847083,263.6307662353299,0.1230902193094141,228.5418645826332,154.69665189163723,2.5597239238023746,0.8637774328368297,196.16143377656536,6.266725449677324e-08,154.69665189163723,57.09596854047467
HD60584,113.58185,-23.47447,45,17,1820.9391331747174,3.4149093154738708,30.078772658815083,1.0084394601399544,0.8054742923637885,57.50299917584336,0.04255919770081873,29.01649540249752,12.797745193216755,7.046978069561593,0.7105622416815943,15.42708593035787,0.43771027879866675,12.797745193216754,6.885112676216658,1.3317773225881049,0.6409602333451755,9.462181940941576,0.9034319572364939,6.885112676216657,4.125554498672264
HD61005,113.947607,-32.20358,46,25,3273.9989094496705,1.5003302884368097,49.977571018413876,1.6501178919659638,0.7469752274881534,70.00745483274797,0.0035139795504393057,50.559302654937675,25.4321219255288,1.2905510305686738,0.6130740424718649,36.63326705398327,0.21820741262645205,25.4321219255288,15.819637589255537,1.0891908943909208,0.7060560375900679,20.740114260401874,0.015637283046979644,15.819637589255535,8.576869497212847
HD61051,113.9850215,-32.841475,67,67,6536.106561700348,1.570666,4.5131814949830344,1.0091256077968738,0.2528500143591242,2.9822778144133126,0.5406269339019285,3.6724894883038037,3.1744205182853116,17.33715268355531,0.25936684450313846,2.183900418473153,0.44726898344821997,3.1744205182853116,2.7319077651826564,10.819577158914669,0.2361981100181764,1.8238184226026006,0.7857597437399175,2.7319077651826564,2.387571559180169
HD6107,15.327027,-60.86118,30,20,730.9125611130148,0.7072240000000001,2.87886439810916,1.0342614420730363,0.779410296452857,3.502908632423976,0.004083741012329667,2.586562137906272,1.2148300732225317,1.5110865435456167,0.6584979188339565,1.5507092822558008,0.12631576135084865,1.2148300732225317,0.7099245778272162,5.3003086375127975,0.5428145776895325,0.9215224897532353,0.7520419320848741,0.7099245778272162,0.48001896800874433
HD61383,114.715122,-5.46551,66,65,6578.026292399969,1.8548240000000003,201.9802092643588,6578.026292399968,0.9021694097941393,372.08620511164787,0.0,171.50476463526238,53.64305789747382,4111.26643274998,0.8338906614335008,151.69390422490233,0.0,53.64305789747382,21.86304008765715,2740.8442884999863,0.5717581614668961,31.009894635399323,5.870830055432208e-08,21.863040087657147,14.30721483632015
HD61902,114.72365,-51.08541,51,32,4120.819692977704,1.2253328509743895,2.5792017941193333,8.792019827133988,0.4711790167039136,2.5785318727964697,0.4236817651418293,2.5375529658448013,1.8453105115559618,1.4483918642500089,0.40225795970782474,1.9048980657840957,0.9532803888989186,1.8453105115559618,1.4266792881533479,1.188652270963915,0.49488665960841804,1.3327009676391386,0.2517050358400613,1.4266792881533479,1.0139598903361444
HD61986,115.228028,-26.36415,161,92,4889.708587149624,0.8403446332905022,2.232642332231549,1.0135791607208708,0.3403028636212553,1.70020971347668,6.77124827221931e-05,2.1236889217098174,1.7248971354906306,1.0420707514757424,0.1830329075090018,1.1780480300611833,0.5236123453786241,1.7248971354906306,1.5590695257008267,3.637364120471342,0.14707344327331956,0.8679935569792874,0.99202386891493,1.5590695257008267,1.4398634285713139
HD6204,15.738922,-9.860765,44,39,4842.677729499992,1.210485,15.558491796997027,1.3030210492398746,0.5206745721355803,15.492952691424383,0.0178566911303516,15.240052275903107,10.551196010490289,6.913173061384717,0.49776376236870745,11.514724030918137,0.03906635511715706,10.551196010490287,7.477487806841248,9.876968650826013,0.4372962422679992,7.7281759657770985,0.24063256333647987,7.477487806841248,5.609131493939253
HD62128,115.507746,-11.85191,42,38,6293.9138881997205,1.4324870292047138,241.05540865712715,3146.956944099859,0.8522861870818343,56.2516258672549,1.2436007779115243e-10,31.37805115141421,12.059700462479483,4195.942592133146,0.5774323614828928,91.28407240939727,0.004219112068098774,12.059700462479482,7.839432737236026,1210.3680554230225,0.6559740779576864,13.094273770364545,0.00014209351020288974,7.839432737236029,4.598119161575974
HD62364,113.9050945,-75.541955,90,60,6520.166034900118,2.5281694999999997,55.89088350834701,5015.512334538553,0.841791690271795,75.0020053165778,0.0,49.45953404357916,19.672731558442724,2608.066413960047,0.6234497545658968,33.88395473574049,1.4103294310174874e-08,19.672731558442724,12.071914014345191,455.9556667762321,0.46148804709661195,10.850765982698169,0.0002642422874751249,12.071914014345191,8.858777768492345
HD63454,114.84184,-78.27734,45,41,2919.0975791998208,1.746466,47.995718846967385,2.8182058111602832,0.9742591911804257,68.33136048741834,0.0,48.52023047780012,7.784557839935984,13.589839754189114,0.4591368265072856,8.417768789263329,0.033106610673992565,7.784557839935984,5.725028537554314,1.5998561762577121,0.44150582356353013,5.234933591643271,0.05912458407919663,5.725028537554314,4.278455116811751
HD6348,16.112171,-2.3667,21,20,3327.9058409999125,1.0853505,1.7252126347260273,5.404199157193755,0.6812099919815614,1.956547498207278,0.2987532937819327,1.6109796064934476,0.9095831218621109,1.857193951113295,0.6901259248075303,1.110850974880664,0.2463593097200748,0.909583121862111,0.506331579529137,1.2849057301157967,0.6068921969418923,0.7199220800035621,0.8501062163739925,0.5063315795291371,0.3174613415066288
HD63487,117.024219,-27.51943,33,33,2641.8823444000445,1.153411,12.516328030851305,1.0154446494215492,0.6399538416490408,19.020515532512306,0.001623295003984171,12.08028085483945,7.248633168657888,1.4330796552210712,0.44034762535558386,7.019108280531362,0.5420567843213291,7.248633168657888,5.422696488588222,25.9772108593908,0.4432107502478754,7.445438419638616,0.5165886189647624,5.4226964885882225,4.046324588988153
HD63608,116.569071,-59.81078,44,20,1069.2210924234241,0.994980224501536,16.083325832490207,1.2114447002304838,0.7709621250400842,26.550257865140715,0.01676083138892326,15.157333085087597,7.25398156430412,1.0992300734280096,0.7334457051468645,11.443208933878033,0.05136367783332185,7.253981564304121,3.745150631833451,2.5970879096998414,0.763963721434406,4.415993835711734,0.020960698633244457,3.7451506318334498,1.8195276903367401
HD63765,116.95833,-54.26645,130,81,5602.872719999868,0.89437,13.184392889198286,359.1585076922992,0.8437459030443201,19.67372547392369,0.0,12.54178409144377,4.95764045105146,5602.872719999868,0.3950265322670157,19.44381240758442,2.8464390982585464e-05,4.95764045105146,3.856054743389635,1.0388001928210968,0.31832382951726684,3.306240585605726,0.0026528901831848195,3.856054743389635,3.1837008040562673
HD63847,117.49618086641,-23.79825138276,46,17,1951.7484959480353,3.907464298913921,1394.4449964478317,1.246804967387273,0.8336388962922765,1961.7221369820427,0.016725211400800855,1153.4052605084712,470.44388148411934,2.010039645672541,0.6746047320927463,602.9274354789138,0.7332191681563969,470.44388148411934,268.35731685508904,1.193802982413626,0.5560622115200564,457.53184287385164,0.9999534306550284,268.35731685508904,178.80287519254938
HD6434,16.166147,-39.49125,59,19,1390.1144176316448,0.8626598838965346,22.824753227764223,21.995481291639937,0.9731058032651471,31.29492414939087,2.3182512576269687e-09,22.172489010645382,3.6361662964153116,7.78339539547393,0.6847704594115918,4.477046710940252,0.214357305768486,3.636166296415312,2.0415367001897526,2.0992365110716458,0.6077825728588686,3.5284432895884508,0.7114068958668429,2.041536700189753,1.278558591054295
HD65114,118.69918,-49.83649,23,20,753.9666472999379,1.734908,10.529390380226136,1.1102439218081839,0.6809307227330144,8.509053991803995,0.07769553391035022,7.674256961632112,4.334897482794518,2.4019326132524297,0.546047072619296,5.304619048908871,0.743079460712313,4.334897482794519,2.920681781932438,3.495441109410931,0.5220936463754335,3.1872945494791334,0.8714579073255042,2.920681781932438,2.0190898420756995
HD65562,119.71728,-13.31508,28,27,3385.838739800267,0.938277,2.0527531261670497,520.8982676615792,0.5581724694104655,3.9006888629981313,0.24558376704255125,1.949406176226068,1.295772397788203,90.04890265426235,0.5880144796744535,1.840229605337413,0.11846524005732961,1.295772397788203,0.8317057438046557,4.512646594429247,0.5604278317764078,1.005396465385574,0.2333335583623134,0.8317057438046557,0.5514228953540199
HD6569,16.60844,-14.29743,28,23,4288.103541729506,1.8672830000000002,30.490254585184648,7.222677348373761,0.7629467967199239,46.67496793386091,0.010082724292778567,28.287704465813864,13.772748601957247,3.1855757683155055,0.6649946900074689,20.70989600479602,0.2037526946667978,13.772748601957248,7.971617754377799,2.3559713981262034,0.6235770474987994,10.50148894956004,0.47824185933233265,7.971617754377799,4.890851922882221
HD66040,119.808063,-52.15275,59,57,6550.087698000018,1.518781,11.127846890108021,3447.414577894746,0.4693941209853245,15.338841636185068,0.00045724524133150535,10.845223360384121,7.89995340273097,1336.7525914285748,0.3430693331001969,7.485097401343564,0.11125683106878093,7.89995340273097,6.403011734027096,1.0453713329503043,0.348496119824358,5.845925887062638,0.09068610545724343,6.403011734027095,5.168241523328207
HD66221,120.52161,-12.80463,27,27,3628.05816720007,0.932642,2.403314226507026,1.0115309803440677,0.6474204981359213,4.9499007532212635,0.02229046936445045,2.563188262988951,1.521980316080969,1.0535960990852526,0.4966781029306528,1.566136306607753,0.7411800535852846,1.521980316080969,1.0797717184963413,1.3964812036951761,0.35219604334159293,1.1094148948015878,0.9999999999811781,1.0797717184963416,0.869067974524322
HD66340,119.952105,-59.212395,32,32,3365.957424900029,1.4722570000000001,3.6914492914199446,34.62919161419783,0.4079364752727733,3.3308192554179032,0.8879848030395078,3.3241577659555253,2.5577952738209255,54.553604941653624,0.41675765378007956,2.6147788521205775,0.830360637646782,2.557795273820926,1.9533960479328818,1.565270379882826,0.6029661988247845,2.6148559034465606,0.008105714882777004,1.9533960479328818,1.2308469265623088
HD66428,120.8694385,-1.16301,28,25,4095.8295192001387,0.877119,36.05789241924964,356.15908862609894,0.9561707251274917,23.2731663603951,2.2276069877591453e-11,13.048991888004334,2.7318641812417055,952.5184928372414,0.6024527584452444,15.623784115991,0.2247596633233514,2.731864181241705,1.7224771768390472,27.396852971238378,0.6535541431944721,2.274087239533262,0.05826878799070245,1.722477176839047,1.0138440624910547
HD66653,120.614022,-46.33643,25,24,3164.232069400139,0.9517145,13.595282927535782,45.39787760975813,0.7953283459129028,16.130944338781358,0.0009015275861847805,10.280949944150118,4.651168726887028,1.0585548204871345,0.5961456257255169,8.067859518125367,0.43702232826469356,4.651168726887028,2.9557962234613875,1.393137000572422,0.7813650604647552,3.7200918700207013,0.0016869261975968053,2.955796223461388,1.3820834713613133
HD67,1.37101,-61.22623,26,22,1736.257649499923,2.0629245,12.181954693158687,46.42400132352734,0.6414905235792728,20.42788762996426,0.15614626244941177,11.037299182626018,6.608655827369999,4.6610943610736175,0.7573532776566347,8.517373964608387,0.005046866430492236,6.608655827369999,3.255369944130407,1.4813221137274317,0.4948281986669795,3.60449417288817,0.9758125363177738,3.255369944130407,2.3137684757556176
HD6718,16.9543215,-8.23309,72,71,6479.184280500282,1.527832,18.58674696366599,2491.9939540385694,0.9794270129497603,28.101171600472934,0.0,18.079227171505035,2.59315536835454,3.2762865496057243,0.2485005268595262,1.946249724153029,0.40626882650393636,2.59315536835454,2.2479822536650658,20.134196023928773,0.2667354983755293,1.570733879172992,0.20687147759958047,2.2479822536650658,1.9249666456565226
HD67200,120.38488,-70.0248,110,40,5477.010576200206,0.7895822259849838,3.5095303134290967,1.7604173875675644,0.42808491466952703,1.463331003958526,0.26677101687378024,1.4633657033778027,1.1066713028717814,1.0475700660253249,0.33081136121112925,1.2352608936482667,0.9921728288476286,1.1066713028717814,0.9053008496776135,1.4194294760276283,0.34151159983199086,0.8325615286913128,0.974206636909328,0.9053008496776135,0.7346271799146594
HD6735,16.884562,-41.74665,33,26,3653.879912599921,0.8211465,5.601061722767326,1588.6434402608347,0.5967845120561428,6.45651124043724,0.15407023135436027,5.172926237804568,3.2847694165539347,17.12221139924985,0.6597746856911685,3.866575595975586,0.025495543665943754,3.2847694165539347,1.9159677755294744,1.5148127824716713,0.6177182559765583,2.685748612502498,0.08887825927620785,1.9159677755294744,1.1846225072387704
HD6790,16.9901725,-37.898525,30,29,3343.0024439999834,1.434461,4.902480447537292,12.902363736009201,0.7790945558848605,5.979188055454879,4.513086677182532e-05,4.52531121589114,2.126922480119288,1.245297986217167,0.6684383741317504,2.66882343927739,0.005881629119460663,2.126922480119288,1.2247114881304009,1.1022825257188025,0.4555102210480389,1.329076599254846,0.8966904419458822,1.2247114881304009,0.903709104271717
HD68168,122.953203,16.52058,34,34,1825.9422352998517,0.7058344999999999,1.8672294346021454,35.52416800194268,0.5105636289329162,2.4975009974073457,0.05615044943004455,1.691561212209697,1.1834116434209543,1.3113632830363786,0.44734042079892966,1.0448710089404494,0.2856957744463634,1.183411643420954,0.8797609660476191,1.0062505429845992,0.45405805501907714,1.6771369780349703,0.24555357389456378,0.879760966047619,0.6500367649794702
HD68284,122.9560645,4.27367,63,44,4091.766726499889,1.035333,2.5798444274030703,7.154689152823728,0.3932990617885499,2.0193744442223602,0.17036324221499044,2.1456721365667737,1.6712856906263602,1.238240800877558,0.3458287880675094,1.4242362794392833,0.5694517967274904,1.6712856906263605,1.3517500953808428,1.3423550706974248,0.3965456864354212,1.1571802073420934,0.15444522859866305,1.3517500953808428,1.0500708603453204
HD68607,122.79039,-46.29819,50,43,1209.7969563999213,0.9720590000000001,4.495512702937356,13.178616082787816,0.4938012640129777,4.980530530420106,0.002070758466083844,4.444596894251745,3.1622260108679288,1.1456410571968954,0.31796956653736336,2.756653237461884,0.5006314171133242,3.1622260108679288,2.6115285841287026,22.956298982920707,0.2928997742287972,2.460781020783126,0.754453118379991,2.6115285841287026,2.196014845291301
HD68978,123.39528,-31.73419,170,113,4524.79527330026,0.6904901556930391,4.920593119912675,1.0066957245867931,0.21827056475728315,2.8745299827129656,0.007566499932956883,4.475214030785747,3.956781270231038,16.965861542183195,0.20503587944846627,2.56003348037249,0.018628773587165415,3.956781270231038,3.5278962702128047,1052.277970534944,0.21536649785259637,2.7120757510472,0.009236143003943154,3.527896270212805,3.124994310705035
HD69611,124.371496,-3.99121,124,69,4906.706784594338,0.7567988156976602,1.6234944265027027,1.0127779855916315,0.26413951081083736,1.3555266212445671,0.23510806516742477,1.5630352089415498,1.3408077249731916,3.3589175688624975,0.20052609830491797,0.8643972766529959,0.9777899374054358,1.3408077249731916,1.1988604935288947,2.1402367550354775,0.20997874206128084,0.8291785606791943,0.925852493163505,1.1988604935288945,1.0655848510743473
HD69655,123.8561055,-52.061455,51,32,3464.6806433810852,0.6904795048485654,1.575084288355123,1.0132422774115593,0.5326748911891556,1.7703826786396613,0.07879532456720384,1.550513713443234,1.059949488714328,15.142834979812434,0.532982887899772,1.2923838197160797,0.07810042679465468,1.0599494887143277,0.7243551741462566,1.8513843343919447,0.5337886802040958,0.7507414339287761,0.07630793814943904,0.7243551741462566,0.4945873152933553
HD70642,125.3656035,-39.7052,49,48,6386.732467700262,0.938675,12.709223525937606,2060.236279903309,0.9648015902411982,22.659406629221646,0.0,10.221468428539207,1.9176741450866936,83.81538671522647,0.739578456619146,2.056955626223802,1.7468654300856201e-09,1.9176741450866936,0.9786181522051453,15.18481328506956,0.29264584829987716,0.8595420245201568,0.9761757545422194,0.9786181522051454,0.8230604258925454
HD70889,125.881995,-27.82219,22,17,1579.7450856999494,0.908786,9.101561570371814,1.9190295015791432,0.7071614654893699,9.15435546908951,0.4165734539007365,7.060620964444047,3.8208237991101295,3.2747617862768466,0.7283324304841047,4.798514809208667,0.28166501553351153,3.8208237991101295,1.9914798152052093,1.1312173904045475,0.7439950516662976,3.254170965710012,0.20138549172372489,1.9914798152052093,1.0076276789878056
HD71155,126.413887,-3.90777,276,23,3938.1235206555575,11.261613265666714,3211.327190121787,358.01122915050547,0.9843499300983973,7669.216552446288,4.3709480479492413e-13,4375.615339026413,547.3905264893152,146.39864389054128,0.7651529825376607,3334.4641307503657,0.00851894654957841,547.3905264893152,265.2710164362352,271.5947255624524,0.6116232155953749,1303.663035250727,0.5468755507513305,265.2710164362352,165.31658764892074
HD7134,17.8839535,-12.84195,24,23,3662.992156000342,0.9511080000000001,1.4570947491359147,1.0387930792355338,0.67376966942855,1.7792539583647957,0.08381525057259143,1.4690375007257395,0.8390639274625489,12.429562796064946,0.6410148524330059,1.189761902914448,0.19526566039787685,0.839063927462549,0.5027282505934765,2.0500291896129057,0.6958266893484775,0.6877392341166532,0.04401709483088012,0.5027282505934765,0.27726422913282595
HD71479,126.89734,-5.1488,32,28,3382.772386999801,0.747438,2.6485843127275577,469.82949819441706,0.8148845923729793,3.32777181025072,5.475763918960652e-06,2.2015505944167026,0.9472180262397939,1.2393377494045805,0.6324297844565839,1.0994284404900163,0.020359224756292704,0.9472180262397938,0.574275264988708,2.8319567911258288,0.4579060296380064,0.5433259643193195,0.8867957743946977,0.5742752649887081,0.42282182777630006
HD71685,127.070278,-14.58831,34,22,4003.807995799929,1.0311064094043267,2.335160625118228,3.5419391328732575,0.6271180847964878,1.9102820230047564,0.4275751939139615,1.7356123656900517,1.0598353377182759,6.140809809509095,0.5433806964872999,1.1265008682382769,0.9684357332020883,1.059835337718276,0.7161690186367814,1.3013319452010041,0.5402012386820088,0.8167012674867715,0.9747397707573346,0.7161690186367814,0.48562320189296343
HD71835,127.0506485,-36.722195,153,152,4898.699485199992,0.8436330000000001,3.1237513597698667,4898.699485199992,0.24524608863700248,2.7402375204452403,5.113014982627284e-06,2.896261799854185,2.516173026392878,1.0321091134567957,0.25684850260855774,1.7854065597016981,1.637452456959565e-06,2.516173026392878,2.1690980351973224,505.02056548453504,0.1742698336435752,1.4171408364516418,0.0037736953374609694,2.1690980351973224,1.971052792009602
HD7199,17.69636,-66.18917,129,127,5075.094607600011,0.868948,8.931988562786922,618.9139765365866,0.5988762059187215,9.363598089292351,0.0,8.311004716273404,5.263719536666638,2671.102425052637,0.6126402810894461,5.8280476816312135,0.0,5.263719536666638,3.276045836084035,597.0699538352953,0.20171497425398344,2.1866049388438165,0.005442558729468305,3.2760458360840348,2.9270420453983825
HD72579,127.7902945,-54.08847,24,24,2974.9868581001647,0.8047025000000001,1.4985800178718909,1.0311198038611413,0.6049127621180432,1.6747929219374276,0.240882175082763,1.393125811067885,0.8756626768259176,2.5701830307560827,0.5283673541066551,1.1481649926521162,0.8020778326220651,0.8756626768259176,0.6013658592243862,1.2918437005949737,0.6309544129573145,0.8744192980072315,0.13008479638700565,0.6013658592243862,0.36532448185817995
HD72659,128.514965,-1.568395,66,65,6312.791163499933,1.737498,22.857846661733443,3507.106201944408,0.8852150929472634,34.08170405788284,0.0,22.32185297879869,7.56262623256869,1803.654618142839,0.8022506929314486,10.420155749003628,0.0,7.56262623256869,3.3630252029547467,1.1098047121233319,0.3680726210853766,3.036776450081849,0.006587601431886747,3.3630252029547467,2.6733985490633363
HD72687,128.3141535,-29.95684,37,31,932.6650098999962,1.826998,37.07904802196455,1.3615547589780965,0.5168714439495049,37.24067749162081,0.049334199001055845,36.24407725485829,25.19233375390215,63.88116506164358,0.5438286599262316,33.03247744485473,0.023036256980668912,25.19233375390215,17.015017475019402,2.2593629115794482,0.4217187324499203,15.320500086526982,0.43623303284097126,17.015017475019402,12.939037203660401
HD72968,128.86979,-7.98181,72,19,1406.0590524831787,2.403102813596867,351.36296179860966,2.8262493517249805,0.7299334246819617,412.4404186808999,0.07365654932759225,307.33708825198147,159.7167230224746,5.6536351125178035,0.8173448753038175,245.06224172149382,0.004064730647273751,159.7167230224746,68.26000594538024,2.8251136276535616,0.8106800024139339,87.7221205137268,0.005314888371212967,68.26000594538024,29.700555143114283
HD73121,128.804039,-39.969955,39,27,3102.656995099969,0.6843362203968066,1.4986386827307183,1.0611364941003345,0.6601229526828867,1.9766778635382565,0.012561621051069949,1.3457277422498275,0.7845454785650966,2.4957022161357534,0.5212171337977503,0.7793475182748532,0.47819793203552385,0.7845454785650966,0.5428594770212208,3.1595285082484406,0.46202476776607604,0.5427425609139535,0.9167696174582174,0.5428594770212208,0.3981700272016629
HD73256,129.09674,-30.037345,34,25,2985.860613200348,0.9033310000000001,197.0167587193274,2.547880035156879,0.8905146785289176,267.47177463095744,2.4442870605323463e-07,197.46668187017744,65.33889380306492,2296.8158563079596,0.7710911730713813,140.69601213003915,0.0005639614951690186,65.33889380306492,31.261013027477226,2.5526721494403235,0.5610840145297861,37.38078392926283,0.40830076547816474,31.261013027477226,20.71065081928464
HD73267,129.074635,-34.4592,79,76,6340.770450600423,1.3640284999999999,48.472498356731435,1268.1540901200842,0.9527325309558138,71.58902121962872,0.0,35.37940292863807,7.691865359107571,417.1559506973962,0.5416097712310052,9.655256038592563,5.969335692412869e-09,7.691865359107571,5.207740667703879,1.0002635154202366,0.2607961043930939,4.703723860375169,0.12982474425802926,5.207740667703878,4.477457505959376
HD73583,129.688452,-13.25617,73,65,295.15023940009996,1.470846,10.480687360817639,6.161800405012528,0.317358296688063,8.720572791017647,0.002575241823319696,10.570137568412655,8.733273229748754,4.004752230666216,0.4418634334305451,8.655019274985149,5.547257877158707e-06,8.733273229748754,6.524500758759292,12.196290884301657,0.4034351270773219,5.803332752998548,4.2271245232261556e-05,6.524500758759292,5.039368590191186
HD7399,18.4635525,-20.5137,38,22,539.6224580998532,3.7414745000000003,244.01780742322845,490.56587099986655,0.9970961124293306,498.07520209926304,0.0,147.36073370346693,7.940935602976378,1.756583522460458,0.6839663461176313,10.044211303815347,0.01679578194433029,7.94093560297638,4.46414549201189,23.771914453738006,0.3760311790560688,4.6390679327416295,0.9995811244575147,4.464145492011889,3.5263042848029005
HD74014,130.3310305,-4.80851,26,25,3069.679891000036,0.6844270000000001,88.99503726170654,1805.694053529433,0.9127788823933913,59.272661698560704,2.309217739249192e-08,31.139101128881528,9.196379730051264,1.9943346485187337,0.6813262479779277,30.248201793119144,0.01853621943585293,9.196379730051264,5.191466337918651,1.9815892395584758,0.4912563706262411,5.790890748905216,0.9213759213964547,5.191466337918654,3.7028791155661196
HD7449,18.62259,-5.04661,133,105,4451.896576400381,0.988117,21.385518285861046,2343.1034612633593,0.6933130876405648,17.903296305523533,0.0,13.432531409376137,7.438844601727488,645.2024023768672,0.2933271431917406,6.409295824063028,0.00012862656633128022,7.438844601727488,6.253378146222453,274.80843064199905,0.2888958143194697,5.360323967365612,0.00017581732001181738,6.253378146222453,5.273285791814934
HD74521,131.18764878532,10.08166869048,155,26,1406.246467671357,2.2723346526678614,378.1714342808615,3.5253107738063636,0.7062461705057425,431.385511256231,0.0019730067326191314,370.9418715544606,201.0470140492143,7.048854474543149,0.9193275984752429,276.86250903395364,1.323420484311555e-09,201.0470140492143,57.10315711241643,2.193490044722131,0.46919205472810466,69.40803393699682,0.7342283286634401,57.10315711241643,41.60340030245639
HD74591,131.255125,5.67876,40,18,1794.0086875190027,4.430096366382191,1933.796916240404,366.1242219426533,0.9385087282075509,3366.473019405194,5.96037143030248e-06,1261.4319482266762,312.8027509874034,1.6834087337139918,0.5908438412675954,434.1750689288485,0.968103309048462,312.8027509874034,200.08526658446505,1.0238606822959715,0.7674064420872072,453.10481459510294,0.0639015977928904,200.08526658446505,96.49703101540862
HD74698,130.075833,-71.876035,136,132,6520.163873299956,1.773882,8.308808627943764,15.016499017273038,0.41855871829524616,7.032203496016931,7.237654919833858e-12,7.254176260972573,5.531476036587757,1003.102134353839,0.22252040537184956,3.738514270233204,0.0007460657158265827,5.531476036587757,4.877368117761163,1.0860242639205746,0.19052627933342026,3.2056359274888604,0.009615380641576743,4.877368117761163,4.388205042036018
HD74957,131.102503,-57.76973,49,47,6489.1161330998875,1.911178,13.693175443054729,6489.1161330998875,0.5828085917358334,9.340354033527918,6.904703198717943e-05,5.973154371735645,3.858081670560369,1.9165680586862448,0.36407540613312916,3.8515523975076826,0.3828675369639031,3.8580816705603693,3.076622611202486,1.7206576334685353,0.37726147862313136,3.1253414726724413,0.26717485608737357,3.0766226112024864,2.427879303998897
HD75289,131.91992,-41.73722,21,17,2964.9230527994223,0.979753,36.547355427500605,3.509199967806158,0.9978057930447422,53.029619611099385,0.0,35.91733602165032,1.682452881870061,2.0007578465479607,0.6225259118897178,6.149814312228975,0.9948692090617686,1.6824528818700608,1.0336808790706187,2.4487306349516214,0.5978215317431189,1.2864065012882397,0.999652482915913,1.033680879070619,0.6555350095972752
HD75302,132.3012335,3.484445,35,35,2160.013876500074,0.691435,26.47951484030914,1.012522325270742,0.6088740898058808,53.5922595213692,0.0016544060645404812,22.13447734367068,13.842915412178156,57.143224246033704,0.522824188640661,17.844850779315745,0.032162718696543746,13.842915412178156,9.562397114339454,50.00032121527949,0.3620260341096161,10.150560399142321,0.9219244162478417,9.562397114339454,7.637799504090576
HD75530,132.58846,-5.53674,39,32,3373.8280076864175,0.8658451451695088,1.8763209598163841,1.1098848633747012,0.4136205948931226,1.1259778667865297,0.8529485378497559,1.2954655666888697,0.9920081227808139,59.50313946536891,0.4022369107363197,1.8471724918820867,0.9186780830411969,0.9920081227808139,0.7669724701859248,2.3213348064444865,0.3327160727908183,0.7010018538942463,0.999991906950592,0.7669724701859248,0.6265202429851681
HD75881,133.0851575,-12.808245,31,28,3599.1001774999313,2.2028800000000004,11.493814569649993,1713.8572273809189,0.7869654534588975,7.318216019950246,6.811360348402129e-05,5.566497014794374,2.569253746836663,2.466488608484052,0.5411465290814172,3.1007619168581213,0.3704540063200521,2.569253746836663,1.7403797007748154,5.913736735951248,0.46380473543147865,2.182705646507251,0.9377269770805551,1.7403797007748147,1.2743992179418755
HD76188,132.863058,-61.36428,74,32,4049.9125889129937,0.749966656802373,1.8028033805038786,12.358598074192846,0.6635575151512779,1.9489413399788196,0.0009635614794684111,1.602948567011117,0.9297688747938634,1.7788521056410576,0.3730401608244301,0.8347727242522093,0.9971912186477175,0.9297688747938633,0.7361983924555079,4.058842041404085,0.3856887596758729,0.6827102501213203,0.9879154772169565,0.736198392455508,0.5770176473947021
HD7661,19.101437,-12.09631,41,25,4734.990678577684,1.0023474666628707,18.977981116415624,3.69142486830723,0.7609976851391944,25.542650343157046,0.002874850532474049,19.49918100940843,9.532732898522728,3.5399152800371443,0.5979091346473573,10.627969591216614,0.40724852731988326,9.532732898522728,6.044766480374064,1.695124289756805,0.6860364461425897,9.500399934293315,0.043100445907987006,6.044766480374065,3.387030802244159
HD76700,133.4767255,-66.80169,114,42,2669.730937322136,0.8034263515355602,16.0761396197759,3.971631861532485,0.9919732603583548,23.07145219426136,0.0,15.697656627608573,1.4063856070777923,13.422478317356141,0.3518713656048766,1.1787870276427075,0.5832180057744607,1.4063856070777923,1.1322309379850855,9.93203473706152,0.4164460608341062,1.0599659854800902,0.11798625844143107,1.1322309379850855,0.8649191647203223
HD76849,134.5945835,-14.37607,21,21,3373.8504186999053,1.048708,6.503991253414425,992.3089466764427,0.9399642048907323,8.99418314414398,5.692100621956797e-07,5.960851658899677,1.4605399730681683,22.138126106954758,0.7740067222178372,2.7465315392014364,0.022687285698550053,1.460539973068168,0.6943224504757668,1.1936073086746994,0.599992069586071,0.9657416799838532,0.8904608949377111,0.6943224504757669,0.43913242791685875
HD77110,134.825644,-35.310025,162,95,4863.727592441719,0.89342550154997,1.8777461096865902,593.1375112733807,0.3012983683927481,1.8001928930008564,0.00047852281775673244,1.7483729626325895,1.4614365359513675,1.0050477532787225,0.185378254566123,1.0032506533103036,0.3803129018724176,1.4614365359513675,1.319039982389254,1.3966195527470846,0.14795962712582947,0.6856860783597305,0.9730019423883817,1.319039982389254,1.2175534815144178
HD77338,135.3018005,-25.52912,162,80,5305.678472305648,0.8999167286949932,6.093559204823813,5.735868618708807,0.6205368319449969,6.386566976602657,5.889733145636455e-13,5.4236287095793365,3.3409868407587444,1.000014790467741,0.29272873935929306,5.43035653075407,0.012064118802921353,3.3409868407587444,2.80975058761618,10.487603226538141,0.20790804680223932,1.8080705224007012,0.5720443158851605,2.8097505876161804,2.50066532097093
HD78286,136.541569,-37.15449,46,37,3383.8876672000624,1.089167,9.305576301594993,78.69506202790848,0.7991254089020249,16.806561882822646,2.3772591895010464e-08,8.784393649165516,3.937080476559704,7.813178635881008,0.43451757420984993,4.737052173453384,0.3091504242463018,3.937080476559704,2.960628042146705,7.715202159598871,0.3208650666564025,2.520969582829466,0.9990264424463645,2.9606280421467046,2.439843013382853
HD78429,136.6621525,-43.491865,150,139,4939.636692800093,0.7687980000000001,4.322513019856904,31.145250269861894,0.24539364397203195,3.0065888853198537,3.168602205849691e-05,4.116712157206963,3.5761088663436236,43.48271736619803,0.18685429195082331,2.2338280798119534,0.004719091117517005,3.576108866343623,3.224741587263031,12.999043928421306,0.16324849787983917,1.8033683840341712,0.03166664081011694,3.2247415872630305,2.9498040582101392
HD78534,137.2932045,10.819425,32,31,2845.1510272999294,0.990418,2.3160610967828608,1.0589366634285873,0.6283443959704588,1.942957884985113,0.007314441392428983,1.8778204126437268,1.144786234472034,2.20896818889746,0.4028281581614941,1.1079122380717374,0.9696648559649603,1.144786234472034,0.8846552502748088,1.065599635692857,0.4849611163988261,1.1979938685759166,0.3997399141189796,0.884655250274809,0.634883541061648
HD78558,137.10575,-15.14564,47,43,5596.8236043001525,0.807906,1.7564752404908641,99.05882485486995,0.5294700227294233,2.2263035606819765,0.003359621938645918,1.7108948743850516,1.173591550074557,3.7060148353199267,0.5028799655452325,1.2448250732555517,0.009518127763876727,1.173591550074557,0.8274611394674007,1.5022206845157022,0.4134467375110482,0.7798736312253507,0.19882254106646968,0.8274611394674006,0.6337257211686282
HD78660,137.472488,14.45553,39,37,5123.049144799821,0.88781,1.8575951765648318,34.54517292515052,0.5231593086285368,2.3937968089188946,0.03593287271859913,1.4088050089164281,0.9728313142517903,1.3935719342799144,0.409401677440294,0.9243576883438346,0.6745148276656231,0.9728313142517901,0.7476247086411539,1.776923847525171,0.50095843582461,0.7871272711023205,0.07299211488125179,0.747624708641154,0.5281435805902831
HD78747,136.98573391313,-50.48244768337,76,58,5433.986999199726,0.7636210000000001,1.2494614759013014,1.028930356585573,0.3877561695830902,1.2139355492443096,0.012186234211411517,1.2329400969184543,0.9647264491224951,13.697975798335587,0.261007818690397,0.7796649927036317,0.8338690131507539,0.964726449122495,0.8293237582843045,3.174428671106279,0.23177621854117506,0.6006011567744525,0.9933919534499492,0.8293237582843047,0.7268888058799128
HD79601,138.4358165,-42.31073,109,84,4022.9025809001178,0.87331,1.7749773687620831,1.0545790182452413,0.24467390375948753,1.0437407084002093,0.05226481268495653,1.5466998798373037,1.3442291117489926,1.4310268144920752,0.17158243039965268,0.7655471599533336,0.8847128436442141,1.3442291117489926,1.2234830221425903,2.053758720083787,0.18042782968394902,0.7388504113980969,0.7548861041476449,1.2234830221425903,1.107621937130792
HD8038,19.8711375,-24.95063,21,21,6536.12272430025,1.6804,8.43747816700758,1594.1762742195722,0.8351351905620157,12.61607903454595,0.003560424572844223,7.2968509173026455,2.9627803504904704,1.1481788153568218,0.6584820816132955,3.5902418162603102,0.7016490233892082,2.9627803504904704,1.731435043145921,4.217941871644453,0.6297948292759996,2.1087872619025814,0.9003458823841273,1.731435043145921,1.0534827852566273
HD81639,140.5282455,-73.541675,26,26,3109.6121048997156,0.860295,1.824463641187521,1.6014894705153806,0.5154773769004901,1.2246531288548004,0.6584370287264991,1.0991024374668676,0.7650594798398008,1.1152758428017053,0.6075814840057668,0.8980362565986711,0.10024892505207805,0.7650594798398008,0.47925863485985987,100.3100678999908,0.4832859771924659,0.4858992647799234,0.8869660452116108,0.47925863485985987,0.34450463572934104
HD81700,141.0967685,-63.719795,28,28,6520.107746900059,1.95574,10.11535100813988,2.830522138875649,0.6501814455405,7.391518196315193,0.03633863112007474,6.747646419531829,3.990926574272309,1.0313525596577071,0.4966788724610265,5.397416504149265,0.9119048511553383,3.990926574272309,2.8313679915487255,469.07249977698257,0.510629832045621,3.117385027848254,0.8276515125034943,2.831367991548725,1.9806834085776943
HD81767,141.79121,-16.66037,37,36,3697.902508500032,1.4379170000000001,3.5955611358234303,1607.7836993478393,0.5824007683660235,4.443692843970728,0.0031572317079737733,3.4593552988747085,2.235501752688895,2.7057163302114797,0.3848761840556789,2.1038147314028994,0.7885074923565418,2.235501752688895,1.7533002136230003,4.765338284149522,0.40501937182807835,1.6207300695053282,0.5982307873679548,1.753300213623,1.352407898917399
HD81968,142.17947,-14.68702,28,28,646.1425693999045,2.0328225,7.021539147139887,1.006452600311378,0.7268087077616683,8.969258398086293,0.0001114820893323154,6.905798211319639,3.6095021954451063,2.1381289523491223,0.4328489947126073,3.4712605351945918,0.5107644780514087,3.6095021954451063,2.7182954826340207,1.0204399390396472,0.4055984778847785,2.962953253044786,0.7152248076085523,2.71829548263402,2.0957362228388883
HD82516,142.7503345,-47.386025,140,140,4958.652228999883,0.8123805000000001,2.0423326513859767,1709.8800789654772,0.24420133194241805,2.3250612020188877,3.073817372989396e-05,1.8841734846583498,1.6380379110548469,43.72709196648928,0.15684672200994687,0.9845224716566321,0.04822540384401619,1.6380379110548473,1.5041017457551604,1.141389427538874,0.180551175888755,0.938484681550453,0.007185067378874921,1.5041017457551606,1.3615642302217954
HD82783,143.364935,-30.666195,24,24,6192.939674099907,1.2646435,4.649724325745542,26.925824669999603,0.7353533375057473,5.267212268842929,0.020079757258337216,4.215756068133327,2.168745966903291,50.970696906172094,0.6573751573635711,3.114724568584654,0.21009029352060304,2.168745966903291,1.2694573341906799,1440.218528860444,0.5747808907802497,1.8709709054464907,0.8404361135045159,1.26945733419068,0.8277982343098231
HD82943,143.7108525,-12.13007,255,114,4909.678357200231,0.6558852123244243,51.861238149152584,220.1649487533736,0.5847540771671427,54.185967639624785,0.0,46.21423722873273,29.78025950170979,438.364139035735,0.7500741039814215,41.96585085877555,0.0,29.78025950170979,14.887922751493754,109.83620485906559,0.6665659843144272,17.885295907682984,0.0,14.887922751493754,8.596844239961175
HD83443,144.299539,-43.27275,56,51,4534.684015899897,0.791507,40.43356901934102,2.9857018803660096,0.9675617081628859,56.082828988310844,0.0,41.56241099458107,7.485653512256847,3239.060011357069,0.7821347081277771,13.261873181314591,2.516653552220305e-12,7.485653512256849,3.4940067949457387,2.984719289080429,0.4527348687795515,3.539123903719921,0.004305817563683978,3.4940067949457387,2.5847743438135304
HD83529,144.3717115,-49.99088,28,25,3103.6946235001087,0.798431,6.915194725091173,1.1902495104694393,0.6167297264112647,2.1095038782728537,0.12311806794652558,1.5930435548000197,0.986234562257024,1.565151096066621,0.5264889116614188,1.1042459322134863,0.7017958340489878,0.9862345622570239,0.6786491271349081,1.150795188542866,0.5857300722546488,0.8341397417217699,0.25719284036858836,0.678649127134908,0.4368043947203615
HD8406,20.753723,-16.48685,21,21,3283.1477828002535,0.878739,1.3187763877448229,1.0147265593572103,0.8459904769407647,1.6922308682315237,0.0004075845477266027,0.9939323246873601,0.39005926934344004,4.998702470767744,0.7528590315146517,0.5899744061994742,0.022452356805672813,0.3900592693434401,0.1939112361777283,1.0327286913907252,0.6549904092667066,0.2647704737182468,0.3209278933281299,0.1939112361777283,0.11389864534437871
HD84075,144.072908,-78.34341,22,22,5296.719255300239,2.793831,63.37609276888999,1.5526981664761943,0.7434096294800279,79.51245422600607,0.04915517488790255,61.017329609734034,30.908175824820752,1.6709420660904892,0.8272287058151613,47.44665829879019,0.0017460332448252514,30.908175824820752,12.847220182710736,1.006961703256638,0.6559163242705748,17.16601369655196,0.45684998764262585,12.847220182710736,7.5360054162992
HD84273,145.83216,-29.80433,27,26,1393.0450181001797,2.8780795,20.472500847471963,2.311340663846325,0.7067134348475559,21.79741664459865,0.001920595961559135,18.09266818538244,9.798254216126363,1.366266200569027,0.4368323824883588,10.065182135479533,0.9193749482420446,9.798254216126365,7.353050360164736,40.378116466671884,0.6544900406385535,11.809404171079965,0.01159251860947419,7.353050360164736,4.322130003042728
HD84627,146.26576,-49.48594,22,17,3758.732151000295,2.1415990000000003,2.6989039451468426,17.186703936901196,0.7133360411395617,4.720663825707597,0.6726208510530527,2.194754284803419,1.1750935776220923,1.2962933339082257,0.8718825560417004,1.7035429322930424,0.005930416666141136,1.175093577622092,0.420607086362029,4.072740438834425,0.7094941933509047,0.6542386490851494,0.7040555661395491,0.42060708636202915,0.22670129143187623
HD85119,147.2082,-37.310335,37,37,480.8490392002277,1.129475,15.368698839526202,1.1699490004871729,0.40833945758692347,15.913644914597503,0.07986333754358632,16.170268922800958,12.438085739646366,1.0766883994631171,0.5727734625379666,13.857103119129503,0.0003862221616001138,12.438085739646366,8.129852325101522,1.324288182870361,0.34711748669131964,7.759726422512269,0.3447231498719451,8.129852325101522,6.569013816511722
HD8535,20.90724,-41.269355,60,58,5772.2738751000725,2.15122,8.888844312210487,1254.8421467608848,0.8995127189371153,12.682317151369586,0.0,8.286268476361233,2.6267246407040465,25.70023987132711,0.2684877580676621,2.3107224416376,0.7668578528760455,2.6267246407040465,2.2465978936518383,1.3710212994869766,0.3397815596909743,2.014093454484748,0.09168092848644405,2.2465978936518383,1.8254467661907452
HD85390,147.5117315,-49.79117,114,114,4892.72656770004,0.8923255,3.571606992240355,815.4544279500066,0.5370478033678104,2.8327673256564108,0.0,2.8953536905583364,1.9700157504033708,4892.72656770004,0.3039468228465187,1.9254304719990396,1.2985805320941957e-05,1.9700157504033706,1.6435802292780555,394.574723201616,0.2688704107549036,1.5579909916669084,0.00018928289066044712,1.6435802292780555,1.4053616192302765
HD85512,147.77938251115,-43.5027843572442,1184,579,6553.032554084435,0.5657484144426107,1.2892651345069666,3854.725031814373,0.06495308631102881,0.7491791057922086,2.789677110315303e-05,1.1203515688941128,1.0833555865646844,1.01677800339562,0.0734859415373575,0.4343505132943788,2.0086365664084838e-06,1.0833555865646844,1.0427904229681202,57.38207140179011,0.05416924024351124,0.3464940816572455,0.000749318828105694,1.0427904229681202,1.014153633139079
HD8558,20.83987,-57.48159,27,27,5411.053174399771,2.312706,97.27720202074835,1.0435371481688178,0.6081318284235879,142.83605803880644,0.16558754383960617,97.5522306169058,61.067086377520134,1.6876315923025826,0.6168949874669594,68.91634042271612,0.13164609580456987,61.06708637752013,37.797764656851534,1.2030979131980992,0.5791725103523223,42.53652859641067,0.32740042034955863,37.79776465685154,24.51987022461209
HD85725,148.243147,-27.33082,91,87,6477.166952,1.7328406719811764,9.853321194359353,3238.5834760000002,0.3433734049046507,4.421093963644082,0.0002095681422749074,5.3124031642701395,4.304773059571557,2.0733568988476314,0.30427125964350704,3.2764951621309955,0.002243178234929588,4.304773059571557,3.5906265121165597,3.867196221863993,0.2413597142462062,2.397069938612291,0.0751508676840843,3.5906265121165597,3.1274342198381153
HD86065,148.928723,-18.10569,28,27,3110.6255306997336,0.994246,4.341605719766048,2.8606083600328627,0.4923363170530771,2.2696300804471,0.7217242010439134,1.9094604093379755,1.3605005015504539,1.188486429029815,0.49110756551835466,1.5174657744503628,0.7315822136336421,1.3605005015504539,0.9705361211674434,3.926565931203907,0.47695459062914275,1.0257517876228444,0.8352220935803002,0.9705361211674433,0.7019099532725989
HD86140,148.64597,-58.72966,25,25,3097.683222099673,0.915218,2.202358734405643,8.056393295447783,0.6399795417884149,2.5484532134006157,0.06571266786625929,1.971152675494538,1.1827252099946843,2.4923028579126822,0.6153963577593435,1.4428771815770378,0.1271563730410844,1.1827252099946846,0.7334838406146916,1.5063621970918464,0.5021881535923416,0.8237460436381199,0.8703271660681826,0.7334838406146917,0.5175152643941944
HD87109,150.226079,-60.22738,43,42,6123.14084560005,1.9271340000000001,74.42618273864026,1.3810453674357868,0.5779091827846047,72.44013642778198,0.0007190407172222857,65.64650716114227,42.649562024121835,1.448646930443846,0.3811673538872515,36.294749084484806,0.5739375021532584,42.64956202412183,33.55066896585823,1.010852980750825,0.4012494565631334,31.222320002745114,0.3708660273422677,33.55066896585823,25.961163018222578
HD87488,151.20424207907,-28.18868797492,47,16,1406.9820756334811,2.2443594679309884,417.25410535849414,7.2637174787479735,0.8564806188219728,494.47942916762076,0.012211090552286197,402.8705260141595,152.62327632036641,29.80894228037039,0.7970678816799961,339.70476721385677,0.0935247921015816,152.6232763203664,68.75371452780047,1.0589959924984813,0.750924357659486,138.05888098086092,0.2851859582604198,68.75371452780047,34.313245362386795
HD87833,151.4333275,-60.31801,32,31,6111.0831133998,1.988156,31.43096864711025,48.81056799840095,0.6586673867355904,35.37899411708535,0.005202599842194844,26.06418609259353,15.22765611484846,1.0228610115323122,0.6111501084237796,20.440844974325174,0.02799349738445689,15.22765611484846,9.495635857806114,1.2836252548730884,0.5186433719957865,12.252478151926367,0.3656294207350814,9.495635857806114,6.588059758554151
HD87838,151.889501,-6.43836,228,153,4930.612355000339,0.9682356164230128,2.314909333916315,1.027296515334682,0.14980557194576555,1.0166403940852964,0.029557320498666106,1.804710416712438,1.664051075898824,28.8677538348966,0.11034360599486032,0.8546165624852917,0.577509799040448,1.664051075898824,1.569559574331489,3.0535779742369105,0.12897473890955427,0.809126219402457,0.16466839563990654,1.5695595743314892,1.464850081855687
HD88072,152.3463295,2.370635,43,40,2635.8712153998204,0.707264,1.44914006407902,2.4854985529465536,0.3457949853282476,1.0035458503924994,0.7919323164650648,1.1763622762872585,0.9514764060576305,119.81232797271912,0.41647072535763546,0.9037493655072509,0.1912429736083604,0.9514764060576304,0.7268241479365736,1.8041555204653112,0.3347179024056282,0.6962419269153959,0.8783144838049466,0.7268241479365737,0.5928328575839636
HD88084,152.28711,-15.49308,24,24,3070.686439699959,0.775338,1.6981997654228533,1.990204445978327,0.40410296523000533,1.9770812215163316,0.9999999716580521,1.3959685747338033,1.077609109305993,1.0482305044377551,0.4028689984903602,1.0413206232472267,0.9999999803113724,1.077609109305993,0.8327143782204184,5.260727153846085,0.5523526745320122,0.9145970773749926,0.629165913084156,0.8327143782204183,0.5571396417681878
HD8828,21.758106,-0.15747,82,80,5058.2203569998965,0.807358,1.7210654111686354,1.0973944757338197,0.2129297259865993,1.031198004626904,0.471359721373522,1.5776613722573292,1.3996535418725973,936.7074735184991,0.20784265252992212,1.1078738443005662,0.5558801091660595,1.3996535418725973,1.2457367450400552,1.0478580454507571,0.17765619991231288,0.7624967615649985,0.9631283876363957,1.2457367450400552,1.129673616988534
HD8859,21.70558,-29.47424,25,25,3328.921419600025,0.892236,1.3786158617392528,1.1565180029182975,0.5795542569881499,1.3335061010508091,0.3110038663582768,1.3185972254973513,0.8550020133036371,1.7654441130674734,0.5046075091824999,0.9039951472844426,0.875793836697552,0.8550020133036371,0.6017856771443049,1.026684375647677,0.49213185308235463,0.6788811443073965,0.9333647205863519,0.601785677144305,0.4288617708920101
HD88955,153.683855,-42.122265,40,18,1822.9747085957788,4.664881759117501,1081.5166705017427,1.0057791495700843,0.916610812970153,1199.1446984305328,5.108361549666096e-05,634.3900326489179,183.19398948496155,1.347755957855817,0.6989654383077916,249.76875116846477,0.3351632936385138,183.19398948496155,100.51234385820523,2.1782467542069277,0.819357384338589,155.76644959180024,0.011370681631732826,100.51234385820523,42.71982914498512
HD89454,154.817385,-11.37932,50,50,1467.9222006998025,0.989081,9.28978848023972,1223.2685005831688,0.4686475990122176,10.331074644974798,0.0007080235632854759,9.830784253821335,7.166044303972155,8.15965647970986,0.3290354235407537,5.927283107570752,0.140612379165161,7.166044303972155,5.869880838827545,18.011315346009862,0.2893386470863563,4.760146563610415,0.43362285922450283,5.869880838827545,4.948352554122903
HD89839,155.1705815,-53.66472,98,88,6191.118110399693,2.2841835,28.880005555263235,3439.510061333162,0.9661184650908797,43.34283675151593,0.0,27.552021391632568,5.071483364747618,1719.7550306665803,0.6963736024808541,7.753652277505383,0.0,5.071483364747618,2.7945042127438238,6.536231113175346,0.24549489064370486,2.1468292781098075,0.05052094787950556,2.7945042127438233,2.4273693350204275
HD89920,155.460591,-44.51158,25,25,2883.0517899999395,1.427848,2.2990988655007367,2.2803541801787066,0.6113521356342476,2.2303515272599017,0.13174392695073045,1.9334868109175338,1.2053671646819273,3.6370023842562618,0.5007437530876464,1.524855729326219,0.8591303900959864,1.2053671646819273,0.8516891419727466,1.8007818800749151,0.3951743562257694,0.8748872062173892,0.9999995954144674,0.8516891419727466,0.662363219932561
HD89965,155.60102,-28.84616,23,22,3308.895310600288,1.476224,4.218249191971741,1.1748252478609227,0.6364574916497829,4.548526703214467,0.3071283361414405,4.131005535305344,2.490768568507733,1.0642272322784923,0.5885629801806244,2.8959354510089117,0.6729837588896724,2.490768568507733,1.5976625655988537,1.0837111684407978,0.5478711037858844,2.2006080453149264,0.9266556020216532,1.5976625655988537,1.0742767871743633
HD90028,155.713151,-28.01314,26,16,4333.19687955454,1.008885,3.843057854090196,41.745634677789376,0.8121828847765251,6.125269624033685,0.3551884863742727,2.282908035273359,0.9893637629124266,4.153754677487095,0.6729751359806339,1.3126153293971587,0.9999063487712272,0.9893637629124266,0.5657784302762294,2.6130355662754248,0.7243874230607833,0.6882094694881913,0.9731762106713722,0.5657784302762294,0.29702698184018195
HD90156,155.98294,-29.64391,160,130,4924.633808700368,0.718670229396561,2.439175801344942,49.643485974802104,0.6698137630327459,2.8002168383137227,0.0,2.36336552347967,1.3580331745347272,1.094071316249082,0.21849650684474464,0.9301627159803662,0.001000571591134758,1.3580331745347272,1.2005378061508187,1.3936196645726486,0.1987592513852382,0.7475901488390163,0.004747219747506692,1.2005378061508187,1.0746260275399326
HD90422,156.375165,-45.182275,20,20,2610.8105732002296,1.117083,1.9537713103878425,1.7769077609747705,0.6120907192478281,2.137078248456038,0.7377140368465847,1.7558126873837612,1.0935616412865818,1.0158005498405691,0.6606132837451271,1.8523057298507817,0.3683462769046846,1.0935616412865818,0.6370751835133663,1.5088774046120503,0.4818503398091406,0.6677243891205287,0.9999987533037814,0.6370751835133663,0.4585833650350067
HD90520,156.545541,-45.56202,36,29,3500.311015278101,1.064634,16.542738098288662,1.0328143209932135,0.6862519451900163,5.632990605885799,0.0031787962700887684,4.400871997713691,2.4650700094606868,5.120408155760825,0.5505441348474085,2.9830138899249934,0.21165204582658292,2.4650700094606877,1.6526191619534742,2.930111347127155,0.5359005139916512,1.7128713515542215,0.2948963495953659,1.6526191619534747,1.1258442854053443
HD90722,157.05846,-16.287995,20,18,4043.8978256997652,1.4868299999999999,4.180925478587859,1.1312235161966455,0.7791232122685535,5.102579768543579,0.0984956012758258,3.90747313941591,1.8364158824249375,1.3313682181141004,0.7702492532954759,2.416559493081853,0.12769118239159605,1.8364158824249375,0.8802367693752575,1.4374214714746985,0.7610104290141257,1.5061795517718597,0.16475473994929457,0.8802367693752576,0.4303174729252183
HD90812,157.1818,-27.36545,29,28,3338.8088662000373,0.994863,1.9979102081469502,351.45356486316194,0.6588483558275345,3.8472058074823376,0.008260958200995927,1.806777798826746,1.0553061759999092,3.3090276176412674,0.46870337597200273,1.097869500343073,0.8152852396363264,1.0553061759999094,0.7692136953187202,5.444893780495824,0.4872062351389364,0.8413290586688098,0.6683531214367684,0.7692136953187203,0.5508310026944807
HD9174,22.504519,-19.60529,33,31,4256.231567900162,1.100498,15.999505357074398,868.6186873265638,0.9557978874539482,19.777609663169745,0.0,12.581344379440742,2.6451393917962682,2.109238102928868,0.5636338959804049,3.3063261214282025,0.08470515795095779,2.6451393917962687,1.747326514911797,25.70188144867248,0.5482321869624794,2.155488596331174,0.12971933485261877,1.7473265149117971,1.1744423679697322
HD92588,160.35284,-1.74199,60,28,1895.9751837998629,0.5968362839346282,2.9548691383801646,127.24665663086327,0.5173047069920463,2.489811478142206,0.26153242465681437,2.20263804602326,1.530310888653213,7.617417371634643,0.42663109009287303,1.5024983306028026,0.9087089903064779,1.530310888653213,1.1587686540225253,2.4137176114574954,0.3306913580152793,1.001825042265844,0.9999997901230973,1.1587686540225253,0.9480035307453941
HD92719,160.556792,-13.78761,90,67,4508.666731599718,0.6965766336062243,4.331387120044789,1.0003032262329377,0.38230219977612684,3.768277859799498,0.0014712398015825912,3.7685138218631784,2.9618164429254605,1.0509467685134892,0.2906548429045413,2.4045769766419545,0.10172978935235855,2.9618164429254605,2.4945197333593203,1.0423939915380944,0.28133775558559576,2.04795133731998,0.14851772469523283,2.4945197333593203,2.114702888650338
HD93351,161.67975,-1.687185,38,36,6151.008786099963,1.6010735,11.578561829093044,1.0176544490015322,0.42996921026642054,2.379975580045765,0.6366393567050062,1.836347160678737,1.3864491474780731,2.079307952842932,0.40192142937087566,1.9933216169181585,0.8813511869663573,1.3864491474780734,1.0722179314655538,30.878558163152416,0.2749335945130735,1.1593083881279567,1.0,1.0722179314655536,0.9130024809674012
HD93372,161.11309,-72.44317,47,21,1958.7812224645168,1.0632669615816766,7.631529349812892,1.0987105802470916,0.7664090720330897,8.254841168545834,0.008352237283315023,5.582856381730799,2.69826401667634,12.760789722895865,0.5022047695849127,3.5115682226371137,0.9945656553807367,2.69826401667634,1.9037495221377978,1.8229699604136949,0.625076898160149,2.7749891553000747,0.37378758765993136,1.9037495221377978,1.1656841947662
HD93385,161.565083,-41.46449,249,241,4881.753017099574,0.902439,2.5425312298027776,13.1796787718671,0.2364356119013976,1.680946406472981,7.315192895873679e-11,2.426888523549312,2.1206678896654827,1.0194317909034964,0.2574668412827773,1.5258337570584375,2.7092772469927695e-12,2.1206678896654827,1.8273872343067061,7.342086053691642,0.25984501062309223,1.3259354440647342,1.6255885526561542e-12,1.8273872343067061,1.5721425507571594
HD93489,161.869196,-13.9797,30,30,843.9402464004233,0.9298255000000001,1.8185089192469919,1.107242516925247,0.4180172199218534,1.422567547072701,0.523347078297286,1.4488087997834591,1.105264299971743,2.274771553639954,0.44371086452104685,1.063261468791713,0.33760815994098503,1.105264299971743,0.8243590907979379,1.3092464263115466,0.5785310207908044,0.9650123860311997,0.011099679589392952,0.8243590907979378,0.5351792162899364
HD93507,161.461245,-68.129795,30,15,1407.0248882696033,2.368738694287942,15.988700109648043,131.49765310930877,0.976562129671449,23.993865695042466,1.5224210502262636e-06,16.704718002273086,2.5573974167397355,1.671646534714986,0.7685930027525545,4.157732453668789,0.3616540501065957,2.5573974167397355,1.2302304312928694,1.1503760021826537,0.6926383925305126,1.6075746704794045,0.8823306039731506,1.2302304312928694,0.6820422445437246
HD94151,162.912158,-22.072055,56,54,5595.858072900213,0.8074085000000001,4.107449310929574,902.5577536935833,0.5224750601263662,2.5596959992704695,7.641373178979283e-05,2.166506654298692,1.4971249793351802,1.0649649011133726,0.4925471278299969,1.5615583354986218,0.00033877084076616715,1.4971249793351802,1.0664878547735832,1.4754286057163015,0.35127183589965566,0.8548616032594244,0.12985906862771324,1.0664878547735832,0.8589883831097112
HD94270,163.163382,-17.03126,43,30,843.966186999809,0.8305305000000001,2.630685527508586,1.0850683813317161,0.5882341174711808,2.7196901324038523,0.008211897712017358,2.5125973137344446,1.6123082302576262,2.26872630913927,0.4045800868605707,1.6672621228362763,0.631050295246507,1.6123082302576262,1.2441127716218732,1.0832578449490549,0.3624092144447341,1.2525423647262677,0.9118852355015765,1.2441127716218734,0.993415116904917
HD94771,163.97591,-35.11392,128,122,6495.09374650009,1.439057,5.693287294664405,2165.031248833362,0.6510245204170767,7.386796792025314,0.0,5.74076837706667,3.391309926700098,1082.5156244166808,0.39448740149751593,2.9015418066189564,1.1658227716537795e-09,3.391309926700098,2.638937307540257,3.2871571165039137,0.1585561584386103,1.406767635354027,0.2343177114987609,2.638937307540257,2.420703739291641
HD94964,163.8303795,-75.19138,20,19,5529.808879500255,2.208826,4.434749363806151,2.053629769190869,0.6713742752966336,4.351500353829493,0.8986246775892908,2.767098507814072,1.5862637463339657,1.2022369074485286,0.5862965764446045,2.95578770587602,0.9999896553069637,1.5862637463339657,1.0202813685138028,1.0023943877569976,0.4801421752605452,2.152382487986721,1.0,1.0202813685138028,0.7356347709907047
HD95086,164.263536,-68.66852,133,17,1550.7938528759405,2.5418424740227086,214.0456270538887,596.4591741830541,0.7778385512904835,293.6170107752245,0.17000147204672023,126.21722357520534,59.49123327089247,1.4139258323084798,0.7947557101462958,98.67868455510205,0.10938984786382056,59.49123327089247,26.951845829482416,58.30052078480979,0.770405511181404,42.17766075001119,0.20308852304165625,26.951845829482423,12.914251600311742
HD95456,165.16953,-31.83854,302,124,4924.697615399957,0.5961228057674594,4.185579321123364,2896.880950235269,0.4185516070942451,4.153959730936912,4.8103410144051395e-11,3.9127032981281338,2.983544389215107,18.14553284966823,0.29951760951138967,2.3565335770507048,3.1147042783841172e-06,2.983544389215107,2.497072286198273,487.5938233069264,0.2323203399744282,1.7680831429301969,0.0007249988810690278,2.497072286198273,2.187868077296346
HD95521,165.210744,-49.02015,25,25,3382.8806473999284,0.837901,4.009652054415375,3.6894761123349604,0.6671183810681842,5.1044249050746675,0.032072565330400815,3.8629573549231075,2.228767782436864,2.0483685421737365,0.5957354446477956,2.8817575180170514,0.22174381395241838,2.228767782436864,1.4170907200045086,4.974824481470479,0.5278234182014481,1.8653959594912013,0.7220584254568412,1.4170907200045086,0.9737553930046847
HD95542,165.0759,-66.557355,83,82,6180.056017499883,2.6445885000000002,9.264832554327644,3.1964704755869877,0.328447958940234,7.6573945409477036,0.0013589091356840388,9.623637354691422,7.886405177424409,3252.6610618420436,0.26947234067850856,6.228705973631884,0.03415131040774466,7.886405177424408,6.740582334630793,20.490901914787408,0.2223761538653795,4.6501489839216354,0.31960935245118627,6.740582334630793,5.944046562993993
HD9578,23.322665,-38.24436,80,80,6212.045212799683,1.9617900000000001,13.449544763498494,485.316032249975,0.7317765980406759,14.477571354745189,0.0,11.07462830376737,5.735581988041869,1089.8324934736281,0.20993581932374444,3.836398586826894,0.5945170029464348,5.735581988041869,5.098103856450688,1.4034714230716372,0.20679322518289034,3.1005052872515226,0.6492156567258043,5.098103856450689,4.540481243112502
HD95799,165.604555,-58.76173,48,48,5376.207768700551,1.7128900000000002,27.638069909183773,277.12411178868814,0.4615432513765438,30.69122593613361,0.008875712206470432,28.424247721972108,20.857602748402865,1.0629748242680568,0.3496743908674118,20.55378796738207,0.40315277006886185,20.857602748402865,16.8201482719788,6.747248705698481,0.38566624185414233,15.84701452615092,0.14078681196349718,16.8201482719788,13.183539060048298
HD95879,165.71256,-58.70276,31,30,5034.250761999749,2.6252185000000003,318.3695610436413,5034.250761999749,0.8420986525925279,71.28081539015366,4.804706984495866e-07,31.986002955782887,12.710214826816149,2.8623213338638536,0.5342699966554416,15.623456881433292,0.3007277655605849,12.710214826816161,8.674011618353225,3.4654441811796963,0.4731720912702195,10.692233589896986,0.8117959622877771,8.674011618353223,6.2958502036511605
HD96116,166.05661,-57.76634,40,29,2144.0455012004822,0.9272120000000001,18.81619380039329,42.88091002400965,0.820276517548304,6.676639430766965,2.4337699744414465e-06,4.354418874773197,1.8460039093734235,7.665518416876948,0.6138935208359183,2.386535382213446,0.023249386029033925,1.8460039093734233,1.1470600679870246,15.730341168015277,0.3893942074215842,2.2271376705245474,0.9968620167891986,1.1470600679870244,0.8963272936730655
HD96290,165.996565,-74.24568,20,19,5857.987465200014,1.7104040000000003,8.388216575453074,1.3776368621419537,0.7941205769779072,8.566913220243572,0.0877353866123235,4.990018657260436,2.2641679593288444,32.50825452386246,0.720687868101839,6.160682889406196,0.5401378931436116,2.264167959328845,1.196612513527733,1.0847321430264454,0.4048489530036006,1.9842736243028964,1.0,1.1966125135277332,0.9231390893707178
HD96423,166.582598,-44.374215,78,78,5632.757505599875,0.7034245,1.589835863625994,1.0106682765327317,0.30982112564898734,1.1462727084744464,0.007432271056857509,1.4124466034158765,1.1734183339507123,5.315928185730345,0.2578184888850225,0.8971859393341839,0.10034674411106637,1.1734183339507123,1.0108993914977868,1.0966566410840244,0.24709153171393994,0.787806098509145,0.16350957663792176,1.0108993914977868,0.8771604184112014
HD96445,166.4959935,-58.725855,48,46,5376.166649399791,2.0206565000000003,61.775694437471245,2.28491081193412,0.47552173678306964,11.393767534649962,0.009609603260247512,11.479305687764612,8.313413223817374,2.4223513784805757,0.36389649444482935,7.973692683319367,0.39609821162727066,8.313413223817372,6.630453939209921,1.8255234802715758,0.4376884764855533,7.188665548629753,0.03946412434444968,6.6304539392099215,4.972007262334928
HD96544,166.620757,-58.67648,22,21,3183.179082230199,1.25324,34.52688018555103,40.60177400803825,0.7509046499338965,46.812933539883765,0.04607231042306559,32.91013722036058,16.425269474378826,1.3874897926206078,0.6401889346792204,23.581892269027286,0.5910117413454983,16.425269474378826,9.852575261653124,3.522774548727533,0.7286756759247293,14.069726194234628,0.08922638782855496,9.852575261653126,5.132088369986746
HD967,3.5206465,-11.311715,103,72,5080.990812300239,0.9889264400281732,1.5309377828312702,1.0102980220114999,0.2319833431643937,1.1572204912712274,0.5201015168254439,1.410590386059573,1.236192883525516,66.679669452759,0.27733963861172534,1.1815717847065839,0.09111216528899369,1.236192883525516,1.0508805548851967,2.291624937894748,0.2467570095533458,0.7063752769413284,0.3181862431158472,1.0508805548851967,0.912054741664073
HD96700,166.977705,-30.17399,366,227,4925.665665300097,0.671834,2.878369463946277,8.125479487463048,0.5180943484280328,2.871604621181281,0.0,2.778007816207047,1.9284770421327815,103.04739885565063,0.4213835679970745,1.7117671015660594,0.0,1.9284770421327813,1.4669315679340678,19.89364162075969,0.17119024870207428,0.8577935501761295,4.373796880119407e-06,1.4669315679340678,1.3354796683528083
HD9672,23.660558,-15.67616,37,16,3056.7158923977986,4.148540847908855,4604.203359914875,1.0043093351287293,0.9573803873065244,10176.701153805352,1.8313178776874217e-05,4769.958909224779,984.7350324292718,1.6150881815480296,0.7163500732467638,1319.683913955727,0.7964645434143698,984.7350324292719,524.4580145352063,1.0910997295726577,0.6989413438184406,1057.0258990229572,0.8973095510836211,524.4580145352063,287.7638833861526
HD96789,166.987445,-58.29214,29,28,3184.2872959999368,1.418444,163.73408978904834,860.6181881080907,0.8525148445909103,227.68402400741942,8.779489502064308e-07,121.91962359611665,46.821763639025086,20.504103644558505,0.5536890637375647,57.46746258850823,0.2574438605765219,46.821763639025086,31.2799847509491,1.626711262324361,0.6160273234783685,37.13398252926158,0.05139424256465874,31.2799847509491,19.382807973119075
HD97037,167.55469,-7.38961,116,62,2519.044279279653,0.6331829142834502,11.09233142089747,1.079837225342787,0.30995237632434797,1.5565965792854632,0.06240194115477715,1.915579580765651,1.5912548170703407,20.904931778254387,0.2827637195117148,1.3539195944108904,0.17621146069151283,1.5912548170703407,1.3476305766317487,2.9152230983446983,0.24167424112672795,0.9811438492629233,0.6126705813810934,1.3476305766317491,1.17354233281441
HD97320,167.75419,-65.42814,25,21,3758.678373988718,1.171952,2.4550022262566875,1.4662863283095553,0.6272554797812878,2.321973052863088,0.5747081129919491,1.9708571928239769,1.2032636320599404,1.1109832034726632,0.5489689916052886,1.3983487047875043,0.9867570524697525,1.2032636320599404,0.8080979239275429,2.271791099418987,0.719076017300607,1.0753485848687123,0.0743451245143314,0.8080979239275429,0.4283101826025624
HD97507,168.2273365,-34.407845,158,134,542.747607700061,1.3672675,3.666620202408359,217.09904308002456,0.6003996018262702,4.511757231168569,0.0,3.5323239127093258,2.2329216137096264,4.1558009777952645,0.18735285679903188,1.3471466503499643,0.000753748142595434,2.2329216137096264,2.0129105866962482,25.601302250002906,0.2559259627521754,1.4405715120500708,2.4479814418887358e-06,2.0129105866962482,1.7363311617166972
HD9782,23.86291,-13.37926,32,27,2216.8778003002517,0.869839,1.4710837974076412,2.358882528516975,0.48784023440480556,1.4662077862033323,0.6353327744345685,1.5623726845534462,1.1181172982483718,3.952358353182836,0.4353510670755073,1.1084013737544218,0.9549268241049447,1.1181172982483718,0.8401882861114939,1.6804713464980694,0.4144332822186189,0.9449757303594036,0.9910049522958128,0.840188286111494,0.6429316633200642
HD9796,23.83869,-21.1995,21,21,2855.1382208997384,0.963322,64.368720621387,12.238054954563815,0.7454544890211527,3.5345244647118217,0.025059823999889375,2.758569417840739,1.391767332209013,1.61025222542425,0.6540009361602176,1.7305684421279444,0.29167455510212137,1.391767332209012,0.818660997835126,1.208831119395291,0.7061712259352116,1.1269268955598855,0.08236562525437185,0.8186609978351265,0.4437631769119546
HD97998,168.95558,-39.32219,26,26,3383.859641900286,0.7520735000000001,2.0498077577496403,16.17523729397842,0.7004992944460168,2.148081974511814,0.0058664589683170565,1.582133332664871,0.8658486922464518,1.174135892401209,0.5824397748738442,0.9253529991911992,0.20356934340804422,0.8658486922464518,0.5595019015958266,1.043724635853393,0.487162422325392,0.7245771551010727,0.8873769457346771,0.5595019015958266,0.4006743000838969
HD98284,169.491766,-36.59721,31,19,3756.769872932229,1.1768443073369796,2.379877919451363,2.8174365328725295,0.7489796619235832,2.2094191251236843,0.11145678197077036,1.4452560396355576,0.7241011680183189,29.39569540635549,0.6432991636603933,1.8297605610970902,0.8076458876615689,0.7241011680183189,0.43246534519889707,5.506038213296543,0.5601425220617005,0.455330406105463,0.9996448953080717,0.432465345198897,0.286818593428439
HD98457,169.85803713291,-30.32298697306,37,19,1535.8541579144076,7.267523225044219,1215.7486977531667,1.281480315322826,0.8438541330188902,1406.479736231794,0.0013716164092069105,1108.441974775584,438.0041344934841,1.0950831785485968,0.5994259959925881,621.627554811578,0.7997967445454788,438.00413449348406,277.216828536625,1.7992668204245632,0.6217188355820878,352.90860365400675,0.6488954137419748,277.216828536625,170.5010073509914
HD99211,171.219687,-17.68411,114,17,3067.69612927502,5.748320542118486,1490.8591193906313,17.19560610580167,0.869477702258713,2355.1036715465434,0.005462848877937021,1120.462016211825,404.7990585444601,1.1560942639061682,0.7043430642933043,1089.9035936157195,0.671734144470034,404.7990585444601,220.10683522459547,1.034287299148691,0.6777121063546924,610.6392832123778,0.8579472912209918,220.10683522459544,124.95554281492663
HD99492,171.68764,3.006135,94,32,1104.9481098065153,0.747072098449002,6.074818990968046,17.025394604106562,0.7974664521233799,7.735283867311512,2.157184920692501e-07,6.258773963112681,2.816681572151729,96.92527279004526,0.5715519029027065,3.3331180649095713,0.007723670152639306,2.8166815721517295,1.843685591286037,1.3738009571136591,0.4187912190499047,2.037380824009688,0.4254848430492628,1.8436855912860368,1.405571507989945
HD9986,24.419576,12.076235,86,44,4725.120435799938,0.6350469798236873,6.832344829454048,1098.8652176278924,0.5757347444101222,6.255871181424168,0.00025893662144249596,4.119928316344123,2.6835419792690214,13.085351525339073,0.46524251164200514,2.9914064416740334,0.02334850814450462,2.683541979269021,1.96239681738824,1.1676766756783319,0.31877370283124684,1.6836017243759267,0.9295114145601425,1.9623968173882402,1.6196923582320226
HIP101846,309.580027,-52.36197,21,20,6332.732617900241,1.379288,23.844629367939355,6.381229965639095,0.3750918381348189,4.524114127920419,1.0,4.1364024266256205,3.2698729810786435,4.9629565971005,0.28681357331001855,7.587805338630363,1.0,3.269872981078644,2.7614196904249297,1.007706923269137,0.3085797002884511,3.605817621285963,1.0,2.76141969042493,2.2961670489134836
HIP103019,313.07003,-39.99724,32,31,4467.567570100073,1.412906,896.839199608434,911.7484836938926,0.7510218890407988,1587.8650742425427,6.310282685462187e-05,909.8079360163965,453.97329322920103,437.9968205980464,0.725427305299457,746.0311879307234,0.0002251458533014672,453.973293229201,237.88057385603685,165.465465559262,0.702121322730234,403.3485023739431,0.0006491406255952903,237.88057385603688,129.83108480276678
HIP103039,313.136255,-16.9739,155,147,4504.810336399823,1.3556880000000002,3.019779519492715,42.37827221448564,0.16654281089047893,1.7375045036560572,0.01081272376448672,2.8770123384361384,2.6265360918837484,35.056889777430534,0.15595450486597853,1.4737683808980389,0.026289596826321038,2.6265360918837484,2.4130498899819792,10.931352429992293,0.14265459938281108,1.2308444087364119,0.07766219259941531,2.4130498899819797,2.234314028139753
HIP10395,33.4772285,-32.041905,26,24,1867.9840617999434,1.1265040000000002,2.810313495018673,1.0055359109651423,0.7821025631355013,8.295598331684028,0.0004503441394166918,2.7665065010949244,1.2913910024511326,8.69638762476697,0.5934834410072515,1.5258118142456325,0.20555157543609026,1.2913910024511326,0.8233734835578808,1.0810092950231163,0.6426882612331406,1.069710822524456,0.06136520101654097,0.8233734835578809,0.4921760978431873
HIP1044,3.26198,-45.17724,26,25,6217.981991400011,1.597419,2.897272831227487,8.497993701517029,0.5486251755733064,2.9908701592375837,0.8872799270216263,2.544664767449961,1.7096186349013442,3.1558554491194286,0.6592196852625519,2.325085831966592,0.1230609258682579,1.709618634901344,0.9980136767080156,1.9226313321789714,0.5977225632849726,1.255903126060516,0.49842842022262324,0.9980136767080156,0.6329936159941132
HIP10689,34.3962,-53.9885,25,20,6212.86643739976,1.51981,3.935138116782809,60.672523802732016,0.8413978990271506,5.660882161002001,0.006225572816229152,3.28881857594518,1.309768027639171,1.4288364006714869,0.7032086748979175,2.2704599558297973,0.4966533576225759,1.309768027639171,0.7135427309336027,1.653809576862608,0.6120139743485241,0.8062743988861638,0.9940413726837671,0.7135427309336027,0.4444552371776051
HIP106931,324.837571,-37.14107,21,21,695.0514992000535,0.9526730000000001,8.995809176198547,7.637928562637946,0.5206313590589876,1.755543423641304,0.7384499903984758,1.5976427726198719,1.1061511856801522,43.71393076729894,0.5098438163454514,1.3436424439534094,0.8022449347601276,1.1061511856801525,0.7744292220983204,15.94154814679021,0.5778049193944649,0.9247705274395155,0.3657863765262688,0.7744292220983203,0.5031973165968466
HIP107133,325.516794,-30.59413,35,35,6021.669995800126,1.8981990000000002,2715.1287193253083,3169.2999977895397,0.8360673602207918,3859.0647937836607,9.991555138810782e-09,2856.4134370659317,1156.5216937100254,1136.1641501509669,0.6305152913372686,1400.1780249995302,0.0019640839376746655,1156.5216937100254,702.9946474489756,1.2067958627199735,0.46883813926044776,758.4627134390453,0.3655839679760533,702.9946474489756,512.3484894624565
HIP107772,327.4976835,-41.24394,23,22,4123.807715199888,1.82409,3.811841959458797,10.194827478862514,0.7612012701260836,4.757479905524837,0.021078881284409268,3.0278397529491734,1.4796155703979472,4.001754211741764,0.6324535352891396,1.7067768922680442,0.5650444746639172,1.4796155703979472,0.8970259723738713,1.0562490946160255,0.6252696642273654,1.0350255977561145,0.6252208695893677,0.8970259723738712,0.5491164370070084
HIP108065,328.42573,-28.67038,20,20,3660.008158800192,0.771424,1.4476750589875305,2.1993919588968143,0.6566814592826284,1.8735380369193957,0.5065278771395196,1.408187324842727,0.8251046978796556,57.91152150000298,0.7285451502551922,1.1944078294848397,0.1022666251541322,0.8251046978796557,0.42989051433356523,1.6061120584518995,0.7392136649560169,0.5732032099673894,0.07529367492911065,0.4298905143335652,0.21953323540443076
HIP108095,328.51515,-17.161305,34,19,1379.1873872000724,2.477664,25.32216790578269,1.544788740143451,0.786369546603543,15.360144890573867,0.02759717048795629,7.593822663853051,3.50987808853436,10.06706122043849,0.7175965246191086,12.325217146301688,0.17915828106586085,3.5098780885343586,1.8652070595690529,1.6331407782120464,0.5067650432185158,7.1500119589927085,0.9999457605251246,1.8652070595690537,1.309947754645041
HIP109149,331.64713,-34.409575,30,25,6261.966598900035,1.58438,2225.8365822117853,172.50596691184666,0.8564610844652228,3032.206634909664,2.3244934289401442e-05,1792.8368786772307,679.2436818698651,1.0089368563441607,0.6040980846344175,1048.0992656139122,0.44693987125518975,679.2436818698652,427.38513100496516,1.001369910592643,0.5040585926523931,493.63248425238817,0.9964405238584271,427.38513100496516,300.97789036539035
HIP1119,3.49926,-10.95429,21,18,160.6675932961516,1.6738374999999999,22.575836626989748,3.918721787711014,0.5466791795044524,23.95885586284341,0.46693524216140747,22.742257039354083,15.312157825079469,1.1831192437124562,0.5205591726751528,17.5159047005682,0.6062596174315069,15.312157825079469,10.602393136752823,1.3627446420369087,0.66372963382881,12.225910919177553,0.07468154381621062,10.602393136752823,6.148203052911202
HIP111978,340.23118,-31.989495,56,38,4837.8557142000645,0.7221884999999999,2.381581589835909,23.738251787046448,0.6787696325058326,2.9759931344369086,3.5239057781688565e-05,2.352343869424134,1.3332423646236842,45.425875250704834,0.5045770055356475,1.9057052528373986,0.04384966268390089,1.3332423646236842,0.9384198489700073,1.0454351530383061,0.4424905512232474,0.9694826428407637,0.2699061246745481,0.9384198489700073,0.7006857759471675
HIP112414,341.53511,-48.97905,267,142,4946.291488799732,0.7420710000000001,3.850944411870197,2150.5615168694485,0.3381884032671799,2.9574880917527944,2.5969000283510013e-09,3.4079119884203357,2.77239787152516,193.21451128123948,0.534068742077554,3.0997101371500593,0.0,2.77239787152516,1.8924154289623905,1.9674203447753593,0.13685419371389762,0.9547816969389367,0.18697565838883745,1.8924154289623905,1.7581606778702605
HIP115126,349.77819,-13.4588,116,22,1499.9928914052434,0.42083539392086416,4333.239527183248,1499.9928914052434,0.981940576293329,4038.502572281329,3.3284486278262193e-13,2506.7589065588522,336.87168619309364,789.4699428448648,0.892747848631789,449.4610706823637,2.814661453798273e-06,336.87168619309364,110.32336924930924,576.9203428481705,0.7892887152969192,162.87202279844198,0.001226581774472768,110.32336924930934,50.642065908536
HIP115381,350.602275,-0.414955,26,26,3680.0041833999567,0.931522,2.011740436550134,93.87765773979477,0.452071835709609,1.797275826546519,0.9927021033004155,1.581089662670888,1.17035687703115,2.7287588487319847,0.42090443859110915,1.1331879097423312,0.9998822849208606,1.17035687703115,0.8906220218663659,8.18870534801948,0.49156221363596847,0.9191895860486272,0.8846860854030709,0.8906220218663659,0.6350564613118426
HIP116374,353.7215355,-34.669405,24,24,5568.893193599768,1.502731,186.52098875417747,5568.893193599768,0.7793337209312992,66.6615792330119,0.003239448630257602,24.144828254915833,11.342064338104487,3480.5582459998536,0.8480492827717007,28.1264279189326,9.372154599895932e-05,11.342064338104487,4.42123382204083,2.0580558016185977,0.6311767214255473,5.777925777084538,0.3475662692787612,4.42123382204083,2.6850516592019433
HIP117219,356.50847,-40.18308,46,15,1962.7410726612434,3.734944249185443,325.2552561982384,18.81822696703013,0.9106420596454894,383.0462910544543,0.003335339283855321,281.33634658462245,84.09930725744542,1.745434479912177,0.8864680746381779,125.65106797940483,0.012390205109284347,84.09930725744539,28.3368401212297,10.713652143347396,0.6118499160585268,74.65843237257016,0.9999795506104351,28.3368401212297,17.654330884979387
HIP12961,41.68015,-23.08514,49,49,6540.9863094999455,1.467143,17.9478770311955,57.47791133128247,0.9258670111510512,24.050621582676847,0.0,17.90515911816582,4.8751046172063415,28.802229456186463,0.45409571695298473,4.767919218255986,0.010710219270381849,4.8751046172063415,3.6019874118223973,1.1659719976291816,0.3257677890905019,2.939881333894505,0.6738878310570295,3.6019874118223973,2.9576510866193386
HIP14101,45.4641231321,-16.5933639678,47,36,231.1392993000336,1.748914,4.1160415247616715,1.0397629298247117,0.4027847671027308,3.4283532496535387,0.058485308521324275,4.0360747264081125,3.119066517572917,1.2334007433299543,0.348667670938048,2.453680209896492,0.21458158236361946,3.1190665175729158,2.5172477084501406,12.165226278949127,0.2921352107746895,2.029742972657797,0.5999600112621184,2.517247708450139,2.117878829941938
HIP1608,5.03635,-17.060945,41,39,314.1783596999012,2.077628,3.92591671137887,37.852814421674864,0.3699569798808589,4.441965650311993,0.0920307232805958,4.081366473471475,3.2395948130764243,1.6684989893781275,0.3797667553563156,3.0497769522451095,0.07073185649441971,3.2395948130764243,2.551339280065658,9.696862953700661,0.2962982887398798,1.9550101586234507,0.48779641682164665,2.551339280065658,2.1402402092683968
HIP17157,55.1233745,-47.92558,36,34,6540.187052700203,1.703805,41.68095266577383,1.1500645446824576,0.5852738222158006,9.19521813641748,0.018577784481180415,8.1595415599851,5.25468254029319,1.7302539889151034,0.40521500322622295,5.282677951905528,0.9697505469130753,5.25468254029319,4.052532309161109,6.145637147810749,0.3374795347503353,4.597767647682216,0.9999999456998547,4.052532309161109,3.298573267880058
HIP18918,60.826359,-22.81552,46,46,6560.14054539986,1.4764925,9.064968084634652,108.0748030543635,0.5231720043483348,9.120231402090065,0.0016706945615944102,8.952015665522142,6.181611489733509,754.0391431494096,0.41498527694134735,5.22557503532769,0.1047059644188304,6.181611489733508,4.728083137921041,11.807308397047992,0.47604698562116105,4.6641655637580115,0.01147713373915471,4.72808313792104,3.422404010422008
HIP2247,7.14275,-16.22626,31,31,6219.126077699941,1.342387,117.69451007701045,522.6156367815075,0.8765633935348206,145.33782565381398,9.603427941762277e-09,116.74285147627984,41.01590359325503,139.44228873766681,0.5179066902738224,56.605823099739155,0.3765425148527808,41.01590359325504,28.478547555812167,1.1080650817268183,0.3738246716499345,26.792873927449282,0.9999992945622838,28.47854755581217,22.535428067228576
HIP23309,75.195635,-57.25805,20,18,4029.9946350976825,1.559421,69.50176603600683,2.270675363476267,0.7000140168280605,102.58228986327833,0.7998185381370975,57.0107084917459,31.225321565031702,12.912510846195701,0.6644178666087437,60.75550084883994,0.9643752305302804,31.225321565031702,18.088657464628543,1.6534668014186513,0.6262284161078681,27.267342315852645,0.9987957055680593,18.08865746462854,11.058837466209365
HIP26013,83.269598,-26.72323,87,72,5584.854861199856,1.307709,7.900355784367649,1.0258734131520681,0.34049665796029527,6.205125411368334,0.004893670764760882,7.154029978969329,5.809774232676995,30.73668057897556,0.3789580619447258,5.860466665925763,0.0006551468851275777,5.809774232676995,4.578463120433577,137.89765089382368,0.3829005551656234,5.413775557191518,0.0005293130813159852,4.578463120433577,3.596642717767507
HIP29788,94.078737,-59.21631,82,42,5638.756841696799,0.6468402532925766,1.9649975045772374,1.1674203104898024,0.47029722737370405,1.5756852913366501,0.04326448754094103,1.637769035848145,1.1919794799477053,2.006675032632311,0.3874404412908464,1.4384974710428664,0.4783118361700015,1.1919794799477053,0.9329168552572872,1.2899791457029635,0.3682916226112691,0.7897309209190769,0.6833684188762263,0.9329168552572871,0.7414831015226896
HIP32127,100.64818,-56.44577,29,23,3977.120142013766,1.157738224333004,1.4672462167927394,2.0559967648954527,0.3999926762648014,1.7243061454262676,0.9999999999999708,1.2686743525476527,0.9827169253722554,1.4302586190577065,0.4809662567239127,0.9313930977865754,0.999605814682929,0.9827169253722554,0.7079885473835906,11.324373980677002,0.5139281942430486,0.7958748477536388,0.9850176887101856,0.7079885473835906,0.4936014739996767
HIP32393,101.4294595,-20.85176,38,38,5306.340630500112,1.8253795,29.55158598615704,2.36847912448675,0.5072497638658977,33.353866387408644,0.043986884958001404,29.390900699071768,20.63128678412951,3.0431499859494835,0.46009376523257906,21.393740171363927,0.1839030278477215,20.63128678412951,15.15952129074212,1.2657047587301102,0.46262346721108144,17.111572285441213,0.17144208060361854,15.159521290742124,11.112834222544844
HIP32812,102.601887,-51.045745,30,30,6509.207144000102,1.3171819999999999,5.834269992267957,34.90191498123378,0.4942304321673217,2.347166667418439,0.7266272315085703,2.062859300767864,1.4670535095766541,3.0372857748122346,0.528556997954999,1.716256010948369,0.41649137224161725,1.467053509576654,1.0073039835617479,4.923012512479278,0.48550396993559125,1.0126857479432412,0.7993441015419172,1.0073039835617479,0.7225228152436068
HIP35305,109.39787,-15.64273,21,21,5832.01286830008,1.897786,52.50092800127942,5832.01286830008,0.7595065372473829,473.80192994374454,0.06316552997109404,12.082391562568686,5.925220870774605,2.157846919117949,0.6742857297582497,9.627303634555448,0.5222627856748614,5.925220870774601,3.381605468624007,1.266920007016723,0.7147181845915366,4.744993758180276,0.22572359425638244,3.38160546862401,1.8061756453702056
HIP35965,111.20283,-51.32693,25,25,6273.818799099885,1.536615,11.499394951531015,154.14788204176608,0.62513958605693,4.751881614702401,0.29085253071194606,3.9081105882497034,2.392773745066318,1.0149346920811906,0.7551562789374594,3.3470413572072673,0.0048450370671265786,2.3927737450663176,1.1839847823325849,1.2278973654636318,0.6093192629544532,1.4382115439980165,0.40526313653083335,1.1839847823325846,0.7400432806260031
HIP36985,114.0296055,-3.11174,38,15,1624.66165292589,1.073420836990829,501.4615864561959,1.168653181503302,0.8332415738926577,34.390204759733294,0.1889172547650685,24.690346518917668,10.082566119802218,1.006044741424169,0.728451973965804,46.449637286625304,0.9091927182331938,10.082566119802225,5.254052439528396,3.8389925636245046,0.7185876444273167,7.622904048448863,0.9431872711370488,5.254052439528393,2.7871862047954936
HIP39470,121.00905,-35.27574,34,33,6558.999319199938,1.731047,216.7202486490616,6558.999319199938,0.7305036708261153,313.1006176963895,6.990199493084326e-05,143.7209498528248,74.60990822902245,4099.3745744999605,0.7630560526342054,166.28998994072867,1.1529247205599447e-05,74.60990822902245,36.31778183565676,2732.916382999974,0.6194685814895742,45.44039079735448,0.008716311193264104,36.31778183565677,22.403433140959898
HIP40459,123.92077,-26.009135,32,31,2647.7881142999977,1.45348,5.601913449955199,1103.2450476249987,0.66211715639219,5.494720201695361,0.0011502647536473232,4.709880775551327,2.737744933588302,1.446325511716828,0.4795171534522223,2.8195434800470816,0.32486808244542,2.737744933588302,1.9751323148201352,31.596516877088266,0.4637522817517828,2.332032842938701,0.4444195428449206,1.975132314820135,1.446368394207446
HIP40774,124.827421,1.33819,29,21,4410.884354844224,1.4784882452330914,15.39399913697798,2.8833078538660093,0.7516589698245832,22.141723477202472,0.061805889828305705,16.486768881320675,8.215987861651,1.177680449309612,0.8096649026246255,11.626617528857302,0.007566968836702381,8.215987861651,3.584422776177635,1.2925668439103946,0.5271312152877983,3.8362380884548832,0.9999839198663512,3.584422776177635,2.464844643376952
HIP41659,127.40839,-54.27569,26,26,2646.7817055000924,0.8658425000000001,2.1150002339557914,101.40926074713006,0.5431404228373411,2.9017851380596733,0.38049809138342505,1.6460571859455082,1.1125929041121603,3.945709161449157,0.5089106840546533,1.1605552282291332,0.6536178336606577,1.1125929041121605,0.7796802417026961,1.9999861761372935,0.6080032037512384,1.5447987815093185,0.08501684318425795,0.7796802417026961,0.48815505122130726
HIP45301,138.499034,-27.52002,26,26,6485.090899199713,1.3665015,5.557646340867966,2.2476314072019252,0.7046425736615026,7.518581431023192,0.017645596091272475,5.183776490099557,2.8172164473247285,1.1404763904823374,0.5505233449883765,3.84882736881131,0.7685160577123578,2.8172164473247285,1.8887469903622214,1.416020546574024,0.5046183499252133,2.291159260091208,0.9828028688319304,1.8887469903622218,1.3293634776075947
HIP49067,150.20018,-9.51593,110,109,5208.811083799694,1.464301,11.34404775148671,241.14866128702283,0.47225101418992205,10.527038221956293,1.9079959834300553e-11,10.905200664564516,7.922228509003809,5.596058319509769,0.35511971146391386,6.7313184322766615,6.450114772293958e-07,7.922228509003809,6.361901141900812,1.0091270480267533,0.13503409123922192,3.554470949295217,0.9366308782335359,6.3619011419008125,5.916793490632096
HIP51073,156.529134,-17.97664,25,23,6211.0604653996415,1.9728690000000002,4.600707635065368,48.71419972862467,0.6663314968480515,6.207605101386715,0.27267038082536843,3.8730424397570764,2.237226023616455,7.913186986112428,0.6493354733503017,3.7772292605494626,0.39218968591138603,2.2372260236164556,1.324816656730752,10.094361230943678,0.6600718770255957,2.147662025615622,0.3136359760022901,1.3248166567307518,0.7724125613328061
HIP5114,16.38823,-66.741015,20,20,2114.125288200099,1.6837905000000002,3.4449741324910303,5.100422890711937,0.8321943682907709,4.4048782928904675,0.0013276511854363182,2.4853395943604077,1.0180966412477295,7.212982900716814,0.6819578377480183,1.5789453252983332,0.1984580342048703,1.0180966412477295,0.5741579113609345,1.3000401477063694,0.5801949957785582,0.8266047467010279,0.8698981884112865,0.5741579113609345,0.3720104664881258
HIP52776,161.85622,-22.2865,29,29,1198.6891768001951,1.616321,17.443778542671353,1.108870653839218,0.47893017201838683,16.632795109379376,0.29276808763035944,17.876432526356055,12.904132603702518,7.654464730524869,0.590072617071104,14.765510196832237,0.017116226228776177,12.904132603702518,8.261944670335184,1.5607931989585866,0.5000374561622571,8.119218861827168,0.18663081417936278,8.261944670335186,5.841858275624738
HIP54597,167.60872,-29.41391,70,67,6294.712055800017,1.495095,26.53244105491105,3313.0063451579035,0.8926362591975472,34.84608382633152,0.0,21.732594698726384,7.120990365428089,5.904429280367711,0.261327297365487,5.881732487289531,0.4090015356208525,7.1209903654280895,6.120211396499266,3.321923086073152,0.18446749254397818,4.1673933442381985,0.9999879130506841,6.120211396499266,5.526969419846992
HIP58289,179.316878,-6.976295,32,31,5869.063758899923,1.398697,14.059063355047291,3.2076645127069594,0.6599706977814136,5.536369488405069,0.0047551927740175914,4.804210151738272,2.8014325387989163,2.873752024139413,0.5154314513635678,2.9074015580455534,0.3790898094913362,2.8014325387989163,1.95010403032646,2.4957746891052572,0.5512573966453391,2.0518889511807705,0.16102514371164967,1.9501040303264605,1.3063406205952424
HIP58348,179.48902,-51.50114,21,21,6301.805369600188,1.322176,4.241970004366228,17.129125766784952,0.7685219026868416,6.409551798168164,0.050611307159616814,3.659111246961883,1.7604778506274135,2.0999717983272297,0.6152424378975667,2.4855052329308522,0.9515340971525811,1.7604778506274137,1.0920037946462613,2.3132682510829543,0.7570217767099058,1.9240967227017072,0.07369208854338005,1.0920037946462613,0.5382794791736208
HIP61872,190.19078,-33.37119,21,20,6186.939401300158,1.5501905000000002,4.0620990863645625,1.0237514315286358,0.6405664253091515,4.108038767477018,0.9435860199095296,3.01574894379887,1.8080253087163005,12.857313801538151,0.655493243634641,2.568177936280994,0.8764991600249096,1.8080253087163005,1.0612149932688129,1.3180527058585763,0.678147391524884,1.300366308191994,0.7151144326992267,1.0612149932688129,0.6020490757861602
HIP63157,194.128525,-24.92473,43,42,5727.309441300109,1.5408724999999999,8.493193075038793,56.04020979745707,0.4254952964182611,7.22068489023753,0.18270061896710976,7.018435814139238,5.319699822825488,1.766815597637004,0.4363459431577104,6.002261096644819,0.1321873609244334,5.319699822825489,3.993865593751317,1.6678731009348298,0.4368173209647353,4.123247041520476,0.1302955805463727,3.9938655937513174,2.9972163296913665
HIP63719,195.86304,-24.42025,35,34,1065.0758256004192,2.8596925000000004,11.061843178588386,1.2759983534208932,0.5601616895552387,12.678265443025884,0.00473487165855635,11.115663402837518,7.371942080354049,11.46475592680753,0.4889369850862124,7.914369529282004,0.04408730204907563,7.371942080354049,5.270103455024491,3.043943485568504,0.3095623727711193,4.2271259794149865,0.9837171195023167,5.270103455024491,4.379064745904478
HIP65924,202.719102691461,-32.6301656348175,23,21,6126.22093540011,2.118739,5.001497258683683,4.159856681876899,0.6848567414347897,6.302815385045295,0.44895795380631154,3.905664315691116,2.1925470635912694,5.20981455514934,0.8211447104392172,3.5578415828748615,0.006393560135266152,2.192547063591269,0.9272563556219127,11.189444630867778,0.6839487733927907,1.4559013874840925,0.45655137276199964,0.9272563556219127,0.5212889977734384
HIP66918,205.709106,-21.71171,21,21,5441.119798600208,1.376106,7.8549884373127155,213.3772470039298,0.8312040579954524,8.294449202842442,0.003578695719648972,5.705747681405023,2.344194071410536,1.6478754046458735,0.7431206557166745,3.3067478133542814,0.0980030310262664,2.3441940714105356,1.1881141143455942,2.377280583100406,0.7204355510581976,2.042293157172882,0.18371202652275198,1.1881141143455942,0.6282017282352347
HIP69570,213.602815,-48.14787,23,23,3036.7343735997565,0.897217,3.204799059090921,1.0695739551985624,0.6986860733286346,3.7316198508852674,0.033539520504530795,3.022422107428022,1.6590700362651367,1.24262802749806,0.687615393861951,2.0005979581318356,0.04692655849993921,1.6590700362651365,0.9272770943971309,2.8621436131948714,0.7485018304388039,1.106059409506809,0.006109562274635771,0.9272770943971307,0.4650256904051394
HIP69929,214.66097,-18.71615,43,19,1406.9450073000044,6.388140751265227,3081.821880467706,43.290615609230905,0.9773661720389882,2388.200232371827,6.436997601610983e-10,1934.9654908130183,291.10671884822096,1.3666294388538165,0.7723031145476461,349.3627922745329,0.021063059486525426,291.106718848221,138.9091245461813,1.2715273450519695,0.6854410406222714,169.27467395151862,0.21360949338143664,138.90912454618123,77.90795487912207
HIP70681,216.85542,-18.41076,21,19,3309.9076232798398,1.7413760000000003,2.0109852619568658,3.983521029341484,0.6969203540152992,1.8049093609171938,0.3481524481938538,1.5304325106627519,0.8425439576352673,8.458746801124045,0.750934037471785,1.151104214774033,0.09351938389999814,0.8425439576352673,0.42048427475729105,3.0633110812400175,0.6349523204899736,0.6260880297607404,0.8222724537046531,0.42048427475729105,0.2540531328594022
HIP72779,223.155745,-25.45485,30,28,4370.932108100038,1.4161770000000002,4.511592719301746,17.539855971509,0.836514605737864,4.908101134599207,3.939840787059445e-06,3.7339218353474295,1.5097488303657118,9.922660858342889,0.577937775246445,2.296583578455085,0.1934079698904443,1.5097488303657118,0.9808281997748567,2.565853893806893,0.6519231549039024,1.1880750549548946,0.023155773478234387,0.9808281997748566,0.5786693909498105
HIP73427,225.0796545,-24.455045,53,35,605.1694701747037,1.094163861650076,6.414138195129182,7.718998344065098,0.5476331323272843,6.084801181073429,0.0027581472018883835,5.78980218492021,3.8941181145479806,18.064760303722498,0.39046112007801886,4.245423651342036,0.2449840835683239,3.894118114547981,3.040253705886335,3.733309501386204,0.33862586006206713,2.614475443841355,0.6307641180968927,3.040253705886335,2.4724836673282407
HIP74778,229.2370662915,-60.95725557726,29,24,770.9737658998929,5.5778185,278.2942426272445,1.308953762139037,0.4317473556510429,251.93168182155532,0.933314939321355,252.95124822139408,190.6810608930054,23.083046883230324,0.4442801011731708,204.92242468319455,0.8853339049343777,190.68106089300542,142.1462914366839,1.9839777815231414,0.5970002260076775,176.17341947984303,0.08332063283753088,142.1462914366839,90.23768284684374
HIP78395,240.069607,-1.7993,31,31,6134.258800900076,1.520759,56.95539844357171,6134.258800900076,0.7199483242243626,14.294479403534474,0.0003996654676469147,8.024870070895982,4.246753930688675,2.264399705020332,0.5295386729627614,4.950425087908475,0.28769028653131545,4.246753930688676,2.912856313210941,1.4781346508192963,0.46326983332527955,2.9143706918334216,0.8476898246772974,2.912856313210942,2.134013019568222
HIP78408,240.09623,-45.45402,27,20,2312.823063252028,0.938876,20.511343318743698,2312.823063252028,0.9523427390606425,22.87289987731432,6.151530929088267e-08,15.900656882922384,3.4711997443685814,46.91324671910807,0.6963693476378342,5.4658758796144715,0.15380506667007943,3.4711997443685814,1.9127244590971768,1.1643289686125797,0.7472263084942892,2.823485350064439,0.03779800152211321,1.9127244590971768,0.9616529028983166
HIP79578,243.549309,-31.66506,52,26,1767.0716815390624,0.5936300699317234,308.41459342023273,1767.0716815390624,0.990250554717748,218.74719472800072,0.0,86.30879941020993,8.522068653426755,263.74204202075555,0.9435513286308466,15.873431751584132,1.3783396646260826e-10,8.522068653426754,2.024752252289513,1.1809608243928773,0.5824835052773482,2.4272671171674873,0.1678065966648674,2.0247522522895167,1.3083041216159401
HIP80018,245.01313,-37.52645,21,21,2472.1454646997154,1.070864,6.1163604227032575,3.528108269872579,0.6875979157866917,2.5079491409285497,0.11777254208020516,2.0947661491398657,1.170826405684153,1.2719414821463861,0.6849868668174657,1.7043627544448001,0.1258399382879154,1.170826405684153,0.6571383889421368,11.755327934853618,0.5870942654226787,0.7050565484199957,0.7386682114184469,0.6571383889421366,0.42226228742229277
HIP80683,247.08916,-31.13095,73,47,3215.156256556511,0.817474,4.618299456646641,1.004391070743341,0.4224849015863716,5.690481679692269,0.023739209167083164,4.045610284369927,3.074437835250125,1.1079104950229184,0.3368245125132955,2.709911257447716,0.3750013060519256,3.074437835250125,2.5036865068606486,1.8950585032161433,0.3656053256325969,2.1832675306335076,0.16560738827037547,2.5036865068606486,1.994158679139644
HIP80817,247.553838,-14.66365,29,28,1446.9767926000059,2.2902055,35.036746437583105,15.199336056722752,0.4614356949464108,26.61801647431929,0.5773574439702202,28.904553928641587,21.212167822096585,1.5843389823716258,0.39803181528361475,19.945434560644856,0.9622690456051239,21.212167822096585,16.457801640477914,5.612788179208712,0.37502457980525106,14.87106042776643,0.9941632603706824,16.457801640477914,13.010778765929992
HIP81084,248.4231125,-9.55351,34,17,425.91728623583913,1.9245481111325724,8.931578688300336,1.395077911024695,0.6981469933634831,13.167830888409673,0.16190449165410437,10.085124051332981,5.540883228150131,1.7614445253756796,0.7433913886918905,6.885577830395107,0.05960791629479967,5.540883228150131,2.806820313510279,1.2004433095711369,0.6218018534386933,4.736049362307487,0.5348238176733182,2.806820313510279,1.726133213139738
HIP8361,26.933395,-12.768885,46,43,6579.039155600127,1.4064760000000003,7.489104675541117,1.3796294913918101,0.4239418121651209,6.282052361519185,0.16882101893434287,5.863740904686499,4.450491226323051,1.774330255832176,0.39374826288568004,4.119457985591638,0.38621409592879663,4.450491226323051,3.4652490030496153,2.8125167388851424,0.3358346081369836,3.3552899380860897,0.9369190153034214,3.465249003049615,2.824051212438862
HIP86214,264.263745,-44.32224,21,21,2942.8020137003623,1.120732,2.53313844699103,1.0924352267059028,0.6402647276693375,2.6108143587172217,0.39035973576759764,2.0196938945779928,1.2113706977266685,1.727807664220503,0.6147757796295841,1.3055624622558502,0.5875387443723101,1.2113706977266685,0.751854592136461,1.5356687437772585,0.6914642640627751,1.0357161878549477,0.12557593434909076,0.7518545921364611,0.4176251005945307
HIP92451,282.6110158163,-62.05103289581,21,21,1492.793553700205,1.621197,6.486263456801166,15.965706456686686,0.8525983221057428,10.384545763805468,0.00012762167052038365,6.562780959727254,2.5196436476901938,4.85145776308159,0.5471206803019348,2.503037188522153,0.8309271058018699,2.5196436476901938,1.6956271732939658,2.8261899918595326,0.5248775223019423,1.8625777251564624,0.9309207568625931,1.6956271732939658,1.168781035761154
HIP93745,286.3375355,-61.691185,37,24,4051.9311272334307,1.5660428162268671,3.0069793089490164,1.2311035539857909,0.790165184029715,3.2616174709075727,0.001462414744433982,2.588575800176006,1.1857678223426502,40.51931127233433,0.4789449282659137,3.6785433959097062,0.9997481966930678,1.1857678223426502,0.8559363583082847,1.6265630152275834,0.6446204004041912,1.0512597587561623,0.19615139447620178,0.8559363583082847,0.5102555315026381
HIP948,2.927091,-39.2304,33,33,6602.041406299919,1.559936,31.204326064545953,13.537095358416895,0.44677233493407914,2.533881985735065,0.8100141483034597,2.4640121877759262,1.8327144179256236,1.356045147742661,0.41220630651910894,1.8858802393123697,0.9793592397968468,1.8327144179256236,1.405100077089641,1.327977754460408,0.422016697376861,1.535741811352262,0.9533771638143187,1.4051000770896416,1.0682303278307317
HIP95903,292.558465,-54.93967,36,33,2218.0184622001834,2.181216,6.247675725255313,2016.3804201819848,0.6486824626113941,7.378875124024276,0.0005731770440897677,5.831114034802247,3.4562205619623256,1.3101887070708143,0.3659808578016954,2.994361451609865,0.9500139596925834,3.4562205619623256,2.7520266471003594,1.0563501748822124,0.5104702221243921,2.5898885679690014,0.0679786241622169,2.7520266471003594,1.9254940999842216
HIP9603,30.87663,-4.91222,43,42,6599.987923500128,1.805387,457.72282511538396,4714.277088214377,0.5163107298779974,424.4043215669134,0.00959091934607248,214.7237043563079,149.33555405006368,2869.559966739186,0.781632873251541,236.7114790678312,3.930533454266083e-09,149.33555405006368,69.78415875044735,2199.9959745000424,0.5657472668593844,116.2645451778689,0.0013104614247819724,69.78415875044735,45.98626394651272
HIP9786,31.44995,-30.17546,182,172,2863.22711239988,2.21015,8.618118095479185,1.2827503751623492,0.10568490349326484,4.0127073926798555,0.2249202295332362,8.120183180321874,7.6791138669234265,1.2285891921904653,0.11314818398547576,3.606048088187383,0.11887270967874086,7.6791138669234265,7.231637318446315,1.0547121642906692,0.08143596540357026,2.936110913687338,0.9074197709615784,7.231637318446315,6.930927496670968
HIP98106,299.067749,-72.36476,36,36,4148.624903200194,0.8772670000000001,2.9175484947372623,1.004728609915041,0.4576965925187631,2.659339761169236,0.2703482382312329,2.229844771097743,1.6420856190617745,13.161881038071686,0.44312103637718114,1.6807128582547342,0.37840119405424977,1.6420856190617745,1.2253952821428447,1.9195932367204311,0.3809922736066092,1.241934442847651,0.9137298476401801,1.2253952821428444,0.9641047862378546
HIP98470,300.084982,-33.70416,58,23,4296.097223772202,3.5647727213926625,158.77667177172748,8.122702257084903,0.6885196309250361,219.94567475441136,0.11177895324066034,145.59901230576907,81.25942954632488,1.7576700858244847,0.6147479073099822,97.04264570321756,0.5520114350803812,81.25942954632488,50.43665457146258,7.298839999612989,0.5984865814253976,69.4671722631452,0.6880745909957595,50.43665457146259,31.959229791302707
K2-138,348.9495315,-10.8495,214,83,344.13799672340974,1.778332038586932,7.154889177757416,1.0371850413604866,0.2551233211150139,5.416784512337687,0.00303456024261628,7.428661457098237,6.411398267630283,12.698819067284482,0.23820079598480845,4.529022799506444,0.007354004601754727,6.411398267630283,5.595939529445503,1.2286254791981772,0.22614472854360843,3.837850983622912,0.013630524412495237,5.595939529445503,4.92269451067665
K2-287,233.074216,-22.35684,23,17,155.72163929976523,2.292661,13.336416221831836,1.069516753432453,0.8563707505650143,23.392576544658652,0.0005145861139715935,14.245327916148275,5.39875844530133,1.1752576550925673,0.7006376088046544,8.325123596158814,0.059114427253535884,5.398758445301331,2.9538777411535606,1.8716543185067926,0.6246706876141928,3.352688742726227,0.23293347499211936,2.953877741153561,1.809667378663207
K2-314,228.247954,-16.723885,70,66,464.74406969966367,2.1655555,5.729239638841699,3.5943083503454254,0.45385938987713814,4.744296976003029,3.3317697409884772e-06,5.1159022231086455,3.780719620226158,15.700813165529176,0.379741723502407,3.3503360364988892,0.00017216679615861263,3.780719620226158,2.977561601062916,1.0300178849726587,0.18453131374039322,2.06944081314408,0.5649298261741202,2.977561601062916,2.688836529094487
K2-32,252.426159,-19.54247,203,115,516.699782375712,2.4187950784224586,5.477387205273459,1.1215536843405947,0.46606996204690027,5.347615805514889,4.00679489587219e-13,5.202245077239463,3.801307346688351,14.432954814964019,0.18196109092410956,2.405842169447368,0.007407257062137296,3.801307346688351,3.4381115666377218,1.0315427877335035,0.14528646642814397,1.9881254121304062,0.08130309706378491,3.4381115666377218,3.178558843394191
K2-99,208.773353,-5.44142,22,22,853.8227830999531,3.3858515000000002,117.81126020639923,533.6392394374708,0.8293982258362502,127.79351380530541,0.00010439421621688538,66.20155240474423,27.34386777308636,18.683211884025248,0.6727076796457906,39.68872285481859,0.03608467263995219,27.34386777308636,15.643281223194016,1.7151924128162994,0.8066750118721643,25.950299985774798,0.00032163947957075667,15.643281223194014,6.878153265925064
TOI-1062,38.114868,-78.01965,90,63,138.7496949150227,1.402903,8.180748171221852,22.74585162541355,0.2779685506640701,6.383897771166159,0.00921182897277295,7.080917209125906,6.0168276827378,8.066842727617596,0.33301790754170696,4.679208656996362,0.0008914763418893523,6.016827682737798,4.913881292295365,4.129455205804246,0.3721621692966567,4.284353953580684,0.00014976224355023326,4.913881292295365,3.8935737128344585
TOI-1130,286.376793,-41.43833,73,67,773.0035124002025,1.72067,104.31338860659325,8.347770112313201,0.9689187577468221,127.29701742303708,0.0,92.93275054342234,16.38392590942192,773.0035124002025,0.6512795844138152,54.51538593516167,2.999822612537173e-12,16.38392590942192,9.675126725413755,4.079174207916636,0.5691067669319049,10.906077691664548,2.345604155351566e-09,9.675126725413753,6.3509910252481
TOI-1338,92.13319800184,-59.54113380642,39,39,837.9300404000096,3.802191,14469.627373356729,14.62356091448534,0.9708821320561917,20951.432866268722,0.0,14550.296070657057,2482.856482159838,7.292689646649347,0.6977347115492245,3153.344817436144,6.752557225597755e-07,2482.8564821598384,1365.0411850649355,1.0739938995129583,0.45501710538203227,1402.2604519452407,0.020181776100017812,1365.0411850649355,1007.7137639386422
TOI-2202,51.227331,-73.95526,26,20,137.74745909962803,3.437443,73.65967322876432,1.089774201737563,0.8231146369632569,98.05958234597757,0.00013100125393072926,75.78990567508107,31.875522715889744,1.8053402241104581,0.4251296293934783,33.439929831729515,0.8060837682130695,31.875522715889748,24.168087126232084,2.087082713630726,0.47860698414548425,25.26612446213263,0.5269953585234639,24.16808712623208,17.45118339744575
TOI-2427,52.293842,-31.36397,57,41,103.85632480029017,1.25648,5.4149773510799815,1.536336165684767,0.4223613579548745,5.06816294585699,0.003997353178741281,5.5564475326789875,4.223041380326507,1.1013396055173938,0.41104333363174317,4.254983956966975,0.005718765270046999,4.223041380326507,3.2409102769655203,1.3030906499409065,0.3833591824915602,3.0212013920088854,0.013326265616387167,3.2409102769655203,2.544972783620995
TOI-500,106.5586365,-47.588725,113,68,527.2665126002394,1.1965806432348418,7.123460733786934,25.973719832524097,0.8178666205643629,8.900472503850242,0.0,6.785215642679956,2.895732414431946,6.691199398480193,0.42670050388428177,2.6567461200512605,9.757951390798603e-06,2.895732414431946,2.192548493572941,72.22828939729304,0.454448620030002,2.519099361202866,1.994763830781565e-06,2.192548493572941,1.6194481098424658
TOI-696,68.1776455115629,-39.7867083368719,44,43,128.87727229995653,1.845369,3.1515344729957007,5.054010678429669,0.2041659574601911,2.026254970082667,0.7761134184811311,2.9355216843605554,2.618765127700699,1.039332841128682,0.26991538848511454,1.9344301334466256,0.24209023808917185,2.618765127700699,2.2376035705950694,2.4270672749521007,0.22012860733156547,1.518411226661296,0.6343972231363008,2.2376035705950694,1.9760350392288768
TOI-700,97.0940695,-65.57785,63,62,213.67770210001618,2.1616215,5.048142390960374,4.231241625742893,0.1953821921708911,2.9579889581174728,0.32233286547481443,4.415676926879647,3.9608838826351787,1.084658386294498,0.2038355567236603,2.582526059978715,0.24901964422255363,3.9608838826351787,3.534219346028809,1.108286836618341,0.14540578819417352,2.0653694670189213,0.8938942316215678,3.534219346028809,3.267183095307342
TOI-776,178.5780065,-37.55394,64,56,545.719877500087,1.6967145,3.9374291268444943,1.0273341067396218,0.3305397303942624,3.279260648985034,0.015904937060880586,3.887012971863106,3.1803754617218623,1.1515507016249993,0.37184648883064036,2.6899471557264794,0.003056361019405096,3.1803754617218623,2.5206427048204163,5.419263927508313,0.2926984390634026,2.0230693832649798,0.06478017552582838,2.5206427048204163,2.119891327147034
TOI-849,28.716372,-29.42191,46,30,528.7150671770796,2.2754525,21.79474738416294,3.3547910353875623,0.9230044112581289,29.454556859820716,1.7575940702840853e-12,20.882646370654392,5.79453320776777,3.077503301379976,0.4565412577552253,5.4894980613810915,0.17335854537354167,5.7945332077677705,4.2717098459806,9.754890538322506,0.35211412746318854,3.8845927242057074,0.8464046993829797,4.2717098459806,3.438357268198646
TOI125,23.592178,-66.67778,123,65,258.1928966846317,1.2084064178709042,4.690501522015291,34.4257195579509,0.30865466311432194,3.9725589748360224,0.003311946855526604,4.654233803885748,3.8698641100970104,1.270634334077912,0.2903751483265895,3.0428531829606063,0.007326413068762916,3.86986411009701,3.2599438767275375,9.02772366030181,0.19383400682700094,2.032271667346233,0.302352646123883,3.259943876727538,2.9269975600240765
TOI175,124.532912,-68.31605,166,107,192.7660590177402,1.5000758900878055,3.534403787344191,3.692836379650197,0.2141125480370009,2.149795474012673,0.000782548523877713,3.3764286671940984,2.9932139198599885,12.765964173360281,0.17217747890211235,1.7253322044545378,0.01132224271227722,2.993213919859988,2.7233682806370645,41.90566500385658,0.1377086140633117,1.430766676678033,0.08889006202835292,2.723368280637065,2.5289101452827776
TYC11-1042-1,10.006577,1.094675,26,26,1244.7530679004267,2.432689,8550.311785587583,7.236936441281548,0.9947728091430447,11724.350028013316,0.0,8320.855908522657,601.5921774056577,3.61321645254115,0.5235474189535324,569.020615480225,0.30041525547999504,601.5921774056577,415.25227686136895,1.5137456742070126,0.3877960147877907,346.0080131998053,0.996459994497762,415.25227686136895,324.90777085123625
TYC111-1915-1,78.3005,6.5454,24,24,383.97635459993035,2.451253,33.301689266350685,52.59950063012741,0.9540643522142437,43.44806495693019,1.6026402427371522e-11,34.030315746631494,7.293582525334355,8.420534092103729,0.5395632130952114,7.2199371657150495,0.15126909192163307,7.2935825253343545,4.949096346962886,1.3213226242254992,0.4211700159774674,5.272462999240471,0.8021005235190092,4.949096346962886,3.7653159029602046
TYC183-755-1,115.13683245638,2.09892354032,66,65,133.78861389961094,1.896655,115.49433717173169,133.78861389961094,0.8020092633589723,28.53314000371523,0.0,20.44106969994259,9.09548903893431,63.70886376171949,0.29676092751112815,7.475989406182398,0.0028766796029993102,9.095489038934314,7.627418064628914,1.0841864983761016,0.2152735594974602,5.1278598194435085,0.07839792409546886,7.627418064628914,6.756732010717386
TYC304-865-1,196.833155,5.85163,34,33,148.7479691999033,1.8183340000000001,11.658679853282806,12.395664099991942,0.7039837228132272,15.029737812892893,3.1875418745608286e-06,11.421778427517513,6.2142901538694515,1.043845397894058,0.3275004003379977,5.613166597087452,0.37466443934973415,6.2142901538694515,5.09609531536618,7.327486167482921,0.2780546827321843,4.045547400183082,0.7320963084172025,5.09609531536618,4.330017924566701
TYC306-206-1,202.0633785,5.59396,21,21,660.2678402001038,3.201505,18535.65504776786,7.255690551649496,0.9245531530109165,24507.147336963175,1.900931164700026e-07,16599.66860401365,4559.528821332036,1.1593816333627815,0.6812679807995722,6809.357147577718,0.03886593123110138,4559.5288213320355,2574.143846941246,1.006045772055621,0.6043217592218267,3405.47626943566,0.22055788989449487,2574.1438469412456,1619.2126807011114
TYC45-1252-1,37.037984,5.59616,25,25,1189.7292964002118,5.147599,10944.307209551613,6.635411580592374,0.999602653297453,14231.767491273407,0.0,11369.700521224795,226.63857511941353,1.0464678480079272,0.5443788506689873,234.6673721352041,0.26608626138830793,226.63857511941356,152.9803917551547,1.3453910396926523,0.6040487891897515,261.2079211910269,0.0683957856113907,152.98039175515473,96.26238252827915
TYC4674-364-1,13.808028,-0.13169,29,29,1276.6594671998173,2.6988040000000004,14418.049338551973,11.398745242855508,0.961897432436994,18987.75477190773,0.0,13156.953055978602,2568.221314558458,2.1008054421586584,0.41369667205142235,2600.5026775208144,0.8006253688160068,2568.221314558458,1966.4985280501726,2.578589107654649,0.42909503358127865,1785.3245999590695,0.6852583791523994,1966.4985280501726,1485.8519418400397
TYC5228-989-1,334.49221149721,-4.86469083847,27,27,1259.7498584003188,6.424043,15030.964931516213,8.153720766345105,0.9981538965048669,19872.067209924517,0.0,15211.424268694613,653.5787173981589,5.462922196011789,0.598080249560441,980.632253165867,0.03466509144899699,653.5787173981589,414.3502219155007,17.162804610358563,0.6681659197291189,525.2498064181688,0.0038874850324650545,414.3502219155006,238.6866171585752
TYC524-2528-1,311.682546,6.30314,31,30,1316.5963399000466,4.454753999999999,10963.268604335164,1.002739025057157,0.7646558992216228,13592.283884822082,8.937828745558818e-06,10333.480572476818,5013.006705302843,3.866655917474441,0.5524217193253029,5751.244672579797,0.037338526926919746,5013.006705302844,3353.7662298251016,6.878768756008605,0.49746504285377924,3560.3016577762096,0.1576052687815881,3353.766229825101,2377.474820185901
TYC5434-3430-1,122.635985,-12.768635,26,26,4415.941283199936,2.8399085,148.9341438985286,6.955333569380895,0.5762559296386415,25.64643955001662,0.41518376743538,22.863982294709576,14.883452718433032,5.107496279435497,0.57634402548405,17.401747714049645,0.41449915071762,14.883452718433032,9.687469759415857,2.380561338652254,0.468745715442745,10.457350149956282,0.996867966607844,9.687469759415853,7.060924741790064
TYC5600-377-1,235.03695,-9.48393,47,47,1432.9594610999338,2.726251,15794.012107660166,26.34116656433702,0.9862656427517063,23537.426559447125,0.0,15304.31309899161,1793.5686815685076,13.17058328216851,0.8325989349855333,2393.81966891112,0.0,1793.5686815685076,733.832801334891,26.34116656433702,0.7297250015889095,835.5353130944532,8.703762155448658e-10,733.8328013348909,381.5048443192056
TYC562-421-1,333.7948275,2.987865,34,34,1291.6494427002035,7.1493995,9973.39436393199,19.050876735991192,0.7476917176176334,12878.959316178682,1.3796342572813813e-06,10412.904058247768,5230.43272505358,1.1140671405038838,0.7351761711262188,6409.555165627932,2.8519830289619463e-06,5230.432725053581,2691.634899296207,1.4599858061492064,0.47933148228850925,3042.3619156635914,0.06976143474440433,2691.634899296207,1942.2127916389918
TYC6244-604-1,257.081946,-20.8556,53,27,599.2419752306305,1.7851562689839402,4.238604990186054,1.042341233659125,0.6126577759493517,5.1169766335129125,0.010903416341971894,3.921059641135158,2.4403429809173915,1.926203713373934,0.571349373135934,3.3109653003977777,0.03454907856208833,2.4403429809173915,1.5977270965789279,2.9202825303636986,0.40994540689081205,1.379218349079474,0.7506024608207952,1.5977270965789276,1.22729424663256
TYC6296-1176-1,289.0369995,-15.4083,58,42,706.9310887898318,3.5640205,18.696601890596497,1.1504167433520454,0.4259872271840771,17.141865674283725,0.02418213989304485,16.179336409983215,12.258052678140363,2.7002715385402287,0.25418599554784277,8.708715239756762,0.955592101148915,12.258052678140363,10.586118481934621,3.8461974362885307,0.29184319483300286,8.58647386121474,0.6965767725781776,10.586118481934623,8.908436052844221
TYC6296-303-1,288.8291215,-16.65736,21,19,453.70859050005674,2.543762,13.458441127924532,6.5001230730667094,0.6294275204584737,9.996473750750088,0.35250319251923534,7.675414916973975,4.672383090884728,2.7298952496994966,0.5113846451627565,5.793474440444305,0.9512059752487743,4.672383090884728,3.2660437570611114,2.5262170963254804,0.5293315606512183,4.182854079680329,0.9019580608575753,3.2660437570611114,2.2406784521452296
TYC6296-478-1,288.617514,-16.33377,57,48,713.9430209002458,3.667847,14.091505198052399,1.3407380674183011,0.30677287697716576,7.973506212608343,0.2368918395633799,9.887496725723445,8.232355679869395,1.2078210470313744,0.22543109120085833,5.941169334328216,0.9472660595330726,8.232355679869396,7.2452630214037725,2.1536742711922936,0.26960093041547406,4.934054788037405,0.5645743968763917,7.2452630214037725,6.192047250574954
TYC6456-340-1,61.823245,-23.64492,29,29,944.6481432998553,7.349913,17887.21004401776,5.781200387392014,0.994856240261465,23016.57660899719,0.0,17810.52096128647,1277.3707288390383,2.8879490776516503,0.6795324299910667,1467.111858487397,0.0006265461693332197,1277.3707288390385,723.1177193722795,1.2069095992076848,0.5747443474325127,1057.5760248473775,0.021293822099587634,723.1177193722795,471.55684252642175
TYC6514-1296-1,95.7974915,-27.729585,33,32,900.8015473000705,4.8466875,13895.659838933536,5.778072785760552,0.996634084993688,26978.811746615902,0.0,14186.029728482941,823.0238831664384,2.889036392880276,0.848097480957931,1239.6921517628277,3.1336961914263384e-09,823.0238831664382,320.77087297000776,1.935126847046337,0.45477651303849337,317.9162639411815,0.16856413540407633,320.7708729700077,236.85480745101103
TYC6570-1482-1,129.572375,-23.55057,33,31,647.098550342489,3.465381,29.97606324046197,248.88405782403433,0.7140127487760153,34.07768220648034,2.9573736495147607e-05,24.659499229661655,13.187351729258785,1.1795452977442384,0.3772779299462459,12.806084376888917,0.660526374491643,13.187351729258786,10.40650072186097,1.0133080963709509,0.45281314035182424,11.638836927711598,0.17173332999399515,10.406500721860969,7.697905021059268
TYC6604-547-1,148.719768,-23.33162,27,27,1324.218461100012,3.455879,6000.8459349783025,7.575620486842178,0.9971803778221946,8574.276150998729,0.0,6014.667047306054,319.3795099598644,3.78672708350018,0.8088994572529643,431.3456228960764,7.1801914174329795e-06,319.3795099598644,139.61690630247372,3.9016454363583173,0.5521479707560067,174.91301217690696,0.12079236249120673,139.61690630247372,93.43407354985366
TYC6622-794-1,154.272201,-25.27469,22,15,505.86939420038834,2.5320460707337342,8.178214400889765,4.372250598101883,0.8285149957495552,9.806533784559532,0.03052545145787533,7.714776041070235,3.1947464581338134,23.419879361129073,0.6785355691971158,6.422858270607574,0.625999410131802,3.1947464581338134,1.8113520232341342,1.7831138322184983,0.7531564503979371,2.31630127781145,0.2053865498159928,1.811352023234134,0.8999404075081564
TYC6637-975-1,159.278474,-25.57245,36,36,1015.1980114001781,5.745861,17527.37391479491,4.935333064658137,0.9818768427143388,23822.749342125495,0.0,15754.612823629683,2120.9218413089675,2.7460048996488466,0.43174203816553564,1918.971169588419,0.11299472218066864,2120.921841308967,1598.812110106697,1.802553287287249,0.389264670437537,1662.472596238303,0.3161548996203496,1598.812110106697,1249.4645850379247
TYC6768-1482-1,233.084859,-25.43224,23,23,547.6640810002573,4.696482,79.13927292242123,3.319176248486411,0.44410652102983056,63.49132665162774,0.8737788887209831,60.36540252546395,45.00739641877327,1.3949670937347374,0.527217917636342,71.37955868350515,0.3583657483214683,45.00739641877327,30.94670359383565,1.0327438827083875,0.5268769406920568,32.776573405161,0.36032030093756207,30.946703593835654,21.286362460413176
TYC7063-637-1,81.66279735801,-34.61647460771,41,39,1361.187408100348,4.302011,10021.190349264009,358.2072126579862,0.5133996361285245,9443.142113596417,0.004550917727275228,8833.243133398531,6161.782992724553,5.02654138884914,0.6335810637993375,6406.243351845268,3.1854980563350566e-05,6161.782992724554,3729.884244801241,1.3035696304351154,0.35148492543587323,3279.515896066151,0.5011638920812325,3729.8842448012406,3003.691956925061
TYC7167-584-1,145.319233,-31.81961,24,23,989.2467396003194,4.414164,14481.851981142338,5.545105042602686,0.975895134952999,20648.655591192524,4.388711616343244e-13,13563.826718074473,2105.8846798083696,2.7733297998326862,0.8371595507402473,3335.755854338423,3.2105516301061954e-05,2105.884679808369,849.798051777837,1.2167856575649683,0.6827721533763829,1133.2638427074453,0.01794526965054799,849.798051777837,478.6316161569892
TYC7243-1498-1,180.4453,-36.44749,39,39,1160.9072785000317,4.874717,18640.945001925047,1.1195942506510101,0.5355433209487508,18403.599162013372,0.0017202369739726109,18566.839585665537,12653.497730534968,9.626096836650351,0.4198667569601472,12053.760804363692,0.08090600646942447,12653.497730534968,9637.723614551307,331.68779385715203,0.41606865760918715,10048.70677168457,0.09023914640213493,9637.723614551307,7364.705093037644
TYC7284-224-1,210.9175175,-32.55683,35,35,1189.941410700325,3.4648230000000004,14819.642978669011,11.911325432435678,0.986681351067188,21374.32141840274,0.0,14070.592426611312,1623.8371359422267,5.952683395199222,0.8359204270166212,1999.3345012457685,8.100496939889013e-10,1623.8371359422267,657.763435458967,11.947202918677956,0.7193108727769323,873.2268202061682,3.3315110608000964e-06,657.763435458967,348.48374301484466
TYC7310-1928-1,224.207848,-37.04252,20,20,402.956866200082,1.8924855,8.23142824654882,1.4370786954353851,0.6450286036093518,8.80915695624819,0.09636133243252165,7.785275661172838,4.638426445373398,1.0428490326089077,0.7341624792954417,5.58961570787048,0.00997421480321925,4.638426445373398,2.391546409238872,7.503852256984767,0.4253482292022956,2.240397213646595,0.9918346209170152,2.391546409238872,1.8129306346047545
TYC7462-318-1,313.65949161577,-32.12324789592,26,26,1298.6578718000092,4.9352225,13698.76069300198,393.5326884242451,0.6880791623875303,22949.651821202013,0.003522602600461333,13136.72391504073,7336.8436958399325,1.1826408084873954,0.5556746657872917,7818.092796838977,0.15880727953984086,7336.843695839933,4890.573667540828,1.5637060467188546,0.5146997290293179,6601.201381795919,0.3664312785348147,4890.573667540828,3406.9446037567454
TYC7517-248-1,352.1737165,-34.491275,24,23,524.7483001998626,1.71139,154.03558792800018,1.8477052823938835,0.413505664369801,168.0462578447193,0.9632411031300401,157.90438574181843,120.92778652447633,3.904377233629932,0.5828175242765199,138.87971338284754,0.12145599107626837,120.92778652447633,78.1068515749904,1.156852513668128,0.4383787199998612,82.90348326336198,0.8876643149324006,78.1068515749904,58.534364771072994
TYC7533-1169-1,16.080231,-38.30881,28,28,1264.6693705003709,4.3952215,13907.237659717468,8.255022000655167,0.9993972852073484,20713.157015960085,0.0,14072.418609401153,345.4814000594577,1.0819311921467802,0.4712552356535695,348.50216885299784,0.4530974923083788,345.4814000594577,251.21623987168954,1.8639194848936942,0.503982001079044,270.91723870142,0.2444448709475151,251.2162398716895,176.9279432159927
TYC7716-1898-1,154.191241,-42.55939,27,27,990.3124131998047,5.263715,13620.13629103314,4.378038961979689,0.9953123884449535,17851.4554547292,0.0,11035.127706127123,755.5325360840329,4.419064762158882,0.20027141752988445,461.2071287517083,1.0,755.5325360840328,675.6541995419453,1.752765333097001,0.12038266508662043,401.5677366643717,1.0,675.6541995419453,633.6819989408899
TYC7730-223-1,169.90966055431,-39.46211815659,33,33,1289.3259119000286,4.423732,6740.163612354453,4.213483372222314,0.9996672932238273,10993.709926562342,0.0,6587.756472522888,120.1623352242694,4.1658349334411255,0.5030902589264477,127.89552011269171,0.04955191148830962,120.1623352242694,84.70462322353544,1.3293390162903682,0.4620395099854829,90.56964710569946,0.14842374616661724,84.70462322353544,62.12727501668229
TYC7931-842-1,292.245759,-38.14118,31,30,1241.7202651002444,2.155869,12605.155492366079,23.340606486846685,0.9934872738692617,17427.610094011692,0.0,12350.380159548904,996.6937474993547,1.0909508567037811,0.6635261752254561,1133.8365882336075,0.0008787043205518152,996.6937474993546,578.145801689837,2.2580837699586174,0.49200486498535617,579.1100785089706,0.16985467745819027,578.145801689837,412.0663519302418
TYC7971-207-1,310.174264,-41.534005,32,30,1273.7494998998009,2.890129,8692.71565554269,14.457996593641333,0.9678881056009871,11809.379448119702,0.0,8649.868256740125,1550.038396542896,7.228998296820666,0.8366694894338024,2268.8082234236886,7.492062170655345e-08,1550.038396542896,626.4351466088243,14.425249149488126,0.5283132221511758,700.4137967894212,0.07022963255714865,626.4351466088243,430.23225553540664
TYC8011-1257-1,344.446226,-42.93829,25,24,355.0111120999791,3.376894,37.93322664795334,177.50555604998945,0.7509259766560712,73.31629870628389,0.0003252499103095774,39.39967024112958,19.663318100347094,80.68434365908611,0.7782212650900033,27.17508347575496,0.00010190141486798865,19.663318100347094,9.26012301192463,2.0356141748852,0.4726022420436296,12.667822420308301,0.4455942626851155,9.260123011924628,6.724901003905312
TYC8233-2595-1,181.14564913043,-47.61431320815,38,32,1039.183332900051,5.328107,2205.3478185689396,1.7435961961410271,0.49193842603492716,2730.265088508925,0.07620545289535607,1910.1121036177597,1361.4980731830422,1.7688226942979612,0.44358931480529984,1541.3300528314753,0.24650398767493198,1361.4980731830422,1015.5814548909583,70.69274373469743,0.47477847433117093,1046.4968347255578,0.1185618352643405,1015.5814548909582,736.0139067196608
TYC8502-1226-1,64.5214695,-53.80224,30,21,918.5952996998094,4.64464,577.5727149009834,1.9269882519400219,0.45649682000362396,575.5382280400664,0.9942852573147133,498.94688186924407,367.83695399873903,3.291276602292399,0.5487381964857765,481.7229466140637,0.6537082814011399,367.83695399873903,247.09823598609358,4.5746777873496445,0.6063145131692579,318.39700518936263,0.2826863496172909,247.0982359860936,155.04020982879388
TYC8522-455-1,81.35298122853,-55.01990130005,40,40,1177.9027269999497,8.0413455,17711.512062952093,4.79992961287673,0.9992367089605352,24828.02556261083,0.0,14794.306603927667,408.7329941999293,2.821323897005867,0.609861058532551,436.6858997249048,5.1603099801567076e-05,408.7329941999293,255.2991373696892,4.78822246747947,0.3855499349970979,265.1732707664231,0.16761156765542895,255.29913736968928,200.1209908967481
TYC8829-3-1,338.645728,-57.57084,20,19,175.74972259998322,4.322201,152.97463637929576,1.123719453964086,0.6601223359674366,165.88737494764126,0.051968693637506336,142.29509605967033,82.95665759928887,5.858324086666102,0.44697646448865297,98.95554189203511,0.8734933945820557,82.95665759928887,61.691176514196364,1.0332141246324695,0.6525563544907682,109.71025926627418,0.061010695862549036,61.691176514196364,36.3634633175186
TYC8954-1014-1,146.396023,-66.68636,40,28,145.80880590016022,1.8829825,20.32701056254829,1.1216061992320017,0.7796050359907726,20.948164155954814,1.9019020718324953e-06,15.53665562407385,7.2938759474549055,1.0520115865812425,0.496108905728758,6.718596989934799,0.03805994827477743,7.2938759474549055,5.177578760833459,1.4422235994081127,0.5108693189999677,5.897406743639703,0.026793168256718625,5.177578760833458,3.6210887289163813
TYC8963-1429-1,169.34115486652,-62.82939381698,26,26,3662.068671800196,3.0124649999999997,16.74024579740977,1.821834073827269,0.5679401799900936,15.813571800736083,0.3013424340323624,13.699981538218728,9.005170129317099,1.2873756140758608,0.5666357664505465,9.936440693891337,0.3097389081702693,9.005170129317099,5.928140043835788,2.253858119030154,0.5862020035622485,7.689376972213453,0.1998770617951695,5.928140043835788,3.813402495464947
TYC8963-1543-1,169.38263,-62.72271,21,21,1570.7700085001998,2.068269,15.218496874694626,5.2115793248181825,0.6802801213998636,15.218854637284082,0.09236299994115593,13.206312923018185,7.467348209457825,1.1065656981332868,0.5994601324283324,10.108339582169904,0.48224787477304665,7.467348209457825,4.7259516959824595,5.6340387679347215,0.5696216984344672,6.583831397612324,0.7025728336833681,4.7259516959824595,3.100376683263424
TYC9114-1267-1,320.367914,-66.92014,33,17,425.9256495977752,1.7669700337926735,3053.465052125545,236.62536088765287,0.6068350457119828,1545.893276518815,0.6266370776384962,547.4804364564284,343.2859304841113,1.229932571752166,0.21775548659233837,331.37441522543384,1.0,343.2859304841113,303.6178266185439,1.2131177715687131,0.3223359153946491,338.4694570188144,0.9999999999999996,303.61782661854386,249.9392726928113
TYC9177-541-1,96.88076743889,-67.77189475194,30,30,1317.2759467000142,4.403988,301.2969893645099,365.90998519444844,0.8061228679347797,664.1230795188873,7.197263153235767e-07,242.0486389179186,106.57760049995925,1.0755028957380914,0.5539669704606377,111.91464230800521,0.03574530528363651,106.57760049995925,71.17860109974181,2.779649602658819,0.4822000098152744,74.81608221522187,0.22369031569174835,71.17860109974181,51.218925971728254
TYC9325-163-1,312.334439,-70.48448,42,25,110.77994202962145,2.170271,12.981494397020702,1.1950371308481278,0.9306536707209647,14.84923505255848,7.42927941388416e-11,10.446399765365602,2.7509226568407508,1.0210132905955893,0.3662717710336787,6.95891653344341,0.5999727891340616,2.7509226568407508,2.1899283542553643,1.5092635153899376,0.4493826148986638,2.203314432707562,0.18836965751061518,2.1899283542553643,1.6250056173359024
TYC9361-870-1,31.681194,-81.24436,22,21,594.3170858998783,3.249553,15.532106850241068,1.062418816410222,0.5866902541889415,18.07200630342768,0.2773931096336548,15.051867738778192,9.67672092982197,1.3160254337906958,0.6205572688214769,13.247289380471567,0.14535008368821123,9.676720929821968,5.960755872943384,2.67951797069377,0.5561366275202456,6.420113817863521,0.4488868413127348,5.960755872943384,3.9712386781051654
TYC964-1432-1,247.606213,10.15733,28,28,1024.2203301996924,3.323222,14032.399661691465,10.954228130477999,0.9709181513454584,18823.05167157496,0.0,14022.409714527248,2391.297762383981,5.485914998391499,0.7033171548112017,2762.0948579631117,0.00047573656226962413,2391.2977623839806,1302.5064274466404,3.659236620934952,0.4935070622394761,1387.1756977322889,0.25299070885957886,1302.5064274466404,926.9719062959906
WASP-132,217.609571,-46.16056,23,16,390.91869796300307,2.050701574777115,45.84701753628513,7.120559161439041,0.8799706242426866,55.22385593476137,0.003359742848540459,35.74149548769438,12.382732578397391,3.7552228430643932,0.5166048085681663,13.600363382752308,0.9992693469372474,12.38273257839739,8.609296338765377,1.611371384843377,0.4085294791304135,11.200264661783732,0.999999999800237,8.609296338765377,6.621161923720145
WASP-17,239.96565,-28.0612,85,23,3008.8488599574193,5.070795,83.7140622414489,3.6242457961423966,0.6214335363098835,56.74646304562065,0.38143662176188675,40.95242360124795,25.19710686406728,7.072987447008505,0.4873890415809807,42.49957088935021,0.9993637298660456,25.19710686406728,18.040335957089717,1.954686454854426,0.36240815730628884,23.607739538407323,1.0,18.040335957089717,14.405090696809545
WASP-19,148.417282,-45.659655,90,24,3658.0579234603792,3.3305348292991424,174.63108241501567,3.747242289961465,0.7888491148092994,191.17759130852966,0.0014010487370476055,110.60513784509706,50.82434081168297,2.0044153005262366,0.459299556089411,156.79272422166633,0.9999760044357702,50.82434081168297,37.37232506233825,4.411018839334839,0.5763066618711923,50.33263329827874,0.6492063376640522,37.37232506233825,24.326293117515544
WASP-20,5.16492,-23.934535,63,17,1130.006977699697,2.10608,23.129556838693095,4.898166353271333,0.9376250759679815,30.50628767715208,1.660563675720539e-05,16.839111218944268,4.205563360047593,1.0698797365079498,0.669466512573245,6.960856674051062,0.5711954785623559,4.205563360047593,2.4178642466701197,1.2877572395438137,0.5568713012740719,3.844491045586997,0.9966698154243219,2.4178642466701197,1.609521757780806
WASP-41,190.62125,-30.63936,99,29,2210.0126042300835,3.178675,104.48021467648007,3.0525035970028798,0.9400333393795213,144.33888319755766,4.6597170566542445e-12,60.0230473746978,14.698498531119343,387.72150951404984,0.6193763784274233,44.09534545235203,0.020217108610448342,14.698498531119345,9.06819482061637,3.100466616484406,0.7108017308188632,19.65329035854273,0.0007557530384018074,9.06819482061637,4.87661743039009
WASP-43,154.909251,-9.8047,186,17,2898.202329058666,2.581658024673376,325.30279851183565,4.165879443810072,0.6832214491202796,433.8842126669462,0.946554307303498,175.90027221863906,99.0020974126619,6.890637967329212,0.7237777488659893,177.47035532924278,0.7239417321784108,99.0020974126619,52.03238410872046,1.920102245301886,0.5312361388057169,102.550597798677,0.9999999999999621,52.03238410872046,35.62466483182669
WASP-8,359.90275,-35.03121,100,24,1865.85456856573,1.3994370000000003,175.0989998053409,8.162093475790591,0.9022247431225323,209.01777581574362,1.48909266584063e-07,97.06091550186959,30.350011931150302,4.080154315691514,0.7114194303264934,51.93699743766488,0.0074418853695494835,30.350011931150302,16.303934027507477,1.9550026912884841,0.5318559694664445,33.32353092594956,0.6105636671682326,16.30393402750748,11.155323118123869
