target,peak,P,K,FAP,nn,span,rms,med_err,nknown,msini,known,Halpha_p,Halpha_fap,Halpha_Pbest,Halpha_fapbest,Halpha_r,NaD1_p,NaD1_fap,NaD1_Pbest,NaD1_fapbest,NaD1_r,NaD2_p,NaD2_fap,NaD2_Pbest,NaD2_fapbest,NaD2_r,CRX_p,CRX_fap,CRX_Pbest,CRX_fapbest,CRX_r,dLW_p,dLW_fap,dLW_Pbest,dLW_fapbest,dLW_r,FWHM_DRS_p,FWHM_DRS_fap,FWHM_DRS_Pbest,FWHM_DRS_fapbest,FWHM_DRS_r,BIS_p,BIS_fap,BIS_Pbest,BIS_fapbest,BIS_r,RHKp_p,RHKp_fap,RHKp_Pbest,RHKp_fapbest,RHKp_r,pre_n,pre_K,pre_eK,pre_phase,post_n,post_K,post_eK,post_phase,ind_minfap,ind_maxr,ind_worst,prepost
GJ17,1,933.785730666205,0.8202027171925486,0.0,342,6629.878687730059,1.510341071844499,0.3011152627999269,0,0.0394444328170989,,0.0358519469987388,0.9999994368551224,182.1395251173195,0.0,0.0631458397788597,0.024563748603023,1.0,370.38428571343184,0.0147598098106469,0.0232567910282118,0.0372955523417309,0.9999828567273048,120.98318821661368,2.502209550669932e-11,0.0356246810322283,0.0544601164777175,0.4108432399196791,1791.8591119649805,4.09285959679373e-07,-0.0580050832681111,0.0284623128894506,1.0,381.0275123143925,1.794159273371676e-07,0.0547714102028128,0.0458423467193693,0.9225365264458862,6629.878714270424,0.0,0.002386188339365,0.0120039548180892,1.0,45.59411809936727,0.0086910300517851,-0.1298061185825715,0.0160939818987668,1.0,3683.2659523724583,1.5843856493447109e-07,-0.0884159733502514,262.0,0.8339718238623833,0.0320699819205945,202.30008853554952,80.0,1.1609001742443208,0.0890103336775634,237.8127751931076,0.4108432399196791,0.1298061185825715,CRX,3.5s/36deg
GJ2126,1,274.11729206638086,15.99962336387197,0.0,110,6195.050800700206,17.28322418550614,1.879805,0,0.5113724629132358,,0.0513422759935948,1.0,21.5480027850442,0.0272308272513224,-0.1518222504420563,0.0265312796471797,1.0,1.5192139881063829,0.121659136078758,0.0811227850436368,0.0430988553849814,1.0,1.684765385956381,0.2248004156162202,-0.0496766667414377,0.0364228635457504,1.0,1.0886463291568915,0.3649233752988609,-0.0940239226259741,0.0475299618384365,1.0,1.3769227419763976,0.0216188925945998,0.0639657154008829,0.088235883446893,1.0,1.1825828941681014,0.2126258949572377,-0.0930090356656538,0.0445842080197044,1.0,5.891631764812371,0.2064527232864834,0.0265958308489022,0.0360525650453611,1.0,22.252337646193272,0.0496280042026813,-0.0816503829675896,91.0,17.139612115100135,0.2901588104946823,350.88027844532195,19.0,13.18956250528829,0.6219199896425315,335.4535065177148,1.0,0.1518222504420563,Halpha,5.8s/15deg
GJ273,1,417.4221564285942,2.193053440206061,0.0,263,4675.128152000252,2.652889464288964,0.858793,2,0.0353309362846805,GJ 273 b(18.65d);GJ 273 c(4.723d),0.0387202031446079,0.999999999999944,687.5188458823903,7.264966406239637e-12,0.0915704354056925,0.1760533293404798,9.74730886005304e-08,467.51281520002544,9.74730886005304e-08,0.0905733010852262,0.1748596659858852,1.2896327439282373e-07,2032.6644139131536,3.3169963442603034e-09,0.1156815568087011,0.0872781889216248,0.0367355016172703,396.1973010169708,0.0367355016172703,0.0368572372301212,0.1838784490851955,2.523624098582644e-08,360.13644706401953,1.5250174456582501e-09,0.0394453419854687,0.1030388681862277,0.0044398611209122,2032.6644139131536,1.2921341774330128e-10,0.1165741159621932,0.0377882718349696,1.0,2.001596160465922,0.9478306275261176,-0.0495902437431759,,,,,,221.0,2.38321415469784,0.0919449602233974,84.93679056180565,,,,,2.523624098582644e-08,0.1165741159621932,dLW,
GJ388,1,2.2290862331503973,24.842373412037205,0.0,124,6293.824979300145,19.492586131793185,1.39413,0,0.1596678495869984,,0.0136247204340612,1.0,3702.249987823616,0.0168387134089815,-0.0175588693260346,0.0638962820434025,1.0,2.1850524160880944,0.250802099614214,-0.1300360886875764,0.0385629944332841,1.0,2.1992539588022035,0.4138069609116299,-0.0505850468581487,0.6317282670951895,0.0,2.2290862331503973,0.0,0.7991672318373001,0.0363744628014884,1.0,2403.8067035000618,7.112247140561578e-06,-0.0554661010844932,0.1282423062112677,0.8327658843874922,749.2648784881127,0.0002245681085309,-0.0347160516159089,0.3480152131384119,5.571523242764442e-08,1.8022005495805475,1.5998879998591062e-10,-0.4478438271241148,,,,,,40.0,26.97181450874128,0.2225032627374016,295.4304697232003,84.0,24.30113445582591,0.2115417868602049,302.7980750328079,0.0,0.7991672318373001,CRX,8.7s/7deg
GJ674,2,36.71947546544904,2.4081226127157485,0.0,248,5632.767536399886,6.701026218776792,0.9443455,2,0.0195586203086871,Gliese 674 b(4.694d);GJ 674 b(4.694d),0.1788328235352227,2.493792835567277e-07,32.94016103157826,0.0,0.020040856636982,0.1605932048572687,3.5588435876032776e-06,1.0283651981596895,1.4443146678644323e-10,0.0262584552129312,0.1213072757192477,0.0009009993974036,32.95943555529482,1.1453850312648228e-08,0.029634959410525,0.023775779779698,1.0,1.2739494597760677,0.7337739513571888,0.0993132271333249,0.1704513881992697,7.7610982218701e-07,33.32998542248452,0.0,0.0022259168834785,0.1633147536373294,2.1975337258783867e-06,1.0283651981596895,6.252776074688883e-13,0.0274467358545589,0.043829721591852,0.9999999999847954,1.0116502696528105,0.4840011336216512,-0.024262405448024,0.0290352787061701,1.0,94.64301638982366,0.0924807234048902,-0.0776032496390734,176.0,3.0440398660676644,0.0906484384935417,47.0918900781649,72.0,3.779927343968252,0.2138642200670476,29.35930584975838,2.493792835567277e-07,0.0993132271333249,Halpha,3.2s/18deg
GJ785,3,39.44089433258125,1.0806256534739704,0.0,403,4717.130962176714,2.8541119628199163,0.4213539349073928,4,0.0155967083133355,Gliese 785 b(74.72d);Gliese 785 c(525.8d);HD 192310 b(74.72d);HD 192310 c(525.8d),0.0181768933219356,1.0,1.0142620303872334,0.0002978185272838,0.089159895575265,0.045930873749395,0.347525901746393,371.4275473169248,0.0,0.1210367635298202,0.0092591495280362,1.0,3628.5614237884206,0.0004310474474998,0.093445609514627,0.0476479025721627,0.2529934589558149,3144.7532339499644,0.0,-0.2502974179083823,0.0542095222459348,0.0693837397411226,3144.7532339499644,0.0,0.1560395005407644,0.0482269100393965,0.2327785099355954,3369.3784649463905,0.0,0.1806536024352592,0.0650577475637073,0.0758378425809053,3369.3784649463905,0.0,0.1874418682176609,0.0636644971599252,0.0100126959370472,3369.3784649463905,0.0,0.2542261942929144,330.0,1.5679876138542086,0.0307669747873682,284.6687630480069,73.0,1.75879535552043,0.0655227214953537,306.05598364125683,0.0100126959370472,0.2542261942929144,RHKp,2.6s/21deg
HD190622,1,308.8056840769088,21.886579433663083,0.0,97,802.8947785999626,16.78458013593659,1.6043270000000005,0,0.7278721268016665,,0.167057218842192,0.1505772564710367,1.000118060039814,0.0618135608137714,-0.2432151944798488,0.0420863593005367,1.0,3.20644879632573,0.0750701941164974,0.0775586626069199,0.0713718557565806,0.9999999999951222,1.0082817764661094,0.0356456358010833,0.1158440302053097,0.0743378191974659,0.9999999998121596,2.27063002997727,0.0631266148101741,0.2566071628835885,0.2980803599742664,5.707126661058659e-05,401.4473892999814,5.707126661058659e-05,-0.1938928968328079,0.2310418948061562,0.0039598652052257,133.81579643332714,0.0022248943786136,0.2519092614822332,0.0948790394021358,0.9995971657707488,5.282202490789229,0.6935503274438146,-0.1115160931864721,0.0331319060889533,1.0,3.878718737197888,0.2524543621022244,-0.1126237802812039,,,,,97.0,21.88657943367092,0.2988084652754003,218.2352685481269,5.707126661058659e-05,0.2566071628835885,dLW,
HD114853,1,74.52708689123814,2.194811814149295,0.0,135,4933.693152199965,2.1661236400549093,0.78583,0,0.0454447904706028,,0.0470331204466506,1.0,368.1860561343258,4.506983675156561e-10,0.0914481517317536,0.0568939754037297,1.0,6.775189717385287,0.1543820937134297,0.0258828592888918,0.1016418414357608,0.990443128459198,368.1860561343258,0.0,0.0815925065001152,0.0537857482691153,1.0,1.3956699157567087,0.0060221638918255,-0.1170707403844157,0.1424968677922608,0.1885571891950381,349.9073157588628,8.955521674680611e-06,0.0296626345870341,0.0803991981316851,0.9999999986248784,1701.2735007586086,7.840891358412706e-08,0.0470692465075547,0.1088869637423892,0.9251983116702296,13.878180456258692,0.4794576699814664,0.0583773114045328,0.029559156549587,1.0,1.3566028245160486,0.5177467434380693,0.1833112968497842,71.0,1.5146422239378576,0.1283803170229058,44.31555278567664,64.0,3.201137945146564,0.1576401849046368,23.31284581450757,0.1885571891950381,0.1833112968497842,dLW,8.3s/21deg
HD137496,2,261.03571821436543,27.42075275501145,0.0,77,730.9000110002235,131.0128127515956,1.503089365564651,2,0.8622399070357203,HD 137496 b(1.621d);HD 137496 c(479.9d),0.3017916448696756,0.0014736610986986,270.7037077778605,0.0014736610986986,0.3535610228590967,0.1803408380172996,0.4332554288543014,155.51064063834534,0.088152211129363,-0.0867984247902005,0.2431808584934004,0.027569384321467,252.03448655180105,0.027569384321467,0.2962729699804195,0.04114164189123,1.0,51.83688021278177,0.7716564572815139,0.1097158317890449,0.1953020810313411,0.2536088402688391,730.9000110002235,0.0810354073184026,0.4512265823644704,0.1108524821284726,0.9999882955708984,1.5861545377609003,0.9983692572447028,-0.1233740283446026,0.0392555090572097,1.0,2.173357154327157,0.518331717314073,0.0672262931923386,0.0247608343930086,1.0,1.3348570149655243,0.9785370324526136,0.0551127899716476,,,,,77.0,131.26514577649604,0.2503635025997657,164.50549401310087,0.0014736610986986,0.4512265823644704,Halpha,
HD190647,1,869.1577671127211,27.60849150198843,0.0,57,6171.020146500319,15.621472260204936,1.157005,1,1.3813999651605111,HD 190647 b(1038d),0.10949329419762,1.0,4.42811434163341,0.3047066463721667,-0.1174753451142991,0.0740996984507426,1.0,6.799272968819216,0.656351718946296,0.136004783434981,0.0718072616487127,1.0,1.009639918604133,0.2158667243566863,-0.0713498383290988,0.0570788662387837,1.0,6.557938519128928,0.6185298768416336,0.0737853551132886,0.0624798514412329,1.0,1.0266895395634914,0.1804848692861815,0.0123979961020851,0.215929545280208,0.9999962593403272,3247.9053402633267,4.6479819992839566e-08,0.039802901413238,0.089718080177328,1.0,1.073295559082427,0.940848695103386,0.0073159773411214,0.0494562727937942,1.0,10.906973374110205,0.1719194078426265,0.1127821573081285,43.0,30.641211424865,0.390739903165047,221.1704692917348,,,,,0.9999962593403272,0.136004783434981,FWHM_DRS,
HD20003,1,1.0888565242752857,3.7875468300633113,0.0,198,5010.2644108003005,5.202752931621745,0.9678035,2,0.0191718342073888,HD 20003 b(11.85d);HD 20003 c(33.82d),0.0230361474478433,1.0,1.1725402318746314,0.936781721938265,0.0852324471885594,0.0304661844233799,1.0,376.711609834609,0.001892026077202,-0.0255053157222093,0.037630108728639,1.0,1.2043325827605162,0.0006735209396837,0.2262285216956467,0.0282040560928224,1.0,2178.3758307827397,6.54815708656109e-07,-0.1434415054649248,0.0444341178140818,1.0,4049.9376679002303,0.0,0.4383580447843866,0.0290291711630989,1.0,3854.049546769462,0.0,0.3029997971660357,0.0194631629060299,1.0,4062.8887785999104,0.0,0.192319723090444,0.0188234480538892,1.0,3340.176273866867,4.721801466378572e-06,0.2225456143548315,183.0,3.969710125180365,0.1002518105919598,134.31904318385233,15.0,2.369340758132059,0.3131051610501404,140.0880581315025,1.0,0.4383580447843866,Halpha,4.9s/6deg
HD32564,1,2.556816020891268,4.080735431864736,0.0,193,2300.8787372000515,4.786879100484712,1.020777,0,0.0274549315984464,,0.0216318912345353,1.0,383.479789533342,1.950311844067798e-05,0.0829581278669771,0.0156107004132865,1.0,359.5123026875081,5.035090122618158e-10,-0.02103687737594,0.0127469712888673,1.0,371.1094737419439,1.112341174724918e-08,0.0758905291724998,0.0343265543695321,1.0,1045.853971454569,7.039343968839873e-07,-0.1844883670171511,0.0154127345199221,1.0,117.99378139487447,0.1837646935262791,0.0813363324070659,0.0120507107003908,1.0,1.2268735934734205,0.5112709793631041,0.0326340219777222,0.0082700568911852,1.0,7.903623295857765,0.4913017776982568,0.0045606959076999,0.0267290185215114,1.0,1.9716184551842777,0.6559820467182974,-0.065929543374361,186.0,4.031702174541333,0.1018726615441773,320.29477903103384,,,,,1.0,0.1844883670171511,Halpha,
HD32564,2,11.061917005769482,3.420516570311211,0.0,193,2300.8787372000515,4.786879100484712,1.020777,0,0.0374987909068741,,0.0176610765745179,1.0,383.479789533342,1.950311844067798e-05,0.0829581278669771,0.0134277533054273,1.0,359.5123026875081,5.035090122618158e-10,-0.02103687737594,0.0146294785353185,1.0,371.1094737419439,1.112341174724918e-08,0.0758905291724998,0.0133293006024366,1.0,1045.853971454569,7.039343968839873e-07,-0.1844883670171511,0.0117239568438873,1.0,117.99378139487447,0.1837646935262791,0.0813363324070659,0.0212709635569233,1.0,1.2268735934734205,0.5112709793631041,0.0326340219777222,0.0153159408283266,1.0,7.903623295857765,0.4913017776982568,0.0045606959076999,0.00852109832988,1.0,1.9716184551842777,0.6559820467182974,-0.065929543374361,186.0,3.3647113055009936,0.1013437364335301,305.706402709898,,,,,1.0,0.1844883670171511,Halpha,
HD32564,3,23.598756278974893,2.942254807380876,0.0,193,2300.8787372000515,4.786879100484712,1.020777,0,0.0415233215979027,,0.0377214220552631,1.0,383.479789533342,1.950311844067798e-05,0.0829581278669771,0.0080375914497124,1.0,359.5123026875081,5.035090122618158e-10,-0.02103687737594,0.0116146335644481,1.0,371.1094737419439,1.112341174724918e-08,0.0758905291724998,0.0052884174483768,1.0,1045.853971454569,7.039343968839873e-07,-0.1844883670171511,0.0367630292521981,1.0,117.99378139487447,0.1837646935262791,0.0813363324070659,0.0165168887685493,1.0,1.2268735934734205,0.5112709793631041,0.0326340219777222,0.0354529459838523,1.0,7.903623295857765,0.4913017776982568,0.0045606959076999,0.0200260389973982,1.0,1.9716184551842777,0.6559820467182974,-0.065929543374361,186.0,2.57397953150817,0.1033385975459085,80.15752496242551,,,,,1.0,0.1844883670171511,Halpha,
HD22049,1,3.76141738026692,6.934794606733827,0.0,94,5899.78316094866,5.352334910031896,0.7449975190447744,2,0.0464881339918869,eps Eridani b(2651d);eps Eri b(2502d),0.0518884252197614,1.0,150.88959485762862,5.523354943193226e-06,0.1152423757929059,0.0153046072390053,1.0,368.73644743333,0.0014473506998076,-0.031542785392154,0.0199733111989414,1.0,177.70431201606263,0.0024685325401723,0.085632502000236,0.0242715475737055,1.0,1.000828370105223,0.7080482376131378,0.1226377982375895,0.0549246246524057,1.0,1035.0496770058385,1.20319612562092e-06,0.2067215596960605,0.080986203574948,1.0,1063.268244769762,5.753424692223064e-08,0.156055025765533,0.0741690208996371,1.0,11.939516835920154,5.3566726054832265e-08,-0.5393972502407091,0.0613053070703888,1.0,1035.0496770058385,2.221390166257109e-06,0.1197006538000365,24.0,8.737483685968044,0.0665381587334171,297.4299828503041,70.0,2.623550321266327,0.1079819804628241,294.2147855288296,1.0,0.5393972502407091,Halpha,48.2s/3deg
HD219828,3,1339.5749197141924,54.72115718214359,0.0,93,3750.809775199741,101.92719206661867,0.959267,2,3.4071907697967045,HD 219828 b(3.835d);HD 219828 c(4791d),0.0753387493024624,1.0,5.294015208468226,0.1779268984696328,0.0503330190601272,0.0692737517775744,1.0,1.0026758381094252,2.689677123246525e-06,-0.0039368514984693,0.059392263777097,1.0,4.218659065571631,0.2296205569285265,0.0153602743846515,0.1539348007496998,0.9091337553087602,33.251859709217534,0.1148125964586885,0.0848793474794566,0.0190425762918696,1.0,378.852834512207,0.0602708672127321,-0.0309311905133782,0.1779769506182502,0.4905580805166303,344.1109885504347,0.0298657580120579,0.3121851728081334,0.0840526355633725,1.0,2.1199626334107395,0.720938096883651,0.0358081284361479,0.0506826951899275,1.0,3.9127996820360296,0.3314214275187911,-0.0883927969740839,91.0,91.22184851915294,0.1455553225001294,263.4012701174192,,,,,0.4905580805166303,0.3121851728081334,FWHM_DRS,
HD9174,1,868.6186873265638,19.777609663169745,0.0,31,4256.231567900162,15.999505357074398,1.100498,1,0.9469428621079992,HD 9174 b(1179d),0.2541180077104143,1.0,133.0072364968801,0.0220633881658061,0.2708254696821509,0.2968400217638358,1.0,1.9435734818485604,0.2168190669077121,-0.0501698968831881,0.0273169163147433,1.0,2.525503808164815,0.2151331440528777,-0.0678801362361803,0.1100348121624786,1.0,1.447648572463577,0.5669161245412273,-0.1989627531832758,0.6003980458148722,0.0277954344920915,1013.3884685476576,0.0277954344920915,-0.0089963811286869,0.882612253229601,2.1142052474276696e-06,1216.0661622571893,2.1142052474276696e-06,0.6446126715776865,0.2291401676280553,1.0,5.861770510811407,0.9830471692350488,-0.2885813326370041,0.115739465020483,1.0,3.7335364630703194,0.5034902540629123,-0.2016106987447129,15.0,21.55983344060411,0.5004182187306061,299.15029527780547,,,,,2.1142052474276696e-06,0.6446126715776865,FWHM_DRS,
HD97507,1,217.09904308002456,4.511757231168569,0.0,134,542.747607700061,3.666620202408359,1.3672675,0,0.1334178057149208,,0.0902391207760433,0.6865452656891821,3.5197639928668067,0.6546203299053197,-0.024458203762896,0.1875589291566029,0.0007414291015157,1.0024891165497996,0.00012613180729,0.3053938779646641,0.0881492599970706,0.787149974585817,1.020394073510174,0.197023169866971,-0.218480294955332,0.056281764420148,0.999996929742082,2.310547499787406,0.0190060368803343,0.0977718647351363,0.4451201676280225,0.0,339.2172548125383,0.0,-0.1605694726746231,0.2333296951353989,1.711263433779031e-05,1.0019339259739,2.0147799999481464e-06,0.2800670592222896,0.1265820687540584,0.0786262672148573,361.83173846670746,0.0786262672148573,-0.1359766300853781,0.0601628813887901,0.9999542332293366,2.2661695519835554,0.3278548861427224,-0.1138166394530946,,,,,134.0,4.511757231168574,0.1857380097349632,308.1268417088294,0.0,0.3053938779646641,dLW,
GJ279,1,573.168906052597,34.63413074008275,2.162714451969805e-13,74,1948.774280578829,31.116049443663893,0.7888337339721155,2,1.805048719748592,HD 60532 b(201.8d);HD 60532 c(607.1d),0.0734907212776909,1.0,1.877974317288116,0.1046067472798513,-0.032535459120741,0.3175993161910386,0.0030216648674468,367.6931979339392,3.644321950346807e-05,-0.1048024035299799,0.1169975822126554,0.999999999988357,1.0079517684130948,0.0609862860367603,0.2313996531719755,0.2372712553754891,0.1382259910684004,1025.670499499936,0.1382259910684004,0.1678802098572232,0.0612112150963311,1.0,39.60922660670483,0.3355556202933532,0.0059603918471713,0.0533077412199232,1.0,14.210943576166436,0.5389434093057812,0.0112389604383407,0.1180393159704839,1.0,3.5948027345523283,0.778614614670174,-0.2229973380382632,0.0275123213308315,1.0,2.179592829716897,0.594493596801656,-0.1232146306433571,74.0,34.63413074006489,0.1340139251945706,239.20153555082263,,,,,0.0030216648674468,0.2313996531719755,NaD1,
HD42581,1,631.6386673377981,1.912511981933389,5.18807219407336e-13,197,4674.126138299704,2.7009024722520856,0.7430010000000001,3,0.0561514743828779,GJ 229 b(526.1d);GJ 229 c(122d);GJ 229 A c(122d),0.3096770589519589,1.556421658222007e-12,697.6307669104038,1.556421658222007e-12,0.2238625500654055,0.1813342160504959,2.3511700451894768e-05,556.4435878928222,2.3511700451894768e-05,0.1889748337697832,0.1747516897176123,4.5890301753837015e-05,338.70479263041346,1.01689636389235e-06,0.154728387926739,0.0424536115284768,1.0,24.168180653049152,0.0238704785491556,-0.101897268757369,0.3305358941957625,0.0,1.0015269205698965,0.0,0.2068891184417472,0.294787273322998,1.2970402529788316e-11,341.17709038683984,1.556421658222007e-12,0.1424189264081324,0.0304822869137903,1.0,424.920558027246,0.024711788451874,0.0117395616097595,,,,,,120.0,1.159223678152261,0.0912129388884716,349.43433777454874,,,,,0.0,0.2238625500654055,dLW,
GJ776,2,33.60781587308191,1.8635683671908416,1.1168843627729077e-12,252,5031.09003620036,3.39674032905337,0.6059074837766967,1,0.0295897203409138,HD 189567 b(14.28d),0.0422952106789669,0.99999999997062,351.8244780559694,2.0672412448519143e-08,0.3321199993879346,0.0069951023737379,1.0,91.47436429455205,4.039787217213764e-05,0.0472299056304886,0.0242670934331383,1.0,73.02017469086157,0.0002052168771236,-0.0215092114585553,0.0364805250719679,1.0,2096.287515083484,7.193351079237687e-06,-0.2553204379281419,0.0690010432931515,0.5463626977062906,2286.8591073638004,3.7410041731078544e-09,0.3017132803156201,0.0144872955436348,1.0,3144.431272625225,4.8768755700479005e-09,0.1678345156113017,0.0328378299469212,1.0,1.000516393325757,0.002349853052303,0.3864156041145175,0.0625135302418266,0.8521462786440747,1.0098534797672345,0.0073319366856211,0.3220583416220362,245.0,1.9050771323327205,0.0494197016621965,290.7874196850289,,,,,0.5463626977062906,0.3864156041145175,dLW,
HD48265,3,395.8951238604522,10.800237122429564,2.2675195054944197e-12,72,5107.047097799834,19.60116512607692,1.137291,1,0.3717612115196869,HD 48265 b(700d),0.5002016827126209,4.146736773957827e-07,367.4134602733693,4.146736773957827e-07,-0.1848522152060996,0.2744112646835763,0.1041263035651662,367.4134602733693,0.1041263035651662,-0.0367230739568357,0.1101765921736692,1.0,4.756493525006831,0.5731476593767253,-0.2353529083335988,0.0941438939860609,1.0,1.1417498541917803,0.3005519820348294,-0.1697762952796834,0.1829309964981646,0.99719084081575,1.0017746366810187,1.8959864123146986e-08,0.0901671931990836,0.1358603939528876,1.0,1.000851921100561,2.2620885552160352e-05,0.0552682280579887,0.1275909121424559,1.0,16.711541550392127,0.0229036180910567,0.2289027377209277,0.0581272204473027,1.0,1.904477587186692,0.0643093053883466,-0.0374051795449121,38.0,22.718709583152908,0.2767539826355249,23.275284202762307,34.0,15.80677761344812,0.4423173408920283,22.72400175876744,4.146736773957827e-07,0.2353529083335988,Halpha,13.2s/1deg
GJ9156,1,979.78524538047,6.850391043964538,3.170230744586888e-11,44,5192.86180051649,3.416747293792903,0.7755996277654404,0,0.3347658093654813,,0.0752827120464108,1.0,10.071497538467122,0.0002433378567868,0.1900018565194728,0.1369166847742752,1.0,1.0790367025108878,0.0023635269930591,0.0963857534473474,0.1438355135616538,1.0,9.205573711812884,0.1921950854602767,0.0216967585376344,0.1136236192090413,1.0,2.333766631087882,0.1609721269891534,0.0527275295608807,0.5218407371940841,0.0029264896995743,798.9021739744074,0.0029264896995743,0.0095767487716601,0.6979926592200814,3.764083423840603e-07,1331.5036232906791,3.764083423840603e-07,0.1564487604802777,0.141609201078761,1.0,2.6872615042608405,0.079969359925318,0.0149342126278129,0.0820020275122154,1.0,1.0106977813569062,0.0218292697129812,-0.0865437096333229,23.0,5.907455685687715,0.5861812125778679,93.23302284391032,,,,,3.764083423840603e-07,0.1900018565194728,FWHM_DRS,
GJ838,1,1390.2322472982669,3.9297397387404778,3.2638891589442665e-11,151,6534.091562301852,4.416485268090337,0.5795403470639954,0,0.2157951479059645,,0.0551612814017101,1.0,365.0332786005728,0.0039091127097842,0.3327198925971403,0.0531311554970291,1.0,1.8444350722492664,0.5641389969078202,-0.2455959067827645,0.0235976162510028,1.0,1.8904885822845967,0.0036263633349564,0.1311581432630071,0.0775654058354738,0.9999999852284692,3.114291829250394,0.2942760788302384,0.0683035669551769,0.0647222112689705,1.0,1.0285379182329448,0.9695469968948824,-0.0709943777437396,0.4634155975675741,0.0,1333.488915704133,0.0,0.157557559696388,0.5185098088035022,0.0,1485.0217470341483,0.0,0.2739926757168938,0.355234803425287,1.537654448213743e-10,1866.8844819857864,1.537654448213743e-10,0.5611098117262612,94.0,4.567739438781347,0.0830824585467339,302.403861090394,57.0,2.6804958581825638,0.2482366134951028,325.7222521217845,0.0,0.5611098117262612,FWHM_DRS,7.2s/23deg
HD5388,2,397.9277010624838,12.300488069015218,6.233369376218434e-11,79,5730.15889529977,25.51697333734631,2.65893,0,0.4451494446399479,,0.0723917715965374,1.0,1.6649694605124843,0.6367838673330575,-0.2521785238135786,0.0234526748243083,1.0,1.1696588886098729,0.5304333452138543,-0.0979913928228452,0.1123940775786277,1.0,15.024013883848369,0.8514911527117688,0.0347595293662318,0.0077013298166986,1.0,2.546737286799896,0.645561574125129,0.1263855266036108,0.2062123783937768,0.7420766170959265,1.0055297202873337,0.0859972761302105,0.1066127696869617,0.0622507645147142,1.0,1.0116270139822692,0.6053098999311681,-0.0266797538075901,0.0475199428187635,1.0,3.618666811051321,0.6444986055372783,-0.2059902091453297,0.0256512961479344,1.0,1.208231538670722,0.6027296789360289,-0.0213240686180607,75.0,21.007653594263303,0.4748260456596355,222.70903324454116,,,,,0.7420766170959265,0.2521785238135786,dLW,
TYC9325-163-1,1,1.1950371308481278,14.84923505255848,7.429279413884159e-11,25,110.77994202962144,12.981494397020702,2.170271,0,0.077531820661906,,0.0946990167108183,1.0,2.6313453966711875,0.5691764725988839,-0.1388597217915248,0.2382445316739594,0.9994274749820784,3.5851016569533005,0.7576306261924965,-0.3999120353711219,0.2108475368570331,0.999979383487115,1.0990043769827085,0.6514147282769707,-0.4722102597080064,0.1544168979183395,0.9999999989606784,1.020070360956326,0.041769760233324,0.4290273251603959,0.2578638023613467,0.9966721154095898,14.57626857892855,0.264317032561966,-0.4115205982114264,0.0481646151353838,1.0,1.3609292530694963,0.1989196838697556,-0.0301781627605976,0.2100224277793763,0.9999349675455746,4.260755430763731,0.7405514895212053,-0.2246419770500056,0.2964258744318688,0.9988784192742776,7.582498020524386,0.0590946363295249,-0.0331012150551479,,,,,25.0,14.849235052558486,0.5756811022449754,308.0547356508232,0.9966721154095898,0.4722102597080064,dLW,
GJ660.1,2,214.0357724210377,61.45100383815755,1.1415079992360687e-10,46,3660.0117083997466,201.14920743765515,2.2236965,0,1.808588940042978,,0.1470806954531267,1.0,2033.339837999859,4.020975514007485e-05,0.0184375196671845,0.1616677369528973,1.0,2033.339837999859,0.0256179093949362,-0.0913273643919294,0.0631496356726001,1.0,19.212659886612837,0.1636109219990247,-0.1492632816813038,0.1019056863781281,1.0,4.666001668026192,0.3511155453552054,0.2164893277643283,0.1538647717140062,1.0,78.20537838460994,0.4601087244972732,-0.1146347013719568,0.3450779234001174,0.9943026384490978,4.576142011913427,0.23385770662793,-0.2863148436528418,0.1356038830256675,1.0,1.5233429240626897,0.1981093857310757,0.3185090781074609,,,,,,42.0,21.76846326933372,0.6850919291789592,290.17936484937724,,,,,0.9943026384490978,0.3185090781074609,FWHM_DRS,
HD107148,1,77.20630651594259,9.870002977178906,1.9200796508300755e-10,41,5257.74947373569,8.14997430510163,0.8033580767459837,2,0.2216829519632498,HD 107148 c(18.33d);HD 107148 b(48.06d),0.0586018156319593,1.0,2.339897371339685,0.1797470802414748,0.0105059767705746,0.0775788822781099,1.0,357.6700267619232,7.123635366590442e-06,-0.0863239294556456,0.0386673255737429,1.0,365.1214856527967,0.0073296708054503,-0.0100178594147908,0.2050814132517451,1.0,1.1084814878985223,0.0759963523669763,-0.1047823137422797,0.2145225590100331,1.0,346.5228966146243,0.0033435982873198,0.0972313374557404,0.086047579696342,1.0,6.760892078648747,0.0607204625982873,-0.0248603458920211,0.1683548404846798,1.0,20.54610939195104,0.8858147539876398,0.2151063845081182,0.0550165448951126,1.0,1.6880435975857293,0.3333076138836344,0.1351035468320694,,,,,32.0,9.791762627738782,0.2126602028288782,264.0766664077839,1.0,0.2151063845081182,Halpha,
HD297396,1,4.268304028211427,5.657809097944308,1.9444224008680067e-10,105,6536.053958400153,6.168159912279056,1.375263,0,0.0451560043281183,,0.0405213311785303,1.0,1037.4688822857393,0.0076830277054331,0.3123330051521769,0.0371186723576916,1.0,2614.4215833600624,0.0011307498031449,0.0862485968789199,0.071436620801695,1.0,7.141667349650522,0.4334798044993004,0.0253290037096078,0.0294599958389796,1.0,1.1584024171703309,0.6933892882386596,-0.0695093828790943,0.0522233730832226,1.0,2614.4215833600624,0.0,0.2232913944512157,0.0411673434078071,1.0,2420.760725333391,1.4510614931850796e-12,0.2125963375466094,0.0365274010193519,1.0,7.972742081483481,0.8217626624324132,-0.0138646331786053,0.0380954068539721,1.0,2841.7625906087637,4.3241632496915367e-10,0.2787695896117242,91.0,5.675998465564513,0.2044882236825108,296.51531476218736,14.0,5.404957548411196,0.6336551538714633,302.6544484601376,1.0,0.3123330051521769,Halpha,0.4s/6deg
HD125881,1,41.21460861023011,5.791743723415907,2.2787616238417728e-10,52,3354.869140872732,5.009692165099102,0.7396397983343447,0,0.0984332514273444,,0.0573860527458727,1.0,1.0232038195529305,0.0099482717916961,0.0657631849773946,0.1227000068965432,1.0,621.2742006574346,0.0003422643550862,-0.0071953658945053,0.126342872517504,1.0,180.3699292231262,0.0108221970838997,-0.032973935520139,0.2018087502006347,0.9999997043517616,185.35252395304684,0.1127235337381395,0.0033836266977218,0.1503595979056663,1.0,906.7245090676072,0.0357778468659867,0.2713013295071988,0.1593242055622556,1.0,1.000083671242517,0.2500798003545555,0.1685366416322078,0.1175300488216932,1.0,335.980966741369,0.8997225058502198,0.2532569266450648,0.093165062575141,1.0,1.994934104507432,0.90279373554567,0.1146474956593692,52.0,5.791743723425944,0.1454682926109095,341.1096902897391,,,,,0.9999997043517616,0.2713013295071988,CRX,
HD110113,1,1.0463993658109847,7.237222176554346,2.4145863086744157e-10,79,248.2059295703657,7.114821792413495,1.471059,2,0.0360786213938916,HD 110113 b(2.541d);HD 110113 c(6.744d),0.0720531453927719,0.9999998030592816,5.096763481512222,0.569839074124052,0.0483093377138062,0.0875389309519827,0.9996947137282098,14.183564659979728,0.0120597039639496,0.0880531006233703,0.0875857332994114,0.9997890444674024,1.122624973087495,0.0054928446632642,-0.0560460718252799,0.3062704934031132,0.000273917940168,20.34527717620043,9.024883528163664e-05,-0.1874003355365188,0.4219601042325162,2.927294669996528e-07,20.5134199627806,1.8251767264221288e-07,0.2418833032497108,0.091599655357868,0.9989193485952768,1.0008563772163117,0.0,0.2563276875043153,0.293970412183756,0.0005294107485802,1.0464265663981671,0.0005294107485802,-0.0021322116532135,0.2007457917999756,0.0670093033833872,1.0486370154188644,0.0670093033833872,0.1515242765087159,,,,,79.0,7.237222176554346,0.2258856871637762,112.79307453675844,2.927294669996528e-07,0.2563276875043153,dLW,
BD-141137,1,1.0634368781785044,4.386021352577767,7.30953297889414e-10,88,343.06473690038547,4.597072617524993,1.4954415,2,0.0197652675994987,TOI-421 b(5.197d);TOI-421 c(16.07d),0.0990380458300312,0.9893453852240032,32.36459782079109,0.0670283563995096,-0.0431633068529607,0.1060347157156956,0.9549826681284476,343.06473690038547,8.021609104880145e-05,-0.1200153516568552,0.0446961833326591,1.0,29.831716252207432,0.2296692294206769,-0.1030510798022947,0.0710923123799015,0.9999998636187654,1.1152949834212793,0.0442570224427615,-0.0512472081511708,0.0803397716944728,0.9985309265513806,1.0335445546339774,0.0249302941628226,0.1059647624223916,0.2014387954447412,0.0266160264044014,1.0001887373189082,2.178265094010534e-05,0.2335919035199549,0.0468457496236845,1.0,1.03959011181935,0.6297550205240345,0.0857898812137471,0.004581480289442,1.0,1.0339503824604748,0.743792786260621,0.0781667706269276,,,,,88.0,4.386021352577773,0.2179642571070947,136.85518502270435,0.0266160264044014,0.2335919035199549,FWHM_DRS,
HD175607,2,1448.9671920740086,3.664721812954897,7.720617478668145e-10,115,3912.2114185998216,2.685774353894064,1.098682,2,0.1623858553412615,HD 175607 b(8.98d);HD 175607 c(1337d),0.1163241190359092,0.983272648712706,7.166534930573042,0.1473423367375178,0.0705419051814695,0.0355971793880949,1.0,365.62723538316106,0.0931593068038408,0.1461948127112281,0.0517464673392207,1.0,1.265637287243966,0.0111703846395657,-0.0575584444778719,0.0893688925176097,0.9999999996339276,1.013710107687877,0.0425784250032792,-0.1162410425913772,0.090136077590422,0.9999999996375236,601.8786797845883,0.0181428814065952,0.232886577225118,0.0790944611014665,1.0,1.0638236352412846,0.2235831754102317,0.0821144610641277,0.0418431866771488,1.0,4.392781741073236,0.0909678623496407,-0.057388582448781,0.0965495031476084,0.9999998119655882,1.152175355205367,0.1227850768981819,0.3024798883985912,115.0,3.6500388878500942,0.2190036499592584,144.1093343963025,,,,,0.983272648712706,0.3024798883985912,Halpha,
GJ616,2,1.1701467836100232,1.2385857914925245,1.877827671137311e-09,191,5588.738053199835,2.907100342714295,0.4638794901982614,0,0.0064217733807545,,0.0188072588459081,1.0,360.5637453677312,0.0,-0.0656621609603966,0.0191677479961885,1.0,182.0435847947828,5.037875872027087e-08,0.035744501906676,0.0087957123228381,1.0,362.90506838959953,1.0608144362933556e-09,-0.1150542005781268,0.0225947625271688,1.0,1.0006334693833403,0.0002340846533097,-0.1242899889912527,0.0165498228073779,1.0,2540.335478727197,0.0,0.23386329371251,0.024094780199,1.0,3287.4929724704907,3.0206535495125315e-08,0.1616637837139738,0.011430607262755,1.0,2328.6408554999307,6.16424962174289e-06,0.1724396403875494,0.0324036199451122,1.0,2328.6408554999307,0.0,0.4392009209129507,117.0,1.401158364970183,0.0210047973177689,184.38647513379436,74.0,0.6045832845192507,0.0887772041070581,161.80849519316126,1.0,0.4392009209129507,Halpha,8.7s/23deg
HD297396,2,200.4924527116613,4.197951946685051,2.860042203067792e-09,105,6536.053958400153,6.168159912279056,1.375263,0,0.1208886627250658,,0.1039036008581412,0.9999999999931362,1037.4688822857393,0.0076830277054331,0.3123330051521769,0.0632925238134145,1.0,2614.4215833600624,0.0011307498031449,0.0862485968789199,0.0491851544492918,1.0,7.141667349650522,0.4334798044993004,0.0253290037096078,0.0272406249530945,1.0,1.1584024171703309,0.6933892882386596,-0.0695093828790943,0.0266641582655861,1.0,2614.4215833600624,0.0,0.2232913944512157,0.0164326304428664,1.0,2420.760725333391,1.4510614931850796e-12,0.2125963375466094,0.053028245411262,1.0,7.972742081483481,0.8217626624324132,-0.0138646331786053,0.0558876841239663,1.0,2841.7625906087637,4.3241632496915367e-10,0.2787695896117242,91.0,4.727003690293024,0.2113968159935368,110.9035873155707,14.0,5.528983403736143,0.6665187001325769,137.96683454938974,0.9999999999931362,0.3123330051521769,Halpha,1.1s/27deg
HD5976,1,3.363660403075988,4.243267475723474,5.448262618834576e-09,74,218.6379261999391,4.489991439948157,1.6335285,0,0.0312814270302252,,0.0574140909706753,0.999999999999824,12.07944343646073,0.2781700010954731,-0.0415489938619482,0.0721597168193561,0.9999999264396908,68.324351937481,0.0906603120368663,-0.0169043588875936,0.0888715394008795,0.9998044384751118,1.2507890514870663,0.2256252643031332,-0.0510690660105281,0.043504802945333,1.0,8.923996987752622,0.4955085485308471,-0.0196604839090799,0.0096171657683564,1.0,1.034238061494509,0.3432514448657352,0.13465789828331,0.0115761071292904,1.0,2.1973660924617007,0.2482925300420219,0.0011893645884332,0.0204697565277104,1.0,1.09100761576816,0.4175420261877061,0.0594316576698806,0.1304399334933953,0.8484443164291108,1.4160487448182593,0.8261809909401915,0.1752844193363191,,,,,74.0,4.243267475723475,0.2557224645028786,162.02130418487252,0.8484443164291108,0.1752844193363191,RHKp,
HIP2247,1,522.6156367815075,145.33782565381398,9.603427941762277e-09,31,6219.126077699941,117.69451007701043,1.342387,1,4.712406060525811,BD-17 63 b(655.6d),0.3868737384680031,0.9999789620102444,1.002971612511481,0.1147707449743165,-0.3402429701037894,0.1386713669942191,1.0,36.90876010504415,0.2482031070264756,0.1241079551675958,0.0872095570738951,1.0,1.5427863555108878,0.2160375787638527,-0.2835919895144287,0.0468167358838386,1.0,5.064502065375222,0.2487228045344869,-0.2478930420965898,0.1429051201792417,1.0,3.405247802933861,0.4809728011337524,-0.1207909262839124,0.2237752767191987,1.0,1.3678998548569554,0.6429648809906319,-0.1656521259472427,0.1552438434028747,1.0,1.1354986448237978,0.7333818833907605,-0.0560857970380236,0.240891306673661,1.0,1.5559874096674775,0.2798221339693912,-0.1907230777854305,29.0,143.22373136487894,0.3981370770186757,153.12508040486284,,,,,0.9999789620102444,0.3402429701037894,Halpha,
HD197481,2,4.820057814788615,96.55556248347952,1.1053223225587772e-08,73,693.1243137666024,132.42803487820925,2.179421692735091,1,0.5055415058586031,AU Mic b(8.463d),0.2676099853406037,0.0148077339092622,4.7964666301036525,0.0148077339092622,-0.1636798844943785,0.2126425966076579,0.2055546229152943,4.799788282894583,0.2055546229152943,-0.2020044049083842,0.181763532344977,0.6028398683892988,1.964539195152998,0.3625457286563647,-0.2414228496510812,0.2003550014760361,0.2659231402413298,5.5625154739163545,0.0931553521188361,-0.6311125645671155,0.4050697246740932,1.1459958212833854e-05,4.874046610759337,9.353528532374256e-06,0.0530263487504374,0.2709709957460648,0.0091192465185191,4.874881585427856,0.0091192465185191,0.0460182011350467,0.0756984642194954,1.0,5.575940692276571,0.2456062037559744,-0.4079491459038359,,,,,,,,,,73.0,98.77891192876058,0.3356189496895839,192.93124723492932,1.1459958212833854e-05,0.6311125645671155,dLW,
GJ108,2,5.648967167354992,9.65639928437576,1.3722242231395398e-08,81,6594.039374453481,35.50528282230655,0.7096397442178957,1,0.0907128862774247,HR 810 b(320.1d),0.0644787362930843,1.0,387.8848007999852,7.364669929454948e-07,0.24916850815395,0.0833674788215418,1.0,3663.356451999861,0.0045522482170657,-0.2072897827094739,0.0271665956721636,1.0,121.66128438375917,0.163168723067885,-0.0179729308776106,0.1138339204023538,1.0,7.048681575200157,0.2553249129058211,-0.2213906030493767,0.0813356996897216,1.0,392.50247699998494,1.4023520222838928e-07,0.0487921719687683,0.0554564122486238,1.0,392.50247699998494,2.389882181041969e-09,0.0091461459439434,0.0406824749374641,1.0,7.048681575200157,0.0049461851678846,-0.3638727327804535,0.0899458805351994,1.0,390.17994748395375,4.766214460882878e-07,0.2415893935977997,55.0,9.702576657431724,0.0396565423686664,333.96105752744666,26.0,10.46751685643078,0.2295769467185452,15.11785568006206,1.0,0.3638727327804535,Halpha,3.3s/41deg
HD27894,1,1.0554762545432472,56.92106175316973,1.7780196981398433e-08,54,5607.745340388268,57.51797231125667,1.08007512591748,3,0.2457336172989997,HD 27894 b(18.02d);HD 27894 c(36.07d);HD 27894 d(5174d),0.2546826031536809,0.9847094082580076,366.5193075446252,0.0022632858461859,-0.3076910130120961,0.1819888530718657,1.0,15.284124844461068,0.2632997595676061,-0.3023961206647516,0.0904573026431515,1.0,38.35667171978636,0.0070861382449159,-0.3215822154953294,0.0827039024971787,1.0,1.16628788432943,0.594425674648184,-0.0187586509775706,0.1205545228294394,1.0,1.0023496595704366,0.0001179452759952,0.0133246202022765,0.3598601662234096,0.1453802503434798,1.0023675762682571,0.0003372243679194,0.2193299701022975,0.3230422751368382,0.4427219224657674,1.0172965324419063,0.0003201947256614,0.0105729724305401,0.0916147532136448,1.0,1.2797227867297487,0.3429979237639106,0.0562741606184872,32.0,67.6850823104761,0.3240830491196121,77.2569030348921,22.0,45.77689700584397,0.3084143193978911,37.89274027537458,0.1453802503434798,0.3215822154953294,FWHM_DRS,49.0s/39deg
HD78286,1,78.69506202790848,16.806561882822646,2.3772591895010464e-08,37,3383.8876672000624,9.305576301594993,1.089167,0,0.3543590051919935,,0.1912191186705403,1.0,388.9526054252947,0.6032254660405072,0.1978986395448266,0.2115262840391499,1.0,1.0390837669217357,0.8857525690961412,0.0961476386972901,0.329462332824021,0.9989970304397195,1.0702301523299609,0.0543140645870965,0.4784096613407239,0.3575875313176831,0.9881004032680388,21.86105970394424,0.004537459712993,-0.35990445221747,0.1030396669865294,1.0,12.92283506381419,0.4478462786378209,0.3375160143959517,0.2967544596525268,1.0,46.697401504144246,0.5830163250688295,0.3931382408896328,0.2864775207252771,1.0,1.0448395663823606,0.2893474269526273,0.1566556948982097,0.1256685012989117,1.0,1.5260610026157049,0.5566866376153798,-0.0299520361527508,34.0,16.807172090880403,0.375352045907716,92.95317010578496,,,,,0.9881004032680388,0.4784096613407239,CRX,
HD20868,2,50.547908722065486,53.216127965878215,3.2602045063612195e-08,50,1764.1220144000836,70.41714535180667,1.3888345000000002,1,0.820331720968631,HD 20868 b(380.9d),0.0313397117046412,1.0,1.3134632188402664,0.3738312254964948,0.1151784335701817,0.0687238881155553,1.0,3.71078032624765,0.9708499683907068,0.0498195916921393,0.0242628303973825,1.0,1.452758415508062,0.9999999993137576,0.0863443300790435,0.041673038477357,1.0,210.87795788321955,0.0466943015933878,0.2103879889598588,0.036636733127924,1.0,1.066121011495141,0.2541658594545352,-0.2310218908839309,0.0353003030754074,1.0,212.42853110294908,0.0481281607366829,-0.2765354052571849,0.0265582109661195,1.0,5252.77822363656,0.0760659348664585,0.2236098366237141,0.1264475860565753,1.0,10.733895682705212,0.2032470105716721,-0.2666413834776724,50.0,52.03660468295392,0.2903247836157539,351.32036712309093,,,,,1.0,0.2765354052571849,Halpha,
GJ3148,2,5.5463469375491785,11.153806082091029,3.3858947645626365e-08,62,1403.2257751999423,13.48047983151764,2.348068,0,0.0971421104845459,,0.0980788364502406,1.0,1.161226229063176,0.9268979924520576,0.0578037390880681,0.0322536606413169,1.0,14.84895000211579,0.7979530790249054,0.0459171325136992,0.0343873761253213,1.0,13.81127731496006,0.9612778501943398,0.0054419788165226,0.050917128282834,1.0,2.497731888928341,0.6771765622858072,0.1456119275761615,0.1221022699198233,0.9999999999999992,1.033836127016829,0.1731217479593529,-0.0664160338452292,0.2076740165520356,0.806337305921809,11.483025983632912,0.0065330953583115,0.0717467077535647,0.0783881567996213,1.0,1.998612413046492,0.1968466328159184,0.0978561443017918,0.1027672408371194,1.0,2.566250503291774,0.8577494012291814,-0.0629636420260973,62.0,7.590301129297415,0.4077723651147435,148.5292531371242,,,,,0.806337305921809,0.1456119275761615,FWHM_DRS,
GJ825,1,38.33434461749364,3.594631323172867,3.591584185613783e-08,83,2234.8922911998816,4.251107447943316,1.147845,0,0.0596347133648966,,0.209373114352106,0.1881349974111469,32.626164835034736,2.91718026568244e-06,0.0178109664667218,0.2111365010225531,0.1737232241754589,366.3757854426032,2.7545043468357733e-08,0.1779575758390632,0.209487704406175,0.2072559580530988,182.5349780082032,0.0002028490955853,0.2461166573567599,0.1227136011495034,0.9999969985780236,139.68076819999246,0.3754941018728784,0.248537435866518,0.3981010819366362,4.36741107867622e-06,1.0219920848728186,4.710939449648066e-08,0.2540873428282486,0.1285226141584234,0.9999974503074248,142.34982746496047,3.538666841451654e-05,0.3267641391702843,0.0972772685248807,1.0,2234.8922911998816,0.0458199309795122,-0.0194283352368712,0.1396296765557265,0.9989305998686644,216.97983409707567,0.00045753017637,0.1879983297799707,,,,,83.0,3.594631323172868,0.137002032520856,229.82203691324167,4.36741107867622e-06,0.3267641391702843,dLW,
HD197481,1,2.427755915119449,122.11040136935696,4.8963972432147784e-08,73,693.1243137666024,132.42803487820925,2.179421692735091,1,0.5086859815862455,AU Mic b(8.463d),0.0653254128096398,1.0,4.7964666301036525,0.0148077339092622,-0.1636798844943785,0.0602846490409571,1.0,4.799788282894583,0.2055546229152943,-0.2020044049083842,0.0744477040930841,1.0,1.964539195152998,0.3625457286563647,-0.2414228496510812,0.1291968436146767,0.9971980782294216,5.5625154739163545,0.0931553521188361,-0.6311125645671155,0.1523054503095246,0.9015185221032967,4.874046610759337,9.353528532374256e-06,0.0530263487504374,0.1818601844397964,0.3377143825702187,4.874881585427856,0.0091192465185191,0.0460182011350467,0.039435147178736,1.0,5.575940692276571,0.2456062037559744,-0.4079491459038359,,,,,,,,,,73.0,122.11040137439495,0.3512912073614316,49.23154586935954,0.3377143825702187,0.6311125645671155,FWHM_DRS,
HD22049,2,12.454682628137355,4.610088738949248,5.9596048207488657e-08,94,5899.78316094866,5.352334910031896,0.7449975190447744,2,0.0460622176059603,eps Eridani b(2651d);eps Eri b(2502d),0.0644359166971252,1.0,150.88959485762862,5.523354943193226e-06,0.1152423757929059,0.0504511697945507,1.0,368.73644743333,0.0014473506998076,-0.031542785392154,0.0366199264666238,1.0,177.70431201606263,0.0024685325401723,0.085632502000236,0.1125810829785823,0.9999999999997644,1.000828370105223,0.7080482376131378,0.1226377982375895,0.2082271867805198,0.165846708353647,1035.0496770058385,1.20319612562092e-06,0.2067215596960605,0.1566804107923243,0.9785825609843436,1063.268244769762,5.753424692223064e-08,0.156055025765533,0.3232024825841137,0.0002996312840807,11.939516835920154,5.3566726054832265e-08,-0.5393972502407091,0.1692109169337309,0.8158581898576189,1035.0496770058385,2.221390166257109e-06,0.1197006538000365,24.0,10.04529155966435,0.0844798669296631,160.81395420868955,70.0,4.750454057361371,0.1237487580752942,186.38348887959947,0.0002996312840807,0.5393972502407091,BIS,35.3s/26deg
GJ219.0,3,12.376288453000068,90.59177836873928,9.054017113818705e-08,178,5982.697838180233,283.54984583078163,8.885237173228088,4,1.5029440227084256,beta Pic b(7665d);beta Pic c(1200d);bet Pic b(7665d);bet Pic c(1200d),0.038532880617686,1.0,1300.586629500106,3.175111009556808e-06,-0.0066631211220513,0.037406092932061,1.0,15.49520459906886,0.0049076974970109,-0.0752247263846834,0.1005562861762561,0.4645153920974544,364.79868876222486,0.0,0.5859298975900554,0.0412100389654611,1.0,364.79868876222486,0.0,0.6281166009710185,0.0348332261970418,1.0,36.68512447000743,0.0006303431844075,0.1163718725548934,0.017681156962023,1.0,1.1387755727783282,0.2823001513253937,0.1602042347246245,0.0183034280088407,1.0,4.584369015207953,0.1576882514156936,-0.1043388743809627,0.0430334676085765,1.0,75.06521833975246,0.0001797390398378,0.2389772251671961,128.0,207.58634406125955,0.7231803309561581,312.85609709724326,50.0,116.82949727256376,0.3887543605730365,9.75061211245538,0.4645153920974544,0.6281166009710185,NaD2,110.5s/57deg
HD43629,1,6.38759704988319,9.50139167655833,9.193341898861008e-08,46,563.3860597996973,8.592671324832326,1.4642594999999998,0,0.0867391495043877,,0.0386163851984837,1.0,11.00363398046284,0.034737783915872,0.0353169171126738,0.1245276062047352,0.9999999999999996,58.08103709275231,0.2411792049221163,-0.220556090827918,0.1684056940863987,0.9999926539232764,12.038163670933706,0.0708483099561098,0.0440956083679695,0.1594332845826243,0.9999996443421716,1.2654673400711982,0.054944786576477,0.0425873004767362,0.1046730125397237,1.0,1.0273268778258524,1.1680565448757284e-05,-0.0651085846513663,0.1530560086091431,0.999999973432436,170.72304842415073,4.149828737753936e-06,-0.0794835854021129,0.1488855860864649,0.999999996137692,33.14035645880573,0.0004615663480131,-0.1895944349902909,0.1835476352363635,0.9996677089684026,201.2093070713205,0.0010304149600942,-0.1954412746702696,,,,,46.0,9.501391676558333,0.3064302306491761,258.2543788153145,0.9996677089684026,0.220556090827918,RHKp,
HD219077,3,592.5883832660372,18.97692031523879,9.60449162423771e-08,29,6636.989892579615,137.30497313237305,0.7304052842860916,1,0.8101866425540916,HD 219077 b(5501d),0.1417138901025013,1.0,2.667964889864052,0.9266765259134032,-0.1890270528693735,0.1769084970224907,1.0,1.2239046039776722,0.0332082775891123,0.1000574398490917,0.1351224255600049,1.0,1.7357506829641762,0.5095652506708306,-0.0982857172279136,0.1779123078364072,1.0,1.4053082676484543,0.8595828307974445,0.3201538605036082,0.1661346617315076,1.0,5.230918889068507,0.2130504590280975,-0.0639785800884217,0.1387317089875488,1.0,5.495561717686611,0.1825499658151089,-0.1337081116565071,0.3086155097526304,1.0,1.1868605665252423,0.8798942685255787,-0.5240608416753094,0.0240790188535384,1.0,1.1682578878122407,0.887404818556325,-0.0249025753238068,22.0,162.82086487603306,0.2840504017643505,134.1569904801209,,,,,1.0,0.5240608416753094,Halpha,
HD36152,1,24.466409636208084,3.174843491971211,9.886670016001633e-08,64,2865.0165683999658,3.191444653480769,0.911658,0,0.0453483165459596,,0.1516449101954547,0.9999999998266847,33.86544407092159,0.0339091071736193,0.0162248021072561,0.2054996909701285,0.9606747113169888,23.33075381433197,0.1636491813132251,-0.0341852118562741,0.1096519363149065,1.0,1.0632042781756657,0.0341266333242897,-0.0731114191465097,0.1709891872323028,0.9999883419561896,1.0331457821210797,2.805819952289568e-05,-0.4911325116417052,0.1244755525855287,1.0,257.233639839052,0.3790097033561574,0.0930172236870533,0.1677517739315352,0.9999970881927392,1.049187596001013,0.0768130949781985,0.1179584139505279,0.1318416285155779,1.0,66.16666439722786,0.0072731752948896,-0.0274101886820284,0.0284400939475648,1.0,1.119584434701042,0.1704377138660954,0.1224687987099854,44.0,3.7627342183545194,0.1812928025400007,192.41584372062164,20.0,1.3094333873481945,0.3412535371054438,186.8771527054577,0.9606747113169888,0.4911325116417052,NaD1,6.3s/6deg
HD102458,1,1.8837014820568008,266.8683256111151,1.2545718797163374e-07,28,3746.870617959183,196.92849670739383,4.1983085,0,1.621622736117592,,0.2643566536192755,1.0,2.4264065470364207,0.0426514542449539,-0.4506879983721854,0.1071950657476397,1.0,263.863168305186,0.000908372521159,0.1245151078907023,0.244043335033533,1.0,2.223522040195621,0.0740338785551519,0.1566847923869991,0.5345605143183537,0.4330876470534049,2.117825565189713,0.0820837981275316,-0.7145123780544227,0.2088970040064507,1.0,2.048134355490129,0.9435730401965252,-0.1794979111921776,0.1759083634587917,1.0,1.0311126066194178,0.0781758352606557,0.2492990190891955,,,3733.930302133318,,,0.1310422699403538,1.0,1.04293742413117,0.0835564140744709,-0.4444194187834158,12.0,202.35503942511068,2.769280589098936,194.8768636403993,16.0,289.8882068665424,1.3033069234411196,190.2823898265468,0.4330876470534049,0.7145123780544227,CRX,28.6s/5deg
GJ691,3,561.2257932904755,8.76344009668183,1.2766446522149977e-07,151,4096.948291020468,27.22721372784724,0.3823435806257373,8,0.3743849950519698,mu Arae b(643.2d);mu Arae c(9.639d);mu Arae d(310.6d);mu Arae e(4206d);HD 160691 b(643.2d);HD 160691 c(4206d);HD 160691 ,0.0951270711387162,0.9377015000912708,405.6384863446257,0.0027416940518214,0.0596851390491712,0.0454609780492846,1.0,362.5618329274973,9.588521096270952e-05,-0.1139757501405611,0.0427474590165603,1.0,1.729181071236534,0.2270693180803504,0.0446312808509606,0.0817335361870572,0.999702140187836,27.51476636723116,0.0001051730856176,-0.1348105215077869,0.2063922039572169,0.0001921056759088,32.59306851297311,1.9954604317362623e-05,0.1582224614549563,0.1236316334644038,0.2744893044079173,352.7198108667588,1.5741092633803078e-06,-0.0067633353545726,0.1103061514260761,0.5856815028037174,29.02308856295372,0.0512321976261991,0.0534721662416841,0.0422352993567115,1.0,30.9671121027436,0.3833195272490168,0.0964124333573771,149.0,21.218715750689142,0.039117387708751,325.4646534084104,,,,,0.0001921056759088,0.1582224614549563,dLW,
GJ729,1,3.313352084251904,15.18065815319108,1.30481967008933e-07,96,4868.639552599751,15.865150171965997,1.9159594103088449,0,0.1113512843609479,,0.0200487456265352,1.0,1.535703104627243,0.9999796354297452,-0.1430065426310937,0.006548442487776,1.0,51.84919651330935,1.0,-0.1700142125865465,0.0058863657394342,1.0,1.1083226080403723,0.9999999999922908,-0.1651588555737829,0.0191392115476238,1.0,51.738996308180106,0.9801654754097484,-0.0149892620330571,0.1057642045316692,0.9999999999999865,2.859196354592288,0.000145039222033,-0.0894755318820166,0.0976352301460411,1.0,1.5324644484103709,6.53559144336846e-06,0.0052385620054229,0.183085443373345,0.3881881365875108,2.866941203980537,0.0001197704365875,-0.727105615724969,0.1498547978183277,0.9999999993747588,20.01495787541085,0.736955334364664,0.1870548298992231,,,,,88.0,14.920236403927634,0.2669346218512163,25.978609039934778,0.3881881365875108,0.727105615724969,BIS,
HD285968,2,106.4504215278346,3.625510912087867,1.5162930877554714e-07,106,5162.845444099978,5.116521079177504,1.1317155,2,0.0525449721261822,Gliese 176 b(8.784d);HD 285968 b(8.784d),0.0974080324927597,0.9999999999999584,39.082857260408616,9.93976667782448e-05,0.1361833106739947,0.0634655061888858,1.0,39.082857260408616,0.0010846167931742,0.0559613573454066,0.0510540937872489,1.0,40.71644672003138,0.0076208067331544,-0.0266650161113911,0.1111145717159908,0.9999986182240572,27.787112185683416,0.0162964532688577,-0.0545875707977823,0.0907333392472914,1.0,1012.3226360980348,0.052299380628756,-0.0460908345870131,0.0409842300439226,1.0,337.440878699345,0.0259502858563799,-0.0607905387474382,0.0305511371429658,1.0,1.5958350161040982,0.2453301333562557,-0.1188942300548237,0.0523029155930204,1.0,1.0174755806431024,0.0057512073495221,0.0368392568067177,71.0,3.693170846346247,0.2088295280430143,124.05616079833132,35.0,4.137548515238793,0.2434520538701964,120.05791793555773,0.9999986182240572,0.1361833106739947,CRX,1.4s/4deg
GJ3822,1,610.3911970343829,6.099448615132662,1.95611327691303e-07,67,1770.1344713997096,7.425682458665298,1.659836,0,0.2545709041430691,,0.1291416510839805,0.999999999880867,18.343362397924466,1.851352369186543e-07,0.0768410254510848,0.0409861251038212,1.0,2.884364463744029,0.7188856148288505,0.0544924009321495,0.1736828307811174,0.9870828834292062,1.0784296767391923,0.5268224431907533,0.1045168836025141,0.0765546440191424,1.0,1.223567063938419,0.5245994710470765,0.1643843399879727,0.3730998475694191,0.0009134897864341,453.8806336922335,0.0009134897864341,0.2738211006854517,0.1854683664633961,0.9370227720696882,2.084964041695772,0.0860401846114869,0.2004737203627143,0.0826215650671613,1.0,2.644754925145242,0.4629952141687807,-0.1051343815140033,0.1198496244710599,1.0,1.5892535602707512,0.0935214118155128,-0.1894556161180967,67.0,6.099448615132666,0.3634825294720517,40.1999761391465,,,,,0.0009134897864341,0.2738211006854517,dLW,
HD114613,1,544.1107538334718,2.329696332941647,2.080184441366484e-07,142,5549.929689101409,4.167826197265052,0.4185183396306262,1,0.1150941986911592,HD 114613 b(3827d),0.0470772066344704,1.0,4.171311296204474,0.588044794403878,-0.0670704597112144,0.0122981004917003,1.0,365.1269526052666,9.856782057227063e-12,-0.0840865323435501,0.0183971198574343,1.0,1.7398444087902607,0.1889180269156221,0.0582864969752427,0.0890669913332086,0.9999867693034727,2055.5295109629837,0.0015548352725581,-0.2695358823804448,0.2155201028090459,0.0004249984956747,491.144219433633,0.0004249984956747,0.2822381571110042,0.0555333671931854,1.0,2312.470699833356,2.697690182351664e-09,0.0598349635902487,0.2770830472149106,1.235272131250298e-06,956.8844275172504,1.4002237924692906e-08,0.3304619431304759,0.2328104761559914,7.244753939805726e-05,956.8844275172504,9.499516728794788e-10,0.2839021954957535,124.0,2.523627667434124,0.055958033973286,211.3715103465447,18.0,2.98728231947609,0.2538935086332348,103.25109423308686,1.235272131250298e-06,0.3304619431304759,BIS,1.8s/108deg
HD27894,2,1274.4875773609708,30.78344615258764,3.428968079477457e-07,54,5607.745340388268,57.51797231125667,1.08007512591748,3,1.4151566976390235,HD 27894 b(18.02d);HD 27894 c(36.07d);HD 27894 d(5174d),0.2336741731002914,0.99974221098466,366.5193075446252,0.0022632858461859,-0.3076910130120961,0.1955597354049356,0.9999999999984408,15.284124844461068,0.2632997595676061,-0.3023961206647516,0.3500006848265281,0.1360534028320974,38.35667171978636,0.0070861382449159,-0.3215822154953294,0.0648353120774824,1.0,1.16628788432943,0.594425674648184,-0.0187586509775706,0.4498010376608364,0.0024598408496687,1.0023496595704366,0.0001179452759952,0.0133246202022765,0.4624996879684329,0.0025825334839424,1.0023675762682571,0.0003372243679194,0.2193299701022975,0.2139128375223626,0.9999999970306368,1.0172965324419063,0.0003201947256614,0.0105729724305401,0.1077189592328311,1.0,1.2797227867297487,0.3429979237639106,0.0562741606184872,32.0,56.26071669016652,0.6534256673443223,319.1442321356848,,,,,0.0024598408496687,0.3215822154953294,dLW,
GJ4303,2,1.0566411278099606,12.340187882408884,4.110074086627337e-07,78,3048.6209819572978,24.62864322080324,2.2037825,0,0.0618414565245142,,0.3408989553483439,0.0005381575561229,17.428491767613384,7.527563029352535e-06,0.1905989234902193,0.2720947808449239,0.0220446149238903,18.457122128062725,0.0009779002693129,0.2172574966113705,0.314075812977961,0.0023997126076699,1.05718176240594,0.0011701843725707,0.2417262260721892,0.035140541754471,1.0,1.5527186913673077,0.7864300721412696,-0.2446416357866603,0.2121818054619516,0.3513373555058884,17.319222226750604,0.0127818386932163,0.0147642454834289,0.1883997839993586,0.8653333356726076,25.49922410923127,0.0003236010786038,-0.0951268262772659,0.0329822283478982,1.0,1.169400336614127,0.2939917122865222,-0.1467788022914147,,,,,,73.0,6.963147632027568,0.3994022557271578,231.77178159244085,,,,,0.0005381575561229,0.2446416357866603,Halpha,
HD43197,1,310.5786427339825,12.384829256645093,4.127288137922848e-07,51,6304.746447499841,13.134505591344146,1.349884,1,0.4015843770798616,HD 43197 b(327.8d),0.0705891781529249,1.0,4.562045186324056,0.5349284139401476,0.2952521868631341,0.1382102398589192,1.0,1.1427024409141706,0.6194057699635069,0.2239577694430606,0.1197549876322822,1.0,1.117407165074499,0.2000846849567303,-0.0121332191198855,0.0819999442220667,1.0,2.949864992045967,0.6793978190454898,-0.0321381308405405,0.1424130293272323,1.0,1.0515817828434777,0.2867631354107716,0.1807599894547578,0.1202939799090379,1.0,5.375824020495506,0.189126713780329,0.2223247852368164,0.0754836645604049,1.0,1.0480558467061118,0.3052559992723745,0.1378521106946544,0.0406892829202025,1.0,1.4189127553368908,0.0515786543355853,-0.2526147601343262,48.0,11.04317231790411,0.264752515093852,289.2044739293075,,,,,1.0,0.2952521868631341,Halpha,
GJ204,1,24.1073204446824,2.111767359158021,4.165276826784137e-07,110,4488.783066799864,2.945163953017736,0.7233235,0,0.0300154243240768,,0.0597434594697609,1.0,28.410019410125717,0.045598043831307,0.0089175584099677,0.034990637906102,1.0,408.0711878908967,9.821034877566248e-07,0.2557028363930766,0.0359348302968164,1.0,4.644369443145228,0.5788718792055637,0.2031389077335921,0.1014882306836343,0.9999999185623024,1.0007096189584144,0.043007184147804,-0.1702120198398764,0.0420629978038024,1.0,2992.5220445332425,0.0,0.4391136716840493,0.0429605860128791,1.0,3206.27361914276,2.9893865161056965e-12,0.3595059654266481,0.1712358053317171,0.5505969887352333,3741.638210363771,1.866219512181022e-05,0.3885836409115544,0.0261600548317633,1.0,3206.27361914276,0.0,0.5109178863532021,95.0,2.02053616136098,0.0729563771008678,180.11633478093776,15.0,4.999826669610218,0.3759535406368258,196.6445805441102,0.5505969887352333,0.5109178863532021,BIS,7.8s/17deg
GJ95,1,21.32378739765965,2.210307007469761,4.317297808142939e-07,39,1093.9102934999391,1.4481269448423133,0.6226881149102609,0,0.0301570935145032,,0.192051849059936,0.9999999999968628,128.69532864705178,4.330923717044133e-05,0.0149562711565383,0.2008973907994038,0.9999999996591684,1.005987027312801,0.2380722740327315,0.0426263353482401,0.1435265091573741,1.0,9.528835309232928,0.3327917522251534,-0.0365680282650519,0.1677235209644447,1.0,16.675461791157627,0.392901273741241,0.2089679864076511,0.2631420573025915,0.994667987229825,210.3673641346039,1.5344123416305425e-07,0.2103169307167272,0.4415825158816132,0.0704141250377928,1.006727676697902,0.0001455273147299,0.2850313219660467,0.1696226016045657,1.0,40.97042297752586,2.819141824839111e-05,0.1481042957022525,0.2563608111944636,0.9992001419969412,1.0094216974254315,0.0007626892739945,0.1780739085332178,,,,,39.0,2.210307007469761,0.1515958359618327,102.79514389404612,0.0704141250377928,0.2850313219660467,FWHM_DRS,
HD222259A,2,2.988157502483892,119.80223476942297,4.520846241806709e-07,62,120.72156310034916,146.32119277586528,3.7117911669572585,1,0.8546646953328981,DS Tuc A b(8.138d),0.3413496013699198,0.0006590919363276,1.4977861426842336,9.060005199201804e-05,-0.0726105015397847,0.3230334006331649,0.0017736924688617,3.010512795519931,0.0017736924688617,-0.0891298702521203,0.4055006982007689,3.3765718670419886e-05,3.0180390775087305,3.3765718670419886e-05,-0.1076263330258793,0.1990187380764839,0.1747623469870884,2.8539376619467904,6.061129317891378e-06,-0.8402353048483598,0.2116209560666191,0.1276372112203762,2.8539376619467904,0.000255816577287,-0.1704925966148207,0.1694453830367068,0.4233479778840078,1.4286575514834228,0.2802074527260368,0.0247799665063241,0.0853738294427258,0.9999134213793798,2.737450410438758,0.7915590955448816,-0.2466335133511018,0.3261173885998294,0.001278680128694,1.4977861426842336,2.6326882252791783e-05,-0.0742741065177675,,,,,62.0,102.44382569080912,0.6194813863398649,97.69111577690134,3.3765718670419886e-05,0.8402353048483598,NaD2,
HD170231,1,68.6996811737238,10.13680036460231,4.599856713305428e-07,25,3084.6156847001985,6.696035439467007,1.489699,0,0.204268422459709,,0.4185735995360525,0.9999695322473696,33.8596672305181,0.0130807969090426,0.1909450983444212,0.2118683209033373,1.0,1.0367062192310947,0.4776679892589313,0.0730132158445989,0.2922009076362184,1.0,1.0113825649038326,0.0292650991486418,-0.1110652911699527,0.3473230496364288,0.9999999999999994,1.005907609554932,0.0901140708512916,-0.1102932771906076,0.3749148397739381,0.9999999999999996,1.0263919358134626,0.0959024272162275,0.3081127137051411,0.5335352588907315,0.9901829070679896,1677.159532333414,0.0,-0.2089441466385765,0.3414096817891959,1.0,20.121433037835608,0.2126607845704299,0.2071080139934104,0.5012372696698293,0.8744873652253062,1.0168839205842286,0.0272704287677294,0.3987483601806604,25.0,10.136800364688986,0.344127180056931,301.70288755754825,,,,,0.8744873652253062,0.3987483601806604,RHKp,
HD50652,1,1298.0835016922529,11.72814224748167,6.438164481537001e-07,29,3375.017104399856,8.474594915878294,1.071762,0,0.6294755544276025,,0.5025192120601172,0.5394680852101466,13.708436654751656,0.0018852247224875,0.1217487087798044,0.0969894728160601,1.0,2.053054993855988,0.2706471864237669,0.0878056864022323,0.1938703207088649,1.0,3.6345219732929768,0.9997056250959032,-0.080947442769947,0.3116587430067478,1.0,1.0075279432801536,0.5511836422320078,-0.1440697182772781,0.4352445949629246,0.9911718814111896,1.0356307663321545,0.0312858545390777,-0.0273610617729737,0.3428209849688509,1.0,17.75383903584058,0.0049194293961617,0.1563288065546933,0.5085307639075569,0.9375472023350916,1.248501137812218,0.119854262194645,0.2195289280353192,0.2981426486883339,1.0,7.406225816106776,0.157331838760006,-0.2597032931142521,26.0,11.94042064773896,0.3239986396023589,11.960152763795277,,,,,0.5394680852101466,0.2597032931142521,Halpha,
HD44219,1,438.118864200014,14.385735274769182,7.477250204557251e-07,64,6352.723530900199,13.77588523093187,1.789911,1,0.5375821205477357,HD 44219 b(472.3d),0.0872276346350679,1.0,1.052611931816709,0.2400684671131163,0.0922924010318027,0.0932054076052182,1.0,4.325111336397197,0.0139158023732978,-0.0649350805871192,0.0853988791957968,1.0,1.483137658090772,0.2105182971052666,0.1437757215460799,0.1042798015331103,1.0,21.755902503082886,0.4760256000836723,0.0635362989409709,0.2109867800856244,0.9996828622275232,1.006402476465886,0.045757780687248,0.0718114387081854,0.0233735831635233,1.0,1.909387614108444,0.3797781975773958,-0.0700737238567071,0.0680175464044303,1.0,1.5136343890636654,0.1915830797695189,-0.3387136403508706,0.0266150667313289,1.0,1.5425246088573052,0.3609729985679459,-0.0435158726638199,57.0,13.910378928473936,0.3337611899996969,63.75853843042403,,,,,0.9996828622275232,0.3387136403508706,dLW,
HD96789,1,860.6181881080907,227.68402400741945,8.779489502064308e-07,28,3184.2872959999368,163.73408978904834,1.418444,0,10.655769870741338,,0.6648911403545541,0.0109675623241094,884.524248888871,0.0109675623241094,0.719064372797169,0.3553897135354786,0.9999999987154178,7.223882250453575,0.3118517817269907,0.460400685256122,0.1607356926129332,1.0,1.2237374797278875,0.5161916136111487,0.3539848748999804,0.7206194511191224,0.0013608938418268,860.6181881080907,0.0013608938418268,0.6727544009299073,0.7859748753500139,6.356160463616423e-05,837.9703410526147,6.356160463616423e-05,0.0420162416644537,0.6681989560845151,0.0685096896967183,857.0773945294103,0.0685096896967183,0.027877714633785,0.3100283950176864,1.0,10.464302648701729,0.1017965594521312,0.4625283927996169,,,,,,,,,,22.0,245.2194589354794,0.5369800148261887,99.07389741820624,6.356160463616423e-05,0.719064372797169,dLW,
HD117207,2,1230.9348602498148,3.2990277975913167,1.0614674975650829e-06,91,3446.617608699482,11.28846773596881,0.882183,1,0.177535637114565,HD 117207 b(2628d),0.1088122895184022,0.9999993688322222,1.0614942026493146,0.1172213406867968,0.0519997948994679,0.0501168797879059,1.0,365.4087643200001,9.107147036502285e-09,-0.0211600708119317,0.0414083458096531,1.0,1.948876440204804,0.3018490203954098,-0.0630388271071423,0.0185856675813014,1.0,382.9133757844312,0.0316147782591705,0.0314543697232875,0.0689279488017848,1.0,347.5355095434783,2.5193524119115907e-06,0.0312954173795644,0.269628086371076,0.0005127733449268,6394.653375599999,0.0,0.0385435934272311,0.049467902488457,1.0,8.305823321989871,0.0371077178263259,0.0260131169873211,0.0626754566156407,1.0,259.9452591707318,0.4791672691081068,-0.0337564747396716,,,,,40.0,15.150857108310955,0.4035095436427862,145.8549555863238,0.0005127733449268,0.0630388271071423,FWHM_DRS,
HD147935,1,8.358216545082723,30.587284141778166,1.3323640237761223e-06,28,407.8809674000368,24.71963546066155,2.0059855,0,0.3054177156713529,,0.2755048214680005,0.999815492303764,1.018175155766443,0.0028276990663063,0.2209667807621942,0.176922697983762,1.0,76.95867309434658,0.5397259605909863,-0.2628091321449305,0.252362407299413,0.9999999971050492,1.5409178972423003,0.9723396015821396,-0.4421400367020756,0.2028091592042232,0.9999999999999712,29.13435481428835,0.0003351470952099,-0.275355473258799,0.2459970287692143,0.9999999919519011,75.53351248148832,0.0902313801548463,-0.4893269178377705,0.4772280902774859,0.2090141431748425,407.8809674000368,0.0020924986049646,0.3361087540385305,0.5978330053259796,0.0072557380067493,1.132059304468601,0.0002877576040847,-0.6660084462502912,0.3431367582262464,0.9612820740745958,38.47933654717329,0.3183033700008919,0.441972182059114,28.0,30.587284141778103,0.4702678983804427,182.3479041954049,,,,,0.0072557380067493,0.6660084462502912,BIS,
GJ479,1,11.296185909675136,4.260585300347201,1.6197257470818016e-06,57,1413.1528573003598,3.983169142521782,1.094495,0,0.0470358116490315,,0.1309418505566394,0.9999999999999992,2.254911213180723,0.9913763972593832,0.0867623197896225,0.1058992087986641,1.0,1.79698989992416,0.9661617078851692,0.0493859309013605,0.1015222938305174,1.0,2.256711685244905,0.8412649295183272,-0.0158628352266629,0.1054401997160566,1.0,3.852652282716356,0.3200664333575679,0.262620808182483,0.1177275709471887,1.0,1087.0406594618153,0.0015625093960048,-0.1653856537380451,0.1623034889031387,0.9999977203849896,1413.1528573003598,6.696253487481485e-06,0.2313539332283129,0.0993652616979672,1.0,1.0680620189708712,0.6215204814676707,-0.1680450314810422,0.0987814942618377,1.0,1.0484201359569376,0.1602394981927407,0.0210377276442759,57.0,4.2605853002941485,0.2019731775192176,152.93269360508523,,,,,0.9999977203849896,0.262620808182483,FWHM_DRS,
TYC8954-1014-1,1,1.1216061992320017,20.948164155954814,1.901902071832496e-06,28,145.80880590016022,20.32701056254829,1.8829825,2,0.1127259853015852,TOI-2000 b(3.098d);TOI-2000 c(9.127d),0.2295405877417108,0.9993909790540916,1.4239141201187522,0.4452068722525811,-0.0368957304026575,0.1163786094617968,1.0,1.3563609851177694,0.2947217029592309,-0.2676555159974491,0.1449624031666973,0.999999999961962,3.3063221292553338,0.1277204312480409,-0.0575061332599392,0.2698525267637719,0.9653694005207328,41.65965882861721,0.0253487986085934,0.0410768548322252,0.1472729939634723,0.9999999999126498,121.50733825013351,0.8593361813587025,-0.0086745010633392,0.0662274162956901,1.0,2.553569280212963,0.7856463991910628,0.3050532749323586,0.1459216387206066,0.9999999999460908,3.5390486868970923,0.0730895043269808,0.2521343668069872,0.2350498770486344,0.9999998426807332,1.8410202765171744,0.0260528703557283,-0.1167653253576253,,,,,28.0,20.948164155954817,0.4704200280880017,295.68879302874143,0.9653694005207328,0.3050532749323586,CRX,
GJ4303,1,1219.4483927829192,40.38107476893576,2.09733767198017e-06,78,3048.6209819572978,24.62864322080324,2.2037825,0,2.122663326091744,,0.0839646400372065,1.0,17.428491767613384,7.527563029352535e-06,0.1905989234902193,0.119374396697307,0.99999999999949,18.457122128062725,0.0009779002693129,0.2172574966113705,0.1898794692137791,0.7086288772368927,1.05718176240594,0.0011701843725707,0.2417262260721892,0.0493543847749882,1.0,1.5527186913673077,0.7864300721412696,-0.2446416357866603,0.1674888316331166,0.9675834859509456,17.319222226750604,0.0127818386932163,0.0147642454834289,0.0480135756140431,1.0,25.49922410923127,0.0003236010786038,-0.0951268262772659,0.0182371502153688,1.0,1.169400336614127,0.2939917122865222,-0.1467788022914147,,,,,,,,,,,,,,0.7086288772368927,0.2446416357866603,NaD2,
BD-194086,3,3.188131525902169,11.413775832329646,2.129204354162084e-06,59,105.84596665995196,18.759610531247603,1.2905438833658869,3,0.0712279055559519,K2-233 c(7.061d);K2-233 d(24.37d);K2-233 b(2.467d),0.0138566011661019,1.0,9.892157364471291,3.1612712447781626e-11,0.2273694325461727,0.0447531018759073,0.9999999999999998,1.0346635757560394,0.0001072624504228,0.0253838467114638,0.0292439246734574,1.0,28.607049675633192,0.0164825413637103,0.0888312711901525,0.2059740483804561,0.1685512491862721,3.178561075070356,0.1685512491862721,-0.1955550262652872,0.1178903367431225,0.9660332993643576,1.1106619496310894,0.1548876758541851,0.1309242549950239,0.1518978491826083,0.6786112924752583,10.08057940950884,1.8466552583751292e-06,0.2149641247192711,0.1258373506505841,0.9277580160949438,1.258574123660438,0.0064203266962961,-0.8522992965609663,0.118970107096284,0.9757143294184776,2.160124159180466,0.4731753743303115,0.0676541963643569,,,,,59.0,13.022545229043896,0.2426989874949452,88.2719859168507,0.1685512491862721,0.8522992965609663,CRX,
HD96116,1,42.88091002400965,6.676639430766965,2.4337699744414465e-06,29,2144.0455012004822,18.81619380039329,0.927212,0,0.1149815136792238,,0.1637888470088357,1.0,443.3608668943554,0.0003757029756187,0.4444325785849215,0.0749333735324211,1.0,1.0222655002597745,0.0484971207378256,-0.0464211174384017,0.163957295214578,1.0,114.259969326676,0.114402629775116,-0.2129145564715892,0.0673417738188002,1.0,1.029823716736979,0.0063672096139228,0.0245966839544879,0.2098584228708882,1.0,1.0174250246286862,0.00169121921162,0.515413830487827,0.3868104779319234,0.7860883976569527,1.0735679126067643,0.0108855123785533,0.5904552201641668,0.0990836924056488,1.0,46.25807722189455,0.0012801204710745,0.2461352959764035,0.3227303870464175,0.9999999880212516,51.018835574553066,0.0535282641369334,0.3434913435422856,25.0,6.655051602302818,0.312411264469554,323.719303780919,,,,,0.7860883976569527,0.5904552201641668,FWHM_DRS,
GJ787,1,39.72923921107619,2.3334305279151564,2.613625099123773e-06,46,4159.651345399674,2.1273257412981272,0.856016,0,0.0391754258230696,,0.0649991525751123,1.0,1.001553343301473,0.3138148257985552,-0.0753380029167797,0.1298043185904522,1.0,2.184690832667897,0.0201314507382061,0.3720549625336947,0.340143001445242,0.5628124238621579,2971.17953242834,6.564997270863682e-05,0.5327620016240898,0.0726301237280377,1.0,1.0380443565082045,0.2770557439648226,-0.2275490521910246,0.2866837407643867,0.9832167058010288,3199.731804153596,1.2319238706925972e-07,0.4437186452469556,0.2062592018022422,1.0,3466.376121166395,4.737978606117466e-07,0.4041799692593021,0.1760512803117392,1.0,1978.444219952272,0.0009435356571267,0.1575342232623297,0.140093957690605,1.0,2.116009434021608,0.272986648670806,0.3167128685152932,33.0,2.5763658761727557,0.2150401920919844,290.5655356670527,13.0,1.850348417517245,0.373429725433555,279.3574561997832,0.5628124238621579,0.5327620016240898,NaD2,1.7s/11deg
HD95456,2,18.14553284966823,2.3565335770507048,3.114704278384117e-06,124,4924.697615399957,4.185579321123364,0.5961228057674594,0,0.0304681188963953,,0.0274791942758015,1.0,359.46697922627425,1.3839844784202526e-05,-0.3335474557016976,0.039932710475859,1.0,73.06673019881242,0.0021795641117086,-0.1130376091700545,0.0279274251393858,1.0,2.452294400657284,0.1573525760616991,-0.1845396087929318,0.0579744826681371,1.0,3517.641153857112,0.0954739031341832,0.0208410708325207,0.0755350247383801,1.0,413.84013574789554,4.4440973123727185e-10,0.2916643978828039,0.0968837068160485,0.9999895541992132,3517.641153857112,0.0011111146917658,-0.0569585625850593,0.0738344120736286,1.0,735.0294948358145,1.2896373334791988e-06,0.2595140441679132,0.0456752438428655,1.0,2735.943119666643,5.972717116442539e-07,0.3587205456887387,101.0,2.1648026870788697,0.0811339878378878,34.642618507708576,23.0,1.423979433968766,0.1966265195515559,29.1396958559141,0.9999895541992132,0.3587205456887387,FWHM_DRS,3.5s/6deg
TYC304-865-1,1,12.395664099991942,15.029737812892892,3.1875418745608286e-06,33,148.7479691999033,11.658679853282806,1.818334,0,0.1711420665496358,,0.2814744582345565,0.7074534629577334,20.95041819716948,0.0132482177970009,0.2938289785333134,0.0523334974051594,1.0,1.182416289347403,0.1696153824098623,-0.0944092691529525,0.0941634490633158,1.0,7.707148663207424,0.0057367457053302,0.0423610924349163,0.1802981214747951,0.9997982031446432,1.0237300013757968,0.5049458046778459,-0.0812883203818641,0.4669535369800519,0.0218442293422168,1.0977709904051902,0.0024573670570899,0.0533848413357975,0.3610912243446557,0.1999948791004973,20.95041819716948,5.20172913620609e-06,0.3538632973539065,0.6650359896380946,1.913592706670464e-05,1.096961424778048,1.7919391243403915e-05,-0.5324392786525126,0.0891081370035739,1.0,2.780335872895389,0.1377689524131926,0.0659338338510048,,,,,33.0,15.029737812892892,0.4790522325592131,202.74541116989997,1.913592706670464e-05,0.5324392786525126,BIS,
HD18599,1,1.299177886820735,22.40306120862225,3.382471243207341e-06,81,1772.9880621442571,30.98223334671428,1.497969,1,0.1087705456247122,HD 18599 b(4.137d),0.0531465779264355,1.0,8.95448533535436,0.0016091355988799,0.0247388715472397,0.015576219881681,1.0,71.49145550000658,0.0067363439321806,-0.0260430780944896,0.0321994868015321,1.0,80.2257057194644,0.0321167859437743,-0.0100139524882168,0.13220662083352,0.9997007863258758,2.162444318087771,0.018608118656327,-0.5808209801069665,0.1985413871423957,0.3259354988364588,2.162444318087771,9.575895492275333e-05,-0.0965860204687183,0.0932345734767961,1.0,354.5976192800327,3.3442137947758965e-12,-0.0621736365006676,0.2204517764406197,0.1285172158064734,681.9184986154476,0.0512685824559039,-0.705364069108997,0.0269661140401445,1.0,1.4220308761631082,0.7530994724103924,0.0311389367113885,,,,,77.0,24.905873841869195,0.2194603731416169,99.58378180396537,0.1285172158064734,0.705364069108997,BIS,
HIP72779,1,17.539855971509,4.908101134599207,3.939840787059445e-06,28,4370.932108100038,4.511592719301746,1.4161770000000002,0,0.0627438183779811,,0.1759226951362862,1.0,4.286908697626562,0.0733380156013355,0.0411369057603853,0.1579894384688248,1.0,4.223530880374957,0.095009072059177,-0.27556814820031,0.0796680951091269,1.0,3.1234329770616283,0.0328251044025573,0.0913671225148377,0.3030187170207438,1.0,2.928597727370213,0.0003043354267725,0.2435549555243451,0.3117000754638319,1.0,15.192673298922635,0.5793666735505798,-0.25712268233656,0.2309970812611245,1.0,1.5385188694473928,0.03789602952691,-0.0533781191288133,0.1165826984619609,1.0,1.1163722085408634,0.241556252482872,0.098221205716664,0.4003856762550735,0.9999999999999984,3.367176726061199,0.0514933576286031,0.0475099718852316,25.0,4.809334608215039,0.4420009826144656,114.61968497645184,,,,,0.9999999999999984,0.27556814820031,RHKp,
GJ715,1,1.0392933036434602,3.2119491975837176,4.375616951546313e-06,64,5896.950204872992,3.1208047885557177,0.7738119524047645,0,0.0160077445320436,,0.0611068592638826,1.0,335.0539916533904,0.0052250019687476,-0.1629434528156834,0.0555043023200647,1.0,370.8773744087844,2.0459895855307053e-07,0.4809973719601665,0.0404502416081784,1.0,12.83061412771904,0.6504404151814587,0.3825932192973791,0.0339478545339696,1.0,3.3583633766727443,0.0608175583887689,-0.0352750666166193,0.1281853204877349,1.0,3276.0834739442616,1.3091749906379846e-12,0.384956688212224,0.1482248227755572,1.0,3276.0834739442616,0.0,0.4314420858043102,0.1407683017866371,1.0,3276.0834739442616,1.083520244637981e-07,0.1534067372423766,0.1550302710023836,1.0,3276.0834739442616,0.0,0.6083722413499582,42.0,2.285816388034492,0.2026599185156007,208.3685939236575,22.0,3.1016993411223384,0.2056421031512147,196.00803308366517,1.0,0.6083722413499582,Halpha,2.8s/12deg
HD71479,1,469.82949819441706,3.32777181025072,5.475763918960652e-06,28,3382.772386999801,2.6485843127275577,0.747438,0,0.127286516015645,,0.3009672262185734,1.0,1.096522653808688,0.143147223132305,-0.2740797134636023,0.1268037205777725,1.0,13.563642289493997,0.0435056373607301,-0.1273085106637827,0.1370276597196925,1.0,14.720506470843352,0.429577228558023,-0.0275550678433293,0.4525491836404174,0.913836671538751,1691.3861934999006,0.0005095329823934,-0.5296476165496399,0.1046953392868478,1.0,1.11176665034338,0.4731753617010614,0.0398190784067664,0.2062847873029137,1.0,1.527417883686189,0.0267115800097548,0.1159448688974445,0.5577243185456404,0.172574853130479,463.3934776712058,0.172574853130479,0.4422102285592508,0.4580425800127587,0.9807832140625684,2.3756108651515406,0.1211834086920369,0.0698925329044963,28.0,3.32777181025072,0.2182915477766978,22.85055956998971,,,,,0.172574853130479,0.5296476165496399,BIS,
HD73583,2,4.004752230666216,8.655019274985149,5.547257877158707e-06,65,295.1502394001,10.48068736081764,1.470846,2,0.0512630743255042,HD 73583 b(6.398d);HD 73583 c(18.88d),0.0583020740516057,1.0,1.099256012663315,0.0514308414727058,0.2029945376136589,0.0306971637113684,1.0,1.0087157874234454,0.0006453774501313,-0.0106690410894647,0.0853526331138432,0.9999999992146668,295.1502394001,2.170960821668011e-06,-0.1105157601107701,0.1391226518350826,0.9533576307251508,2.6494635493725323,0.3531294917276015,-0.0898719153536452,0.2576226926759675,0.0327611804504032,4.004752230666216,0.0327611804504032,-0.0175011565522157,0.2080492913990684,0.2608196427486443,1.084313884644012,0.1157251245551224,-0.0515647746615484,0.2779373519772225,0.0141886154040717,6.023474273471431,0.000256508527448,-0.7511848444028644,0.0367139992276956,1.0,1.9067934747609996,0.7070031609068133,0.0347274562041028,,,,,65.0,7.6161007906830545,0.2535859521599718,149.7460694145971,0.0141886154040717,0.7511848444028644,BIS,
CD-348236,1,16.60689019477116,5.780243921816736,5.797515874261805e-06,26,127.87305449973792,4.500665991571367,1.4584475,0,0.0725589581029195,,0.2355780052429254,0.9988657937645729,45.66894803562069,0.2570184332092639,-0.31729558651695,0.1734551739543362,0.9999999408579444,98.36388807672148,0.0066672647612713,0.053594261782913,0.0901467767970971,1.0,1.982527976740123,0.0369497110207507,0.1826714135953791,0.1131526669497157,1.0,2.8543092522262934,0.4251734196739087,0.1237713150059147,0.2530886594047737,0.9946136718176428,42.62435149991264,0.108227256289887,-0.0183289070649363,0.3861330349524544,0.5310095432961253,42.62435149991264,0.0914824729989352,-0.0958553129543876,0.5113431813930743,0.0469720949863355,39.96032953116811,0.0154298515359586,-0.3531449663430413,0.2996770957801146,0.9740189283507732,10.14865511902682,0.4763075365710708,-0.0221926017777337,,,,,26.0,5.780243921816737,0.3843249475085178,81.80470589192362,0.0469720949863355,0.3531449663430413,BIS,
HD193193,1,1.04423666603051,3.262866428104016,6.658208825616185e-06,54,5635.327591900248,2.596092261600976,0.8838625,0,0.0162872479940728,,0.0635808004335456,1.0,1.1191864458016068,0.2886230329039939,0.182564854258864,0.2074055677883017,0.9999999994520572,356.66630328482603,0.0406485113149038,0.0574480750214113,0.0388957429461422,1.0,3.0721951654038326,0.3396056745129087,0.1083506027935711,0.0481275373121982,1.0,5.463765359608543,0.0027551136926615,-0.0645513548297153,0.0597900405017905,1.0,1.0627279672431498,0.9941967199375062,0.2112631530784267,0.1649927095373124,1.0,2965.9618904738154,0.0008222710465076,0.094505855464697,0.1174837047919196,1.0,40.54192512158453,0.0345699150498156,0.1866790551779574,0.1349857662968584,1.0,8.312918707626864,0.130198396738257,0.2604179184551736,32.0,3.6568559616272514,0.2537044002479615,337.4628878229633,22.0,1.9081356868021448,0.3156713789683126,316.98927913817795,0.9999999994520572,0.2604179184551736,NaD1,4.3s/20deg
GJ3148,1,11.13671250158684,13.484739539159484,8.469307503644607e-06,62,1403.2257751999423,13.48047983151764,2.348068,0,0.1481643315446849,,0.0976608483281885,1.0,1.161226229063176,0.9268979924520576,0.0578037390880681,0.0727665910972288,1.0,14.84895000211579,0.7979530790249054,0.0459171325136992,0.0836309966517613,1.0,13.81127731496006,0.9612778501943398,0.0054419788165226,0.0710996495446356,1.0,2.497731888928341,0.6771765622858072,0.1456119275761615,0.1585015679983735,0.9999660341431368,1.033836127016829,0.1731217479593529,-0.0664160338452292,0.3420961112051772,0.0074456126393813,11.483025983632912,0.0065330953583115,0.0717467077535647,0.0499965758262984,1.0,1.998612413046492,0.1968466328159184,0.0978561443017918,0.0486204295622482,1.0,2.566250503291774,0.8577494012291814,-0.0629636420260973,62.0,13.484739539159484,0.419334100116742,100.65621577953668,,,,,0.0074456126393813,0.1456119275761615,FWHM_DRS,
GJ744,1,956.6161836258508,1.7554750729307655,9.10414883426025e-06,119,5070.065773217008,1.938951274065432,0.6354759397053097,1,0.0851051828534689,HD 177565 b(44.51d),0.1773367764800091,0.0718606969923127,1.001059443076608,0.0688127338876017,-0.1173134629338329,0.046091433379171,1.0,1.0044109832699584,0.0937286442238776,0.1658469201431262,0.085819429245157,1.0,364.75293247122994,1.4318058788598265e-06,-0.2466039189756973,0.1033278122047636,0.9999600111110294,2.630111408077033,0.6363382272395323,-0.2134429714324493,0.5454008991769992,4.650724250154781e-13,257.0355358527564,0.0,0.1532679909931325,0.3144443689285613,2.2874721786747543e-06,1877.802133833369,9.904788100811855e-11,0.0157252501706518,0.2355714852420332,0.0012976992473509,1877.802133833369,8.323398636989053e-10,0.058830843278367,0.2607102037156422,0.0002655101707418,1950.02529282696,0.0,-0.0409259481103498,46.0,0.9248816768272696,0.1789183408633947,334.6037260618413,,,,,4.650724250154781e-13,0.2466039189756973,dLW,
GJ1239,1,19.84407860366841,5.334193221777716,1.1243818453188226e-05,43,4326.009135599714,4.47991989703874,0.9058230000000002,0,0.0710549748824519,,0.1909148817048832,1.0,1.0027837588316446,0.5177135854640594,0.20236026416322,0.1874514804871834,1.0,404.2999192149266,0.0331025262065246,0.3859713669952616,0.0569467775047178,1.0,140.9123496938018,0.2059818797963335,0.26576833529651,0.0676412474360971,1.0,3.4688550522008774,0.1650726317192391,-0.0370817621152044,0.1437852052455335,1.0,2884.0060903998096,1.4300403324840616e-06,0.4084515492704987,0.0923965864806916,1.0,3090.0065254283672,8.496515102596192e-07,0.3355336066788214,0.1269943269719642,1.0,2.8339398202421977,0.1809439131307679,0.0102621453460682,0.0664104773231365,1.0,3090.0065254283672,0.0285219468768919,0.3515807884510576,31.0,5.494419359804137,0.2510923013698107,258.92041529113413,12.0,4.725679423742285,0.4381716174999271,247.486242637953,1.0,0.4084515492704987,Halpha,1.5s/11deg
HD13350,1,1197.3035073635924,21.193806906757057,1.1595448527135233e-05,28,3951.101574299857,14.5446871747881,1.089934,0,1.107284342904573,,0.1752910747264152,1.0,35.49956490835449,0.0188133562949013,0.3108486366809496,0.2411852075211706,1.0,31.659467742787303,0.1508512049250191,-0.5220124691873421,0.2977504906302606,1.0,352.7769262767728,0.0097304970113009,0.4883463574979613,0.0601616569616296,1.0,1.262050523620869,0.9191422043137212,-0.041870478963156,0.5170035755054926,0.5999832864617808,20.262059355383872,0.0103579012110447,-0.1249541372436758,0.3383097439059374,1.0,8.94092805115795,1.0,-0.2335602396396874,0.3716668249022161,1.0,1.0200049407442278,0.18991619358125,0.399702642654177,0.0893077917055605,1.0,1.14734197935356,0.320663044345748,-0.0407346625987213,24.0,20.922496579118384,0.3862643889469825,41.67393344401327,,,,,0.5999832864617808,0.5220124691873421,dLW,
HD208272,2,18.15188115313732,8.683061114957574,1.2210656875510928e-05,29,402.9717615996488,12.548921710787704,0.964717,0,0.1122782164225881,,0.8010113922149932,6.909880525540757e-07,19.00810196224757,6.909880525540757e-07,0.6492785078568237,0.1126308325796408,1.0,1.0926566203895025,0.0684846488468485,0.1714368051341183,0.2173300470547082,0.999999995592712,1.2181734026591549,0.4658078985994534,0.0041401628404897,0.249452264143914,0.9999874163867536,1.0962235081600884,0.9486258680724586,-0.3218573483657574,0.5718484624187153,0.0099294938593532,1.05905850617516,0.0031715441721956,0.5396879530131037,0.7057571487696809,9.18167931990288e-05,18.830456149516284,9.18167931990288e-05,0.6304410932778263,0.5778152408614471,0.0083384901106217,17.909856071095486,0.0083384901106217,-0.507950429035499,0.8072993755827278,1.0536957792961488e-06,17.0750746440529,1.0536957792961488e-06,0.6599644829607549,29.0,11.952514969667732,0.2853311673544315,15.6322524739245,,,,,6.909880525540757e-07,0.6599644829607549,Halpha,
HD44804,3,6.797765032732,8.539061887720067,1.3130273244676973e-05,31,976.1590587003157,14.029762932192888,1.826633,0,0.0795880098469023,,0.1147602163801201,1.0,14.106344778906289,1.815034599117471e-05,-0.0916795088856087,0.0878688050827535,1.0,1.235957278678545,0.7156721964696335,-0.1597161052570488,0.1099641509216544,1.0,1.230969809205946,0.0474376277785165,0.1366528721181039,0.0629250833835858,1.0,33.09013758306153,0.1192597597843707,-0.1543691135952447,0.0583419309975677,1.0,1.1354647652673202,0.7468317339064556,0.1836875194176339,0.1760793973144761,1.0,1.0639335789649211,0.0089018376383516,0.3438189316991298,0.1706756487088581,1.0,1.0729380728735054,0.6302076452315282,-0.7590378554816558,0.0542736587464566,1.0,6.182134633947532,0.9425021728775708,0.0071018454129465,31.0,9.316589949920717,0.4391720823207071,116.7198762378293,,,,,1.0,0.7590378554816558,Halpha,
GJ279,3,649.5914268596099,10.842056638759589,1.318313701703655e-05,74,1948.774280578829,31.116049443663893,0.7888337339721155,2,0.5891359553352203,HD 60532 b(201.8d);HD 60532 c(607.1d),0.0734907212776909,1.0,1.877974317288116,0.1046067472798513,-0.032535459120741,0.2837447309762491,0.0163427357922153,367.6931979339392,3.644321950346807e-05,-0.1048024035299799,0.0889296075860854,1.0,1.0079517684130948,0.0609862860367603,0.2313996531719755,0.2372712553754891,0.1382259910684004,1025.670499499936,0.1382259910684004,0.1678802098572232,0.0440923882313846,1.0,39.60922660670483,0.3355556202933532,0.0059603918471713,0.0533077412199232,1.0,14.210943576166436,0.5389434093057812,0.0112389604383407,0.1180393159704839,1.0,3.5948027345523283,0.778614614670174,-0.2229973380382632,0.0221728584992179,1.0,2.179592829716897,0.594493596801656,-0.1232146306433571,74.0,37.27791605537335,0.1327197685999767,304.3685077058183,,,,,0.0163427357922153,0.2313996531719755,NaD1,
GJ846,2,1.1423780118834923,3.437267142936724,1.3239316704827251e-05,54,2345.6447718003765,4.681067657770805,1.077023,0,0.0176793108766956,,0.2428786231145507,0.8930827323961158,7.93788416852919,0.224785833641158,0.2573020933129713,0.1681302770913028,0.9999999999458656,32.04432748361169,0.0115169590842295,0.281899723334022,0.1578536999402455,0.9999999999999896,29.91893841582111,0.2006279067232136,0.3295420833400833,0.0582484964379135,1.0,120.28947547694231,0.3281708307220494,-0.2792858728416209,0.2646723223530896,0.6593635662837461,11.97368438897588,0.0003183731129343,0.2878019034380659,0.0875345474522448,1.0,1.0628204675126305,0.3814979967667654,0.1459135851939873,0.1093425005590233,1.0,6.927480129357281,0.9433049264437384,-0.2194553288301707,0.0701198441868833,1.0,1.8431909255071317,0.7490387891348894,0.2369954732709976,54.0,3.384921301089721,0.2111883631764897,201.68201460806856,,,,,0.6593635662837461,0.3295420833400833,dLW,
HD12039,1,2.769808954972281,103.70305414737268,1.5070085056301252e-05,41,5370.105601900257,93.707089262371,2.618058,0,0.7165671909156911,,0.1883376580765832,1.0,3.019627531432894,3.072291905970026e-05,-0.0313977296102717,0.2349961021368715,1.0,1.0023341798380354,0.2404711882299999,-0.1344819437986575,0.094433821716357,1.0,394.8607060220778,0.0049366754910555,-0.0658424913658991,0.4098202552152726,0.3331353227721776,3.319387811781591,0.2008082802481785,-0.9069337789255062,0.0606421968098013,1.0,3.017421813732797,0.0508875035415419,-0.1792083553146166,0.059400214901373,1.0,1.0209132149389286,0.0371300689291445,-0.2063855547748702,0.1992863069134575,1.0,1.1358091374577537,0.3032173227047351,-0.2192164617653286,0.0591750686601239,1.0,1.4885779006733566,0.0006504816754921,0.0680484944239541,25.0,98.64084852723389,0.8248378669764154,16.105601737635787,16.0,107.46545976605614,0.5213109681835187,27.49780712211512,0.3331353227721776,0.9069337789255062,CRX,9.0s/11deg
GJ9018,1,1.1096349946677746,4.568939233353951,1.6122938697793465e-05,47,436.9742609001696,4.084494231002325,1.713615,1,0.0152419819907775,GJ 27.1 b(15.82d),0.1138353642541217,0.9999999999999998,32.36846377038293,0.0003568544624725,0.2157477702817564,0.0773565986386584,1.0,1.0245586422043835,0.2361511906870077,0.3531476478824771,0.1807453396055509,0.9998798814469428,31.43699718706256,0.0871754294689981,0.0643637756319518,0.1419256520382558,0.9999999340389988,15.662159888894967,0.0464475293872218,-0.1986084437639353,0.1232285864408193,0.9999999999971508,218.4871304500848,0.000587126906694,0.0999689201933246,0.1125844678935038,0.9999999999999992,31.43699718706256,0.0130886200013822,0.0730899675397894,0.101087641713397,1.0,14.280204604580703,0.378341856031733,0.1013004676815546,0.0997380686124976,1.0,3.647531393156674,0.9840832198957756,0.2395207093513874,47.0,4.568939233126192,0.3768492747976956,326.17424063817134,,,,,0.9998798814469428,0.3531476478824771,NaD2,
HD45346,1,11.929171963102826,3.7422234378849257,1.814095026830831e-05,39,2845.107513200026,3.314930773327452,0.93325,0,0.0420709108781503,,0.1476800275972912,1.0,1.0229048368447633,0.7588807189219147,0.1331559254119098,0.1295176006477614,1.0,1.2232286483511865,0.8981756630001214,0.0376409790578836,0.1080913578393982,1.0,1.0128902820321208,0.1067119416096333,0.1250462394353098,0.0979568998377949,1.0,836.796327411772,7.518887441437805e-06,-0.1030118927074429,0.1276397906769638,1.0,1.0126894717465358,0.0347370402482793,0.0977706030622816,0.0704810205129585,1.0,2.2959227834086704,0.9096762115398568,0.0669287654599229,0.1346716781526057,1.0,35.03826986699538,0.0445839620784556,-0.0548321699339683,0.0213970739899046,1.0,1.806417468698428,0.8769582642889623,-0.1862923415043976,34.0,3.5438731063422555,0.2379795486703017,330.622566394698,,,,,1.0,0.1862923415043976,Halpha,
HD222480,1,12.978210161331807,4.743864502279566,2.131614877032284e-05,33,1094.063116600271,3.4719162598151305,0.708438,0,0.0548511803453104,,0.1757273033664491,1.0,1.1381078920215038,0.2444309604847491,-0.1088932756841926,0.1490576259612415,1.0,4.877677737852303,0.2276038635300279,-0.2992457404874551,0.1926216794941452,1.0,1.8430982422511315,0.0213549548256738,0.0094278430717741,0.0843427147846996,1.0,1.008260175652264,0.1078867857200343,-0.1964310796316566,0.4924242372129034,0.0569793384890059,1.0346728925669295,1.651747967346129e-05,0.6090424836644637,0.291690504311078,0.9998461960210816,1.0451500922814976,0.0434170130707285,0.4901098018335012,0.1108740753727042,1.0,1.9234583625180584,0.9375863878352628,0.0499687498615254,0.1331456424157558,1.0,1.9288841971090824,0.7259410241616313,0.173777770972425,,,,,33.0,4.743864502279565,0.187689912701973,336.26326253566265,0.0569793384890059,0.6090424836644637,dLW,
HD2071,2,24.20062950213478,2.247250384625373,2.174636758267568e-05,86,5103.9127620002255,3.1137718636854195,0.7989185,0,0.0319822577198101,,0.0541574093420952,1.0,1.0027333520629127,0.0052608920078747,0.3249708221519682,0.0541784155589408,1.0,1.0028909773638737,0.0277030900778005,0.0451468796509669,0.0287904217783937,1.0,1.476869342862995,0.2588019257443181,0.1657639722843563,0.1985672300570659,0.4791651599531983,1.0400441704365295,0.3294809931847205,-0.1569789987380245,0.089061360009732,1.0,1308.6955800000578,2.6627144933399904e-11,0.3161699840225669,0.0725685708427715,1.0,2430.4346485715364,2.828814362754173e-07,0.4016996011857334,0.0958380933407642,1.0,1.0545056428586654,0.1644682577881325,0.1239073783321995,0.0542799582847292,1.0,1308.6955800000578,0.00092588092689,0.5374453922669447,65.0,1.8553167411654288,0.1476205639928151,207.18693803206384,21.0,2.5298357902943684,0.324555914143491,184.88931252668328,0.4791651599531983,0.5374453922669447,CRX,1.9s/22deg
GJ177,1,34.432973023969694,18.61904677754208,2.336259183710609e-05,42,1962.679462366272,13.795943523964638,0.4472812516156118,0,0.2980330207533077,,0.3718941790355766,0.3022976134146969,69.84624192378813,8.382651513239026e-05,0.6757536394199178,0.1155422543369565,1.0,1.0796410132892056,0.0568267048144056,0.0034253227076789,0.465730967857109,0.0178756405520298,72.15733081097231,0.0004932110548038,-0.3824911356387693,0.3648011714077997,0.3579484772521877,31.65611932352333,1.14111054764221e-05,-0.0169640580813812,0.364592960856182,0.3596764375259293,545.188721682902,4.714011878959035e-06,0.4364216986645457,0.4878049691477722,0.00822947963902,70.09569278780167,5.509868777897609e-07,0.6675751243393,0.2827297356748974,0.9849983700206956,1.1806300517675932,0.036087444448702,-0.1336803733781782,0.4631972219424607,0.0194947455436074,545.188721682902,2.204067865663184e-06,0.7221811282491878,35.0,18.884562619767426,0.1156039590128187,323.70365443715605,,,,,0.00822947963902,0.7221811282491878,FWHM_DRS,
HD221503,1,11.772926788064623,16.123874172550646,2.840072496335111e-05,49,5366.100029999856,15.637536179685473,1.777434,0,0.1804733094380982,,0.3535562972742251,0.3052059510725287,1.089674084678618,0.2470052382323706,0.0619944426156956,0.1059891179666102,1.0,1.064111214008062,0.3628517601412669,-0.0430919747281347,0.1627444011662848,1.0,4.445079547713598,0.0817065125417706,0.0293455951036611,0.1555851493857404,1.0,3.512075417239253,0.5658099721772849,0.0636969602782547,0.3669667425365373,0.225838752028474,1.0698151603586965,0.1887397928216805,0.147352818703349,0.1112390103446599,1.0,5.5909661692228125,0.9650627658780372,0.2098429200870138,0.2068137574388146,0.9999999999999948,7.688923957586839,0.2581385778022149,-0.3760630018338321,0.1466613405229853,1.0,30.51304855448707,0.2748229132546091,0.0366464133920682,47.0,16.164982734500473,0.3421965076362127,128.45075505904884,,,,,0.225838752028474,0.3760630018338321,dLW,
GJ740,1,1.05710658470415,4.7109853767327055,2.878156840879776e-05,59,3570.1660685213283,4.554946780081437,1.00937,1,0.0236120367069135,GJ 740 b(2.378d),0.099113938682104,1.0,1.000887566344133,2.3065694909618632e-09,-0.0470856332960154,0.0991385144153026,1.0,41.13094411462584,9.317684286247465e-06,0.200632920441605,0.0280215583452034,1.0,1.0010278842421203,0.0027626871393708,0.0982025237707255,0.0274507801820123,1.0,1.2624795605040924,0.0389270368127427,-0.2317963862324248,0.0782365409050698,1.0,41.17838464993682,1.193888537809329e-06,0.2304708259291671,0.0205497872455943,1.0,34.92325688894096,0.0593631273314062,0.0669368169975951,0.0726543706554571,1.0,4.074763246879893,0.33188570867564,-0.2574598268430917,0.0570987577363306,1.0,1.7998416763205902,0.9974208434511292,0.1981380408635578,57.0,4.704435036637452,0.1838629719292034,353.7720240301397,,,,,1.0,0.2574598268430917,Halpha,
TYC6570-1482-1,1,248.8840578240344,34.07768220648034,2.9573736495147607e-05,31,647.098550342489,29.97606324046197,3.465381,0,1.0546730348065243,,0.3128146205946598,0.9833209527167948,647.0968640996143,0.9543920366851468,-0.0432436156919961,0.1527509792982601,1.0,1.4920379619543798,0.2365857130554902,-0.1830114832944625,0.2622459367508687,0.9999781438856566,1.1646811808848354,0.3852053940046721,-0.4274176272341892,0.1337417241650977,1.0,2.368582957904885,0.8839830080158818,0.1143904772557414,0.197658021789482,0.999999999999998,1.1118502819581009,0.7400533191446437,0.3266359763440883,0.3512076144656212,0.9032442402195372,15.630359036222572,0.0924810901138305,-0.4563077801649859,0.1151249159124972,1.0,3.849475693632448,0.2800751294608883,0.0430915510299419,0.2621234321868298,1.0,1.5546459523557574,0.0092751004133766,0.4901606819944132,,,,,31.0,34.07768220649095,1.163109312525061,253.80960105420456,0.9032442402195372,0.4901606819944132,FWHM_DRS,
HD78429,1,31.145250269861894,3.0065888853198537,3.168602205849691e-05,139,4939.636692800093,4.322513019856904,0.7687980000000001,0,0.0465428982474199,,0.0326078486697082,1.0,5.80041885016451,0.1324913564546397,0.0239056706456642,0.0177748582394851,1.0,182.27441670849063,2.5265421976783387e-09,0.0045128693753005,0.0284489299142496,1.0,368.6296039403056,3.0464059082024875e-05,0.0021490697091455,0.0241344287633985,1.0,2.47328093971565,0.0974396544485205,-0.1722047493971951,0.1143638042116051,0.7641821461904659,1.022720282573158,4.310533334717093e-07,0.2480286151932645,0.1389584402897056,0.1965912035574264,252.02228024490287,5.281486097352683e-07,0.2402668242356818,0.1231010989799238,0.5245317358991172,1.0240348058129851,8.242388632218045e-05,0.1851365892661979,0.1236933716875634,0.579451804454718,40.45566496969776,0.0025805772871602,0.516556979383181,76.0,2.817080445281926,0.1273892203924455,149.11332086235956,63.0,3.053683731616594,0.1301484277935414,139.7529955224844,0.1965912035574264,0.516556979383181,FWHM_DRS,1.3s/9deg
HIP111978,1,23.738251787046448,2.9759931344369086,3.5239057781688565e-05,38,4837.8557142000645,2.381581589835909,0.7221884999999999,0,0.0420820546951338,,0.1850729892820909,1.0,7.093630079472236,0.2065619986663748,-0.190966042732,0.0798786623951402,1.0,1.00289303555216,0.1037850654839224,-0.3576608044615024,0.1439352571105495,1.0,5.448649300822239,0.053267296649525,0.1773685731182922,0.1492400441674764,1.0,10.698486762936898,0.1679186635191106,0.0067427098777036,0.3351617123750884,0.9968156491708056,1.046928308634509,0.0001359030843444,0.1234556922483651,0.0981867632488866,1.0,1.0231052984392983,0.9792623780536036,0.0896460900339628,0.1681353222487253,1.0,1.7387972951155757,0.0943616358439712,0.0564898711232156,0.2683292898330813,0.9999999999993026,1.0138854292480648,0.1402294996192012,0.2432993027439094,21.0,3.0515002448857675,0.2719697069067911,75.1689673412411,17.0,4.235721480084406,0.3101712574344197,57.742774450000574,0.9968156491708056,0.3576608044615024,dLW,2.9s/17deg
GJ3446,1,1.2365324027328433,14.19981562178396,3.883849937291739e-05,94,2767.235864075832,17.96432832362453,1.149922,0,0.0749894163171882,,0.1107048889299955,0.9999996888872996,601.5730121304565,0.0001817745018924,0.3154413348937407,0.0471974212059877,1.0,17.67072704853193,0.0497204037151567,-0.089948650221968,0.0262773773162771,1.0,20.900572929003783,0.1434579960644906,-0.0104317763093992,0.1071447278307127,0.9999999833017048,1.169188717170906,0.4193684925642287,-0.6260091468213812,0.0827293632188664,1.0,1844.8239038667332,0.0155935253576932,-0.086332624942821,0.0637437530154597,1.0,1729.5224098750623,0.0868903287562367,0.21605030353511,0.1917874415302529,0.1912143934248668,1.2072401430067623,0.0075021109584249,-0.8430634059828048,0.0759695637504046,1.0,601.5730121304565,0.0095069788320267,0.2353741493983137,,,,,86.0,14.263136019007856,0.1488197260082559,144.6778934713844,0.1912143934248668,0.8430634059828048,BIS,
HD43629,2,1.0637954301353805,5.483428037726553,4.4105682757256126e-05,46,563.3860597996973,8.592671324832326,1.4642594999999998,0,0.0275414598140016,,0.1336592806842713,0.9999999999995056,11.00363398046284,0.034737783915872,0.0353169171126738,0.1285056109075008,0.9999999999999896,58.08103709275231,0.2411792049221163,-0.220556090827918,0.1053865351085569,1.0,12.038163670933706,0.0708483099561098,0.0440956083679695,0.0273425303621609,1.0,1.2654673400711982,0.054944786576477,0.0425873004767362,0.2774839703804241,0.4571616682378174,1.0273268778258524,1.1680565448757284e-05,-0.0651085846513663,0.3035208142294977,0.246166987878136,170.72304842415073,4.149828737753936e-06,-0.0794835854021129,0.3324677741909794,0.1093992148412508,33.14035645880573,0.0004615663480131,-0.1895944349902909,0.0719097131291829,1.0,201.2093070713205,0.0010304149600942,-0.1954412746702696,,,,,46.0,5.853119138508758,0.3469791916730849,332.8851096270878,0.1093992148412508,0.220556090827918,BIS,
HD6790,1,12.9023637360092,5.979188055454879,4.513086677182532e-05,29,3343.002443999984,4.902480447537292,1.434461,0,0.0689997325678537,,0.1226518065179863,1.0,1.0031515210802653,0.0856348850286824,0.1883584956891453,0.1199968912800973,1.0,8.094436910411584,0.143826845637796,-0.0075855458887652,0.1018000185069343,1.0,24.085032017290956,0.3055214090646292,-0.2085230296189835,0.1642036856477814,1.0,5.272874517350132,0.0022107993004777,0.005006707521186,0.3973823679789868,0.9995351231433024,1.066144420206654,0.1156221656600657,0.5695850072110127,0.1240066057765316,1.0,2.7559789315745955,0.9999999999999998,0.3115546867658868,0.1387492555369759,1.0,1.7671948215890383,0.9999999999998632,0.3043471924299848,0.1053169464381022,1.0,1.836108334157184,0.8381776927982828,-0.0861964124801426,,,,,19.0,6.0399402168174205,0.4405044412019484,191.9206157857425,0.9995351231433024,0.5695850072110127,dLW,
GJ358,1,25.99278363579674,8.843488081448312,4.751882910947192e-05,38,3340.072697199881,7.245322471219319,1.165436,0,0.1288912076815982,,0.1452761933385738,1.0,1.426649879207193,0.3077212672947625,-0.2039746713641534,0.1442007228114624,1.0,17.947730774851593,0.1659892851031448,-0.2269939736159351,0.1137480323182265,1.0,17.947730774851593,0.1075495583782029,-0.2258629759563742,0.1866821898831819,1.0,18.7855607266585,0.7136748088300757,0.3568884698341916,0.3459231656087452,0.913851810244416,695.8484785833085,0.0103320038122466,-0.3279079498168173,0.4296875440320499,0.4418811218532532,25.199350911763386,0.0001684860338444,-0.1096366123235717,0.2253342169213034,1.0,1.0422271174461863,0.0253857092556734,-0.3260633566694757,0.1961333235125852,1.0,1.4079335640580275,0.0017754395130229,-0.0179383740186835,38.0,8.84348808144831,0.2809827116219438,228.4634802766412,,,,,0.4418811218532532,0.3568884698341916,FWHM_DRS,
HD16905,3,1431.961911869559,16.33879312155066,7.134644583728367e-05,57,6587.024794599973,63.765408439494806,1.480828,2,0.8694897485548324,HD 16905 b(6707d);HD 1690 b(533d),0.1725696601411561,1.0,1.5682272205794752,0.8366568290714123,-0.3407019586435663,0.1322353064506816,1.0,1.3571420789929065,0.6166605350217688,0.0180608416983523,0.2078468029308704,0.9999997996095222,1.0622006344798622,0.807520459256798,-0.2514370189173741,0.0881261822325304,1.0,1.0353701343288226,0.4199335895276136,-0.0810607387839204,0.0604842031611035,1.0,267.7652355528444,0.8803744146077305,0.0929124420808956,0.2074597516700031,0.9999999760826724,1.636568559367927,0.5467623407657257,0.3491500296939948,0.0885988729964049,1.0,3.504295789008869,0.1066817810381336,0.0961789384200476,0.1302597297198213,1.0,1.658782370838572,0.3355600703510246,0.2369221823014564,35.0,19.418836378677614,0.3382118568669601,110.2111936705943,22.0,1.471545112284837,0.5688537008782404,252.7730563609186,0.9999997996095222,0.3491500296939948,NaD2,27.1s/143deg
HD94151,1,902.5577536935832,2.559695999270469,7.641373178979283e-05,54,5595.858072900213,4.107449310929574,0.8074085000000001,0,0.1217107179750073,,0.4350442791189215,0.0046894026714804,810.993923608727,0.0046894026714804,0.1015869736463064,0.0959086354624238,1.0,28.276190363315905,0.1115763884762877,0.3461392308019306,0.2287663209357818,0.9999351266057748,1.005003245851332,0.0429868878233727,-0.1478007287164749,0.29737107900521,0.6258612042346605,499.6301850803765,0.0228951999357441,-0.2734240658404402,0.2345268256370414,0.9996724286974108,3108.81004050012,7.205314123126527e-11,0.1755797760000925,0.2423466863219525,0.9980464990669854,3730.5720486001433,0.0002676808125571,0.1645219271390535,0.1526772219114353,1.0,15.758541461279124,0.01530979079234,0.1053046559979202,0.0780016258243223,1.0,2.760932540408633,0.7608368119726789,0.3181230359254886,26.0,2.769923340893919,0.2766392782749888,137.41634662846246,,,,,0.0046894026714804,0.3461392308019306,Halpha,
HD222259A,3,3.2715870758902232,74.52622427074806,9.998209519235246e-05,62,120.72156310034916,146.32119277586528,3.7117911669572585,1,0.5479719109234584,DS Tuc A b(8.138d),0.1313383778532467,0.8692482368108907,1.4977861426842336,9.060005199201804e-05,-0.0726105015397847,0.1404958506423642,0.8003011386551516,3.010512795519931,0.0017736924688617,-0.0891298702521203,0.1318317340312112,0.8647907601038284,3.0180390775087305,3.3765718670419886e-05,-0.1076263330258793,0.2731214699727436,0.0114291697933907,2.8539376619467904,6.061129317891378e-06,-0.8402353048483598,0.0751887485420398,0.9999988200871388,2.8539376619467904,0.000255816577287,-0.1704925966148207,0.179969940710233,0.3161764243547099,1.4286575514834228,0.2802074527260368,0.0247799665063241,0.0916574057842818,0.9995016735376716,2.737450410438758,0.7915590955448816,-0.2466335133511018,0.1025136850435788,0.9950829883407516,1.4977861426842336,2.6326882252791783e-05,-0.0742741065177675,,,,,62.0,94.49293870651049,0.5878084281404988,20.906541064301194,0.0114291697933907,0.8402353048483598,CRX,
